,mol_name,SMILES,PLANET_affinity
0,NS(=O)(=O)c2cc1C(=O)CCSc1s2,NS(=O)(=O)c1cc2c(s1)SCCC2=O,4.855359
1,NS(=O)(=O)c3ccc(CC/N=C/c1ccccc1OC(=O)NS(=O)(=O)c2ccccc2)cc3,NS(=O)(=O)c1ccc(CC/N=C/c2ccccc2OC(=O)NS(=O)(=O)c2ccccc2)cc1,7.8132544
2,C[C@H](CCC(=O)NCc1ccc(S(N)(=O)=O)cc1)[C@H]3CC[C@H]2C5[C@H](CC(=O)[C@@]23C)[C@@]4(C)CCC(=O)C[C@H]4CC5=O,C[C@H](CCC(=O)NCc1ccc(S(N)(=O)=O)cc1)[C@H]1CC[C@H]2C3C(=O)C[C@@H]4CC(=O)CC[C@]4(C)[C@H]3CC(=O)[C@]12C,8.861016
3,CO[C@H]3O[C@H](Cn2cc(CNC(=O)c1ccc(S(N)(=O)=O)cc1)nn2)[C@@H](OC(C)=O)[C@H](OC(C)=O)[C@H]3OC(C)=O,CO[C@H]1O[C@H](Cn2cc(CNC(=O)c3ccc(S(N)(=O)=O)cc3)nn2)[C@@H](OC(C)=O)[C@H](OC(C)=O)[C@H]1OC(C)=O,5.3594294
4,NS(=O)(=O)NC2C1CC3CC(C1)CC2C3,NS(=O)(=O)NC1C2CC3CC(C2)CC1C3,5.704989
5,NS(=O)(=O)c2ccc(C(=O)NCC(=O)NCC(=O)NCC(=O)NC(Cc1ccc(Cl)cc1)C(O)=O)cc2,NS(=O)(=O)c1ccc(C(=O)NCC(=O)NCC(=O)NCC(=O)NC(Cc2ccc(Cl)cc2)C(=O)O)cc1,7.663772
6,C[C@H](CCC(=O)OCc1ccc(S(N)(=O)=O)cc1)[C@H]3CC[C@H]2C5[C@H](CC(=O)[C@@]23C)[C@@]4(C)CCC(=O)C[C@H]4CC5=O,C[C@H](CCC(=O)OCc1ccc(S(N)(=O)=O)cc1)[C@H]1CC[C@H]2C3C(=O)C[C@@H]4CC(=O)CC[C@]4(C)[C@H]3CC(=O)[C@]12C,8.735144
7,NS(=O)(=O)c3nnc(n2c(=O)c1cccnc1c2=O)s3,NS(=O)(=O)c1nnc(N2C(=O)c3cccnc3C2=O)s1,7.3286495
8,NS(=O)(=O)c2ccc(NNS(=O)(=O)c1c(F)c(F)c(F)c(F)c1F)cc2,NS(=O)(=O)c1ccc(NNS(=O)(=O)c2c(F)c(F)c(F)c(F)c2F)cc1,8.2877655
9,NS(=O)(=O)OCCOc2ccc(n1ccnc1)cc2,NS(=O)(=O)OCCOc1ccc(-n2ccnc2)cc1,6.56637
10,CC3CCN(N(CCCC(=O)Nc1ccc(S(N)(=O)=O)cc1)N2CCC(C)CC2)CC3,CC1CCN(N(CCCC(=O)Nc2ccc(S(N)(=O)=O)cc2)N2CCC(C)CC2)CC1,7.9401073
11,C[C@@]34CCC1C(CCc2cc(OS(N)(=O)=O)ccc12)C3CCC4=O,C[C@@]12CCC3c4ccc(OS(N)(=O)=O)cc4CCC3C1CCC2=O,6.8067293
12,NS(=O)(=O)c2nnc(NC(=O)CCNC(=O)c1c(F)c(F)c(F)c(F)c1F)s2,NS(=O)(=O)c1nnc(NC(=O)CCNC(=O)c2c(F)c(F)c(F)c(F)c2F)s1,7.3129964
13,NS(=O)(=O)c3ccc(NNCc1cc(=O)oc2cc(Cl)ccc12)cc3,NS(=O)(=O)c1ccc(NNCc2cc(=O)oc3cc(Cl)ccc23)cc1,8.04837
14,NS(=O)(=O)c2ccc(CCNC(=O)CCCNc1ccn(O)c(=O)n1)cc2,NS(=O)(=O)c1ccc(CCNC(=O)CCCNc2ccn(O)c(=O)n2)cc1,6.9668612
15,NS(=O)(=O)c3nnc(NS(=O)(=O)c2ccc(NC(/S)=N/c1ccccc1F)cc2)s3,NS(=O)(=O)c1nnc(NS(=O)(=O)c2ccc(N/C(S)=N/c3ccccc3F)cc2)s1,5.7940097
16,CCOC(=O)c3c(C(=O)Nc1nnc(S(N)(=O)=O)s1)nn(c2cccc(N)c2)c3c4ccccc4,CCOC(=O)c1c(C(=O)Nc2nnc(S(N)(=O)=O)s2)nn(-c2cccc(N)c2)c1-c1ccccc1,6.580839
17,CC4(C)O[C@H]3[C@@H]2OC1(CCCC1)O[C@@H]2CO[C@@]3(COS(N)(=O)=O)O4,CC1(C)O[C@H]2[C@@H]3OC4(CCCC4)O[C@@H]3CO[C@@]2(COS(N)(=O)=O)O1,6.4142833
18,NS(=O)(=O)c2ccc(NC(=O)c1c(F)c(F)cc(F)c1F)c(F)c2,NS(=O)(=O)c1ccc(NC(=O)c2c(F)c(F)cc(F)c2F)c(F)c1,7.6549406
19,NS(=O)(=O)c5ccc(CC[n+]3c(c1ccccc1)cc(c2ccccc2)cc3c4ccccc4)cc5,NS(=O)(=O)c1ccc(CC[n+]2c(-c3ccccc3)cc(-c3ccccc3)cc2-c2ccccc2)cc1,3.1171641
20,NS(=O)(=O)c3ccc(NS(=O)(=O)c2ccc(NS(=O)(=O)c1c(F)c(F)c(F)c(F)c1F)cc2)cc3,NS(=O)(=O)c1ccc(NS(=O)(=O)c2ccc(NS(=O)(=O)c3c(F)c(F)c(F)c(F)c3F)cc2)cc1,9.311452
21,NS(=O)(=O)c3ccc(c2cn([C@@H]1O[C@H](CO)[C@@H](O)[C@H]1O)nn2)cc3,NS(=O)(=O)c1ccc(-c2cn([C@@H]3O[C@H](CO)[C@@H](O)[C@H]3O)nn2)cc1,6.3362494
22,Cn1nc(S(N)(=O)=O)s\c1=N/S(=O)(=O)c2c(F)c(F)c(F)c(F)c2F,Cn1nc(S(N)(=O)=O)s/c1=N/S(=O)(=O)c1c(F)c(F)c(F)c(F)c1F,9.667813
23,NS(=O)(=O)c3nnc(NS(=O)(=O)c2ccc(NC(\S)=N\CCN1CCOCC1)cc2)s3,NS(=O)(=O)c1nnc(NS(=O)(=O)c2ccc(N/C(S)=N/CCN3CCOCC3)cc2)s1,8.40159
24,NS(=O)(=O)c3nc2ccc(OC(=O)c1c(F)c(F)c(F)c(F)c1F)cc2s3,NS(=O)(=O)c1nc2ccc(OC(=O)c3c(F)c(F)c(F)c(F)c3F)cc2s1,8.213013
25,CC3(C)OC[C@@H]2O[C@@]1(C(=O)NS(N)(=O)=O)OC(C)(C)O[C@H]1[C@@H]2O3,CC1(C)OC[C@@H]2O[C@@]3(C(=O)NS(N)(=O)=O)OC(C)(C)O[C@H]3[C@@H]2O1,6.256634
26,NS(=O)(=O)c3ccc(NC(=O)c2cc1ccccc1oc2=O)cc3,NS(=O)(=O)c1ccc(NC(=O)c2cc3ccccc3oc2=O)cc1,7.1486225
27,CC4(C)O[C@H]3[C@@H]2OC1(CCCCC1)O[C@@H]2CO[C@@]3(COS(N)(=O)=O)O4,CC1(C)O[C@H]2[C@@H]3OC4(CCCCC4)O[C@@H]3CO[C@@]2(COS(N)(=O)=O)O1,6.627802
28,NS(=O)(=O)c2ccc(NC(\S)=N\Nc1ccccc1F)cc2,NS(=O)(=O)c1ccc(N/C(S)=N/Nc2ccccc2F)cc1,5.7069664
29,NS(=O)(=O)c3ccc(C(=O)NNC(=O)Nc2ccc(Cc1ccccc1)cc2)cc3,NS(=O)(=O)c1ccc(C(=O)NNC(=O)Nc2ccc(Cc3ccccc3)cc2)cc1,6.8548965
30,NS(=O)(=O)c2ccc(CCNC(=O)CCSSCCC(=O)NCCc1ccc(S(N)(=O)=O)cc1)cc2,NS(=O)(=O)c1ccc(CCNC(=O)CCSSCCC(=O)NCCc2ccc(S(N)(=O)=O)cc2)cc1,7.9747453
31,Cc2cc(C)[n+](Cc1ccc(S(N)(=O)=O)cc1)c(C)c2C,Cc1cc(C)[n+](Cc2ccc(S(N)(=O)=O)cc2)c(C)c1C,7.5635605
32,NS(=O)(=O)c3cc2cc(N1CCSCC1)sc2s3,NS(=O)(=O)c1cc2cc(N3CCSCC3)sc2s1,5.798963
33,COc3ccc2c(CC(=O)NNc1ccc(S(N)(=O)=O)cc1)cc(=O)oc2c3,COc1ccc2c(CC(=O)NNc3ccc(S(N)(=O)=O)cc3)cc(=O)oc2c1,8.076518
34,NS(=O)(=O)c5ccc(CC/N=C(S)/N=c4/ccc(=c2c1ccc(O)cc1oc3cc(O)ccc23)c(C(O)=O)c4)cc5,NS(=O)(=O)c1ccc(CC/N=C(S)/N=C2/C=CC(=C3c4ccc(O)cc4Oc4cc(O)ccc43)C(C(=O)O)=C2)cc1,9.2848215
35,Cn1nc(S(N)(=O)=O)s\c1=N/C(=O)CCSSCCC(=O)\N=c2\sc(S(N)(=O)=O)nn2C,Cn1nc(S(N)(=O)=O)s/c1=N/C(=O)CCSSCCC(=O)/N=c1/sc(S(N)(=O)=O)nn1C,7.832821
36,NS(=O)(=O)c3nc2ccc(OCCONC(=O)c1cccc(C(O)=O)n1)cc2s3,NS(=O)(=O)c1nc2ccc(OCCONC(=O)c3cccc(C(=O)O)n3)cc2s1,7.80278
37,NS(=O)(=O)c2ccc(CCNC(=O)Cc1cccs1)cc2,NS(=O)(=O)c1ccc(CCNC(=O)Cc2cccs2)cc1,5.5342817
38,NS(=O)(=O)c3ccc(NC(=O)CCN2CCC(Cc1ccccc1)CC2)cc3,NS(=O)(=O)c1ccc(NC(=O)CCN2CCC(Cc3ccccc3)CC2)cc1,7.6637173
39,NS(=O)(=O)c2ccc(\N=C/c1ncc[nH]1)cc2,NS(=O)(=O)c1ccc(/N=C\c2ncc[nH]2)cc1,5.665576
40,NS(=O)(=O)c3nnc(NS(=O)(=O)c2ccc(NC(/S)=N/N1CCOCC1)cc2)s3,NS(=O)(=O)c1nnc(NS(=O)(=O)c2ccc(N/C(S)=N/N3CCOCC3)cc2)s1,2.564187
41,NS(=O)(=O)c2ccc(N1CCCCS1(=O)=O)cc2,NS(=O)(=O)c1ccc(N2CCCCS2(=O)=O)cc1,6.555131
42,C[C@H](CCC(=O)NCCc1ccc(S(N)(=O)=O)cc1)[C@H]3CC[C@H]2C5[C@H](CC(=O)[C@@]23C)[C@@]4(C)CCC(=O)C[C@H]4CC5=O,C[C@H](CCC(=O)NCCc1ccc(S(N)(=O)=O)cc1)[C@H]1CC[C@H]2C3C(=O)C[C@@H]4CC(=O)CC[C@]4(C)[C@H]3CC(=O)[C@]12C,8.888706
43,Cc2c(CCC1CCCCC1)c(=O)oc3cc(OS(N)(=O)=O)ccc23,Cc1c(CCC2CCCCC2)c(=O)oc2cc(OS(N)(=O)=O)ccc12,5.3189106
44,NCCCN2CCN(CCCN/N=C(\S)Nc1ccc(S(N)(=O)=O)cc1)CC2,NCCCN1CCN(CCCN/N=C(\S)Nc2ccc(S(N)(=O)=O)cc2)CC1,6.7389693
45,NS(=O)(=O)c1cnccc1SCc2ccccc2,NS(=O)(=O)c1cnccc1SCc1ccccc1,7.9057126
46,NS(=O)(=O)c2ccc(CCNc1ccncc1S(N)(=O)=O)cc2,NS(=O)(=O)c1ccc(CCNc2ccncc2S(N)(=O)=O)cc1,9.260189
47,Cc3cc(c1ccccc1)cc(c2ccccc2)[n+]3c4ccc(S(N)(=O)=O)cc4,Cc1cc(-c2ccccc2)cc(-c2ccccc2)[n+]1-c1ccc(S(N)(=O)=O)cc1,5.3019595
48,NS(=O)(=O)c5ccc([n+]3c(c1ccccc1)cc(c2ccccc2)cc3c4ccccc4)cc5,NS(=O)(=O)c1ccc(-[n+]2c(-c3ccccc3)cc(-c3ccccc3)cc2-c2ccccc2)cc1,1.1890132
49,NS(=O)(=O)c3ccc(C(=O)NNC(=O)Nc2ccc(Oc1ccccc1)cc2)cc3,NS(=O)(=O)c1ccc(C(=O)NNC(=O)Nc2ccc(Oc3ccccc3)cc2)cc1,6.0613422
50,NS(=O)(=O)c4nc3ccc(NC(=O)CN(CCN(CC(O)=O)c1ccccc1O)c2ccccc2O)cc3s4,NS(=O)(=O)c1nc2ccc(NC(=O)CN(CCN(CC(=O)O)c3ccccc3O)c3ccccc3O)cc2s1,9.370257
51,Cc2cc(c1ccccc1)cc(C)[n+]2CC(=O)NCc3ccc(S(N)(=O)=O)cc3,Cc1cc(-c2ccccc2)cc(C)[n+]1CC(=O)NCc1ccc(S(N)(=O)=O)cc1,7.183708
52,NS(=O)(=O)c2ccc(CCNC(=O)Nc1ccc(Cl)c(Cl)c1)cc2,NS(=O)(=O)c1ccc(CCNC(=O)Nc2ccc(Cl)c(Cl)c2)cc1,6.7101626
53,NS(=O)(=O)Oc3ccc2C=C(CC1CCCCCC1)S(=O)(=O)c2c3,NS(=O)(=O)Oc1ccc2c(c1)S(=O)(=O)C(CC1CCCCCC1)=C2,6.3975687
54,NS(=O)(=O)c4ccc(n3cc(CO[C@@H]2O[C@H](CO)[C@@H](O[C@@H]1O[C@H](CO)[C@@H](O)[C@H](O)[C@H]1O)[C@H](O)[C@H]2O)nn3)cc4,NS(=O)(=O)c1ccc(-n2cc(CO[C@@H]3O[C@H](CO)[C@@H](O[C@@H]4O[C@H](CO)[C@@H](O)[C@H](O)[C@H]4O)[C@H](O)[C@H]3O)nn2)cc1,7.6832485
55,NS(=O)(=O)c2cc1NCC(CCO)Sc1s2,NS(=O)(=O)c1cc2c(s1)SC(CCO)CN2,5.501405
56,C[C@H](CCC(=O)Oc2ccc1nc(S(N)(=O)=O)sc1c2)[C@H]6CC[C@H]5C4CC[C@@H]3C[C@H](O)CC[C@]3(C)[C@H]4CC[C@@]56C,C[C@H](CCC(=O)Oc1ccc2nc(S(N)(=O)=O)sc2c1)[C@H]1CC[C@H]2C3CC[C@@H]4C[C@H](O)CC[C@]4(C)[C@H]3CC[C@]12C,8.608247
57,CC(CCc1ccc(O)cc1)NCCc2ccc(O)c(O)c2,CC(CCc1ccc(O)cc1)NCCc1ccc(O)c(O)c1,6.198365
58,C[C@H](CCC(=O)\N=c1/sc(S(N)(=O)=O)nn1C)[C@H]5CC[C@H]4C3[C@@H](O)C[C@@H]2C[C@H](O)CC[C@]2(C)[C@H]3CC[C@@]45C,C[C@H](CCC(=O)/N=c1\sc(S(N)(=O)=O)nn1C)[C@H]1CC[C@H]2C3[C@@H](O)C[C@@H]4C[C@H](O)CC[C@]4(C)[C@H]3CC[C@]12C,8.383516
59,COCCN(CCOC)CCC2CNc1cc(S(N)(=O)=O)sc1S2(=O)=O,COCCN(CCOC)CCC1CNc2cc(S(N)(=O)=O)sc2S1(=O)=O,6.9674006
60,NS(=O)(=O)c2ccc(CCNC(=O)Cc1ccccc1)cc2,NS(=O)(=O)c1ccc(CCNC(=O)Cc2ccccc2)cc1,5.842115
61,CC(=O)OC[C@H]3O[C@H](n2cc(c1ccc(S(N)(=O)=O)cc1)nn2)[C@@H](OC(C)=O)[C@@H](OC(C)=O)[C@@H]3OC(C)=O,CC(=O)OC[C@H]1O[C@H](n2cc(-c3ccc(S(N)(=O)=O)cc3)nn2)[C@@H](OC(C)=O)[C@@H](OC(C)=O)[C@@H]1OC(C)=O,6.4514565
62,COc3cccc(N2CCc1cc(S(N)(=O)=O)sc1S2(=O)=O)c3,COc1cccc(N2CCc3cc(S(N)(=O)=O)sc3S2(=O)=O)c1,8.948674
63,NS(=O)(=O)c3ccc2[nH]c(c1cscn1)nc2c3,NS(=O)(=O)c1ccc2[nH]c(-c3cscn3)nc2c1,5.734207
64,Cc2cc(c1ccccc1)cc(C)[n+]2CC(=O)OCCOc4ccc3nc(S(N)(=O)=O)sc3c4,Cc1cc(-c2ccccc2)cc(C)[n+]1CC(=O)OCCOc1ccc2nc(S(N)(=O)=O)sc2c1,9.051971
65,NS(=O)(=O)c4ccc(CC[n+]2c(c1ccccc1)cccc2c3ccccc3)cc4,NS(=O)(=O)c1ccc(CC[n+]2c(-c3ccccc3)cccc2-c2ccccc2)cc1,1.9163501
66,NS(=O)(=O)c3ccc(Sc1ccccn1)c(C(=O)NCc2ccccn2)c3,NS(=O)(=O)c1ccc(Sc2ccccn2)c(C(=O)NCc2ccccn2)c1,7.339562
67,Cc3cc(C)[n+](CC(=O)OCCOc2ccc1nc(S(N)(=O)=O)sc1c2)c(C)c3,Cc1cc(C)[n+](CC(=O)OCCOc2ccc3nc(S(N)(=O)=O)sc3c2)c(C)c1,8.472145
68,CCN([C@H]1C[C@H](C)S(=O)(=O)c2sc(S(N)(=O)=O)cc12)C(=O)c3ccc(CON(=O)=O)cc3,CCN(C(=O)c1ccc(CO[N+](=O)[O-])cc1)[C@H]1C[C@H](C)S(=O)(=O)c2sc(S(N)(=O)=O)cc21,8.421855
69,CC(=O)OC[C@H]2O[C@@H](SNCCc1ccc(S(N)(=O)=O)cc1)[C@H](OC(C)=O)[C@@H](OC(C)=O)[C@H]2OC(C)=O,CC(=O)OC[C@H]1O[C@@H](SNCCc2ccc(S(N)(=O)=O)cc2)[C@H](OC(C)=O)[C@@H](OC(C)=O)[C@H]1OC(C)=O,7.1595817
70,COc3ccc(CNCc1cc(S(N)(=O)=O)cnc1Sc2ccc(F)c(F)c2)cc3,COc1ccc(CNCc2cc(S(N)(=O)=O)cnc2Sc2ccc(F)c(F)c2)cc1,9.276301
71,Cc2cc(c1ccccc1)cc(C)[n+]2CC(=O)Nc4ccc(S(=O)(=O)Nc3ccc(S(N)(=O)=O)cc3)cc4,Cc1cc(-c2ccccc2)cc(C)[n+]1CC(=O)Nc1ccc(S(=O)(=O)Nc2ccc(S(N)(=O)=O)cc2)cc1,8.249893
72,NS(=O)(=O)c3nnc(NC(=O)CN2CCN(Cc1ccccc1)CC2)s3,NS(=O)(=O)c1nnc(NC(=O)CN2CCN(Cc3ccccc3)CC2)s1,7.984354
73,NS(=O)(=O)c3ccc(COC(=O)CN(CCN(CC(O)=O)c1ccccc1O)c2ccccc2O)cc3,NS(=O)(=O)c1ccc(COC(=O)CN(CCN(CC(=O)O)c2ccccc2O)c2ccccc2O)cc1,8.60438
74,Cc2cc(c1ccccc1)cc(C)[n+]2Cc3ccc(S(N)(=O)=O)cc3,Cc1cc(-c2ccccc2)cc(C)[n+]1Cc1ccc(S(N)(=O)=O)cc1,6.813142
75,Cc3cc(C)[n+](CC(=O)Nc2ccc1nc(S(N)(=O)=O)sc1c2)c(C)c3,Cc1cc(C)[n+](CC(=O)Nc2ccc3nc(S(N)(=O)=O)sc3c2)c(C)c1,7.4660983
76,Cc3cc(C)[n+](CC(=O)Nc2ccc(S(=O)(=O)Nc1cccc(S(N)(=O)=O)c1)cc2)c(C)c3,Cc1cc(C)[n+](CC(=O)Nc2ccc(S(=O)(=O)Nc3cccc(S(N)(=O)=O)c3)cc2)c(C)c1,8.497388
77,C[C@H](CCC(=O)NNc1ccc(S(N)(=O)=O)cc1)[C@H]3CC[C@H]2C5[C@H](CC(=O)[C@@]23C)[C@@]4(C)CCC(=O)C[C@H]4CC5=O,C[C@H](CCC(=O)NNc1ccc(S(N)(=O)=O)cc1)[C@H]1CC[C@H]2C3C(=O)C[C@@H]4CC(=O)CC[C@]4(C)[C@H]3CC(=O)[C@]12C,8.728095
78,NS(=O)(=O)c2ccc(Nc1nc(=O)[nH]c(=O)[nH]1)cc2,NS(=O)(=O)c1ccc(Nc2nc(=O)[nH]c(=O)[nH]2)cc1,6.984794
79,NS(=O)(=O)c2ccc(NC(\S)=N\NCCN1CCOCC1)cc2,NS(=O)(=O)c1ccc(N/C(S)=N/NCCN2CCOCC2)cc1,5.9473124
80,Cc3ccc(c1cc(C(F)(F)F)nn1c2ccc(S(N)(=O)=O)cc2)cc3,Cc1ccc(-c2cc(C(F)(F)F)nn2-c2ccc(S(N)(=O)=O)cc2)cc1,7.3372703
81,NS(=O)(=O)c5ccc(NC(\S)=N/c4ccc(c2c1ccc(O)cc1oc3cc(=O)ccc23)c(C(O)=O)c4)cc5,NS(=O)(=O)c1ccc(N/C(S)=N\c2ccc(-c3c4ccc(=O)cc-4oc4cc(O)ccc34)c(C(=O)O)c2)cc1,8.516863
82,NS(=O)(=O)c3ccc(n2cc(CS[C@@H]1O[C@H](CO)[C@@H](O)[C@H](O)[C@H]1O)nn2)cc3,NS(=O)(=O)c1ccc(-n2cc(CS[C@@H]3O[C@H](CO)[C@@H](O)[C@H](O)[C@H]3O)nn2)cc1,5.7205462
83,Cc4ncc(CO)c(CNc3nc(NCc1c(O)c(C)ncc1CO)nc(Nc2ccc(S(N)(=O)=O)cc2)n3)c4O,Cc1ncc(CO)c(CNc2nc(NCc3c(CO)cnc(C)c3O)nc(Nc3ccc(S(N)(=O)=O)cc3)n2)c1O,9.055258
84,NS(=O)(=O)c3ccc(C(=O)NCC(=O)NC(Cc2ccc1ccccc1c2)C(O)=O)cc3,NS(=O)(=O)c1ccc(C(=O)NCC(=O)NC(Cc2ccc3ccccc3c2)C(=O)O)cc1,7.7873025
85,NS(=O)(=O)c2ccc(NC(=O)CCCNc1ccn(O)c(=O)n1)cc2,NS(=O)(=O)c1ccc(NC(=O)CCCNc2ccn(O)c(=O)n2)cc1,7.226282
86,C[C@H](CCC(=O)Nc1ccc(S(N)(=O)=O)cc1Cl)[C@H]3CC[C@H]2C5[C@H](CC(=O)[C@@]23C)[C@@]4(C)CCC(=O)C[C@H]4CC5=O,C[C@H](CCC(=O)Nc1ccc(S(N)(=O)=O)cc1Cl)[C@H]1CC[C@H]2C3C(=O)C[C@@H]4CC(=O)CC[C@]4(C)[C@H]3CC(=O)[C@]12C,9.110541
87,CN2CCN(N/N=C(\S)NCCc1ccc(S(N)(=O)=O)cc1)CC2,CN1CCN(N/N=C(\S)NCCc2ccc(S(N)(=O)=O)cc2)CC1,6.8899965
88,NS(=O)(=O)c2ccc(CCNCc1ccccc1F)cc2,NS(=O)(=O)c1ccc(CCNCc2ccccc2F)cc1,6.718828
89,NS(=O)(=O)c3ccc(n2cc(CS(=O)[C@@H]1O[C@H](CO)[C@H](O)[C@H](O)[C@H]1O)nn2)cc3,NS(=O)(=O)c1ccc(-n2cc(CS(=O)[C@@H]3O[C@H](CO)[C@H](O)[C@H](O)[C@H]3O)nn2)cc1,6.9396515
90,COCCN(CCOC)Cc2cc1cc(S(N)(=O)=O)sc1s2,COCCN(CCOC)Cc1cc2cc(S(N)(=O)=O)sc2s1,5.993369
91,NS(=O)(=O)c2ccc(CNSC(=S)N1CCOCC1)cc2,NS(=O)(=O)c1ccc(CNSC(=S)N2CCOCC2)cc1,5.2767863
92,Cc2cc(c1ccccc1)cc(C)[n+]2CCc3ccc(S(N)(=O)=O)cc3,Cc1cc(-c2ccccc2)cc(C)[n+]1CCc1ccc(S(N)(=O)=O)cc1,6.861936
93,NS(=O)(=O)c1cnccc1Sc2ccncc2S(N)(=O)=O,NS(=O)(=O)c1cnccc1Sc1ccncc1S(N)(=O)=O,8.308453
94,C[C@H](CCC(=O)\N=c1/sc(S(N)(=O)=O)nn1C)[C@H]3CC[C@H]2C5[C@H](CC(=O)[C@@]23C)[C@@]4(C)CCC(=O)C[C@H]4CC5=O,C[C@H](CCC(=O)/N=c1\sc(S(N)(=O)=O)nn1C)[C@H]1CC[C@H]2C3C(=O)C[C@@H]4CC(=O)CC[C@]4(C)[C@H]3CC(=O)[C@]12C,9.027491
95,NS(=O)(=O)c2cc(C(=O)c1ccccc1)cs2,NS(=O)(=O)c1cc(C(=O)c2ccccc2)cs1,8.551614
96,NS(=O)(=O)c3cc2cc(CN1CCSCC1)sc2s3,NS(=O)(=O)c1cc2cc(CN3CCSCC3)sc2s1,5.8857203
97,CN2CCN(CCC(=O)Nc1nnc(S(N)(=O)=O)s1)CC2,CN1CCN(CCC(=O)Nc2nnc(S(N)(=O)=O)s2)CC1,6.1955256
98,NS(=O)(=O)c2ccc(C(=O)NCC1CCCCC1)cc2,NS(=O)(=O)c1ccc(C(=O)NCC2CCCCC2)cc1,5.3015165
99,Cc2cc(c1ccccc1)cc(C)[n+]2CC(=O)Nc4ccc(S(=O)(=O)\N=c3\sc(S(N)(=O)=O)nn3C)cc4,Cc1cc(-c2ccccc2)cc(C)[n+]1CC(=O)Nc1ccc(S(=O)(=O)/N=c2/sc(S(N)(=O)=O)nn2C)cc1,8.445855
100,NS(=O)(=O)c3nnc(NS(=O)(=O)c2ccc(NC(/S)=N/C(O)C(O)c1ccc(N(=O)=O)cc1)cc2)s3,NS(=O)(=O)c1nnc(NS(=O)(=O)c2ccc(N/C(S)=N/C(O)C(O)c3ccc([N+](=O)[O-])cc3)cc2)s1,9.722014
101,CC3(C)O[C@@H]2CO[C@@]1(COS(N)(=O)=O)OC(C)(C)O[C@H]1[C@@H]2O3,CC1(C)O[C@@H]2[C@@H](CO[C@@]3(COS(N)(=O)=O)OC(C)(C)O[C@@H]23)O1,6.7890625
102,CC1CC=NN1c2ccncc2S(N)(=O)=O,CC1CC=NN1c1ccncc1S(N)(=O)=O,2.4390452
103,NS(=O)(=O)c2ccc(C(=O)NCc1ccncc1)cc2,NS(=O)(=O)c1ccc(C(=O)NCc2ccncc2)cc1,6.2173977
104,CCN(C1CC(C)S(=O)(=O)c2sc(S(N)(=O)=O)cc12)C(=O)c3cccnc3C(O)=O,CCN(C(=O)c1cccnc1C(=O)O)C1CC(C)S(=O)(=O)c2sc(S(N)(=O)=O)cc21,7.3134594
105,NS(=O)(=O)c2ccc(C(=O)NCC(=O)NCC(=O)N1CCCC1C(O)=O)cc2,NS(=O)(=O)c1ccc(C(=O)NCC(=O)NCC(=O)N2CCCC2C(=O)O)cc1,6.9470005
106,NS(=O)(=O)c2ccc(C(=O)NCSc1ccccc1)cc2,NS(=O)(=O)c1ccc(C(=O)NCSc2ccccc2)cc1,6.2924175
107,Cn1nc(S(N)(=O)=O)s/c1=N/C(=O)c2ccco2,Cn1nc(S(N)(=O)=O)s/c1=N\C(=O)c1ccco1,7.0990095
108,C[C@H](CCC(=O)OCc1ccc(S(N)(=O)=O)cc1)[C@H]5CC[C@H]4C3[C@@H](O)C[C@@H]2C[C@H](O)CC[C@]2(C)[C@H]3CC[C@@]45C,C[C@H](CCC(=O)OCc1ccc(S(N)(=O)=O)cc1)[C@H]1CC[C@H]2C3[C@@H](O)C[C@@H]4C[C@H](O)CC[C@]4(C)[C@H]3CC[C@]12C,8.192289
109,NS(=O)(=O)c2ccc(CCNc1nc(=O)[nH]c(=O)[nH]1)cc2,NS(=O)(=O)c1ccc(CCNc2nc(=O)[nH]c(=O)[nH]2)cc1,6.609034
110,NS(=O)(=O)c3ccc(Sc1c(F)c(F)cc(F)c1F)c(C(=O)NCCc2ccccn2)c3,NS(=O)(=O)c1ccc(Sc2c(F)c(F)cc(F)c2F)c(C(=O)NCCc2ccccn2)c1,9.206737
111,NS(=O)(=O)c2cc(C(O)=O)c(NCc1ccco1)cc2Cl,NS(=O)(=O)c1cc(C(=O)O)c(NCc2ccco2)cc1Cl,7.1502013
112,NS(=O)(=O)c3ccc(CCNC(=O)Cn2c(=O)c1ccccc1c2=O)cc3,NS(=O)(=O)c1ccc(CCNC(=O)CN2C(=O)c3ccccc3C2=O)cc1,4.440158
113,NS(=O)(=O)c3ccc(Nc2ccnc(NS(=O)(=O)c1c(F)c(F)c(F)c(F)c1F)n2)cc3,NS(=O)(=O)c1ccc(Nc2ccnc(NS(=O)(=O)c3c(F)c(F)c(F)c(F)c3F)n2)cc1,8.770769
114,Cn1nc(S(N)(=O)=O)s/c1=N/S(=O)(=O)c3ccc(NS(=O)(=O)c2c(F)c(F)c(F)c(F)c2F)cc3,Cn1nc(S(N)(=O)=O)s/c1=N\S(=O)(=O)c1ccc(NS(=O)(=O)c2c(F)c(F)c(F)c(F)c2F)cc1,10.523125
115,Cc3cc(C)[n+](CC(=O)Nc2nccc(Nc1ccc(S(N)(=O)=O)cc1)n2)c(C)c3,Cc1cc(C)[n+](CC(=O)Nc2nccc(Nc3ccc(S(N)(=O)=O)cc3)n2)c(C)c1,7.7256155
116,NS(=O)(=O)c3ccc(S(=O)(=O)Nc1cccc2c(Cl)c[nH]c12)cc3,NS(=O)(=O)c1ccc(S(=O)(=O)Nc2cccc3c(Cl)c[nH]c23)cc1,7.636646
117,CCNC(=O)c1cc(S(N)(=O)=O)ccc1Sc2ccccc2,CCNC(=O)c1cc(S(N)(=O)=O)ccc1Sc1ccccc1,7.1821637
118,NS(=O)(=O)c5ccc(C/N=C(S)/N=c4/ccc(=c2c1ccc(O)cc1oc3cc(O)ccc23)c(C(O)=O)c4)cc5,NS(=O)(=O)c1ccc(C/N=C(S)/N=C2/C=CC(=C3c4ccc(O)cc4Oc4cc(O)ccc43)C(C(=O)O)=C2)cc1,8.804563
119,Cn1cccc1\C=N\CCc2ccc(S(N)(=O)=O)cc2,Cn1cccc1/C=N/CCc1ccc(S(N)(=O)=O)cc1,5.6937795
120,NS(=O)(=O)c2ccc(CC/N=C(\S)NC(CO)C(O)c1ccc(N(=O)=O)cc1)cc2,NS(=O)(=O)c1ccc(CC/N=C(\S)NC(CO)C(O)c2ccc([N+](=O)[O-])cc2)cc1,8.222549
121,NS(=O)(=O)c3nc2ccc(OCCOC(=O)c1c(F)c(F)c(F)c(F)c1F)cc2s3,NS(=O)(=O)c1nc2ccc(OCCOC(=O)c3c(F)c(F)c(F)c(F)c3F)cc2s1,8.714559
122,NS(=O)(=O)c3ccc(C(=O)N[C@@H](Cc1ccccc1)C(=O)NCC(=O)NCC(=O)OCc2ccccc2)cc3,NS(=O)(=O)c1ccc(C(=O)N[C@@H](Cc2ccccc2)C(=O)NCC(=O)NCC(=O)OCc2ccccc2)cc1,6.5932727
123,NS(=O)(=O)c3ccc(C(=O)N[C@@H](Cc1c[nH]cn1)C(=O)N[C@@H](Cc2ccccc2)C(O)=O)cc3,NS(=O)(=O)c1ccc(C(=O)N[C@@H](Cc2c[nH]cn2)C(=O)N[C@@H](Cc2ccccc2)C(=O)O)cc1,6.6776567
124,C[C@H](CCC(=O)Nc1nnc(S(N)(=O)=O)s1)[C@H]5CC[C@H]4C3[C@@H](O)C[C@@H]2C[C@H](O)CC[C@]2(C)[C@H]3CC[C@@]45C,C[C@H](CCC(=O)Nc1nnc(S(N)(=O)=O)s1)[C@H]1CC[C@H]2C3[C@@H](O)C[C@@H]4C[C@H](O)CC[C@]4(C)[C@H]3CC[C@]12C,8.722249
125,NS(=O)(=O)c3cc2cc(CN1CCOCC1)sc2s3,NS(=O)(=O)c1cc2cc(CN3CCOCC3)sc2s1,5.8663816
126,NS(=O)(=O)c3ccc(CCOC(=O)CN(CCN(CC(O)=O)c1ccccc1O)c2ccccc2O)cc3,NS(=O)(=O)c1ccc(CCOC(=O)CN(CCN(CC(=O)O)c2ccccc2O)c2ccccc2O)cc1,8.519993
127,NS(=O)(=O)c2nnc(NC(=O)Nc1c(F)c(F)c(F)c(F)c1F)s2,NS(=O)(=O)c1nnc(NC(=O)Nc2c(F)c(F)c(F)c(F)c2F)s1,7.4615536
128,NS(=O)(=O)c1ccc(N(=O)=O)cc1,NS(=O)(=O)c1ccc([N+](=O)[O-])cc1,6.2280483
129,CC2OC(Nc1ccc(S(N)(=O)=O)cc1)C(O)C(O)C2O,CC1OC(Nc2ccc(S(N)(=O)=O)cc2)C(O)C(O)C1O,7.4714513
130,NS(=O)(=O)c2ccc(NC(=O)CCN1CCOCC1)cc2,NS(=O)(=O)c1ccc(NC(=O)CCN2CCOCC2)cc1,5.8895354
131,CN2CCN(N/N=C(\S)Nc1ccc(S(N)(=O)=O)cc1)CC2,CN1CCN(N/N=C(\S)Nc2ccc(S(N)(=O)=O)cc2)CC1,6.1956124
132,COc3ccc2c(CC(=O)Nc1ccc(S(N)(=O)=O)cc1)cc(=O)oc2c3,COc1ccc2c(CC(=O)Nc3ccc(S(N)(=O)=O)cc3)cc(=O)oc2c1,7.7363725
133,NS(=O)(=O)c3ccc(Nn2c(=O)c1cccnc1c2=O)cc3,NS(=O)(=O)c1ccc(NN2C(=O)c3cccnc3C2=O)cc1,5.7626753
134,NS(=O)(=O)c3ccc(C(=O)NNC(=O)Nc2ccc(c1ccccc1)cc2)cc3,NS(=O)(=O)c1ccc(C(=O)NNC(=O)Nc2ccc(-c3ccccc3)cc2)cc1,6.1553507
135,Cc2cc(C)[n+](CC(=O)NCCc1ccc(S(N)(=O)=O)cc1)c(C)c2,Cc1cc(C)[n+](CC(=O)NCCc2ccc(S(N)(=O)=O)cc2)c(C)c1,6.7254276
136,Cc5cn(c4cc(NC(=O)c3ccc(C)c(Nc2nccc(c1cccnc1)n2)c3)cc(C(F)(F)F)c4)cn5,Cc1cn(-c2cc(NC(=O)c3ccc(C)c(Nc4nccc(-c5cccnc5)n4)c3)cc(C(F)(F)F)c2)cn1,7.928331
137,NS(=O)(=O)c2ccc(CCNS(=O)(=O)c1c(F)c(F)cc(F)c1F)cc2,NS(=O)(=O)c1ccc(CCNS(=O)(=O)c2c(F)c(F)cc(F)c2F)cc1,8.188454
138,NS(=O)(=O)c4ccc(Nc3ccnc(/N=C/c2coc1ccccc1c2=O)n3)cc4,NS(=O)(=O)c1ccc(Nc2ccnc(/N=C/c3coc4ccccc4c3=O)n2)cc1,7.2507606
139,NS(=O)(=O)c3ccc(CCNC(=O)c2cc1ccccc1oc2=O)cc3,NS(=O)(=O)c1ccc(CCNC(=O)c2cc3ccccc3oc2=O)cc1,6.953919
140,NN(\N=C(/S)NCCc1ccc(S(N)(=O)=O)cc1)c2c(F)c(F)c(F)c(F)c2F,NN(/N=C(\S)NCCc1ccc(S(N)(=O)=O)cc1)c1c(F)c(F)c(F)c(F)c1F,6.520232
141,NS(=O)(=O)c2cc(C(=O)N1CCCC1)c(Cl)cc2S,NS(=O)(=O)c1cc(C(=O)N2CCCC2)c(Cl)cc1S,5.5895348
142,C[C@H](NC(=O)OCc1ccccc1)C(=O)Nc2nnc(S(N)(=O)=O)s2,C[C@H](NC(=O)OCc1ccccc1)C(=O)Nc1nnc(S(N)(=O)=O)s1,6.2946215
143,CC3(C)O[C@H]2[C@@H]1OS(=O)(=O)O[C@@H]1CC[C@@]2(COS(N)(=O)=O)O3,CC1(C)O[C@H]2[C@@H]3OS(=O)(=O)O[C@@H]3CC[C@@]2(COS(N)(=O)=O)O1,6.446015
144,Cc2ccc(S(=O)(=O)NC(=O)Nc1c(Cl)c(Cl)c(S(N)(=O)=O)cc1S(N)(=O)=O)cc2,Cc1ccc(S(=O)(=O)NC(=O)Nc2c(S(N)(=O)=O)cc(S(N)(=O)=O)c(Cl)c2Cl)cc1,9.685069
145,NS(=O)(=O)c3ccc(NS(=O)(=O)c2ccc(NSC(=S)N1CCOCC1)cc2)cc3,NS(=O)(=O)c1ccc(NS(=O)(=O)c2ccc(NSC(=S)N3CCOCC3)cc2)cc1,7.6140833
146,NNC(=O)c2[nH]c1ccc(S(N)(=O)=O)cc1c2c3ccccc3,NNC(=O)c1[nH]c2ccc(S(N)(=O)=O)cc2c1-c1ccccc1,8.00337
147,NS(=O)(=O)c3nnc(NS(=O)(=O)c2ccc(NC(\S)=N\CCN1CCNCC1)cc2)s3,NS(=O)(=O)c1nnc(NS(=O)(=O)c2ccc(N/C(S)=N/CCN3CCNCC3)cc2)s1,8.614057
148,NS(=O)(=O)c2cc1C(O)CCS(=O)c1s2,NS(=O)(=O)c1cc2c(s1)S(=O)CCC2O,5.7402377
149,NS(=O)(=O)c2ccc(NC(/S)=N\Cc1ccccn1)cc2,NS(=O)(=O)c1ccc(N/C(S)=N\Cc2ccccn2)cc1,6.1635904
150,NS(=O)(=O)c3ccc(C(=O)OCc2cn([C@@H]1OC[C@@H](O)[C@@H](O)[C@@H]1O)nn2)cc3,NS(=O)(=O)c1ccc(C(=O)OCc2cn([C@@H]3OC[C@@H](O)[C@@H](O)[C@@H]3O)nn2)cc1,7.0157914
151,NS(=O)(=O)c3ccc(NC(=O)CCN2CCN(Cc1ccccc1)CC2)cc3,NS(=O)(=O)c1ccc(NC(=O)CCN2CCN(Cc3ccccc3)CC2)cc1,7.311075
152,Cc2cc(C)[n+](CC(=O)OCCc1ccc(S(N)(=O)=O)cc1)c(C)c2,Cc1cc(C)[n+](CC(=O)OCCc2ccc(S(N)(=O)=O)cc2)c(C)c1,6.7757487
153,NS(=O)(=O)c3ccc(Nc2ccnc(NC(=O)c1c(F)c(F)c(F)c(F)c1F)n2)cc3,NS(=O)(=O)c1ccc(Nc2ccnc(NC(=O)c3c(F)c(F)c(F)c(F)c3F)n2)cc1,7.8550606
154,NS(=O)(=O)c3nnc(NCc1cc(=O)oc2cc(Cl)ccc12)s3,NS(=O)(=O)c1nnc(NCc2cc(=O)oc3cc(Cl)ccc23)s1,7.932924
155,NS(=O)(=O)c3ccc(Sc1ccccc1)c(C(=O)NCc2ccccc2)c3,NS(=O)(=O)c1ccc(Sc2ccccc2)c(C(=O)NCc2ccccc2)c1,8.292951
156,NS(=O)(=O)c2cc1NC(=O)CS(=O)(=O)c1s2,NS(=O)(=O)c1cc2c(s1)S(=O)(=O)CC(=O)N2,5.895952
157,CNC(=O)COC(=O)[C@@H]1CCCN1C(\S)=N/c2ccc(S(N)(=O)=O)cc2,CNC(=O)COC(=O)[C@@H]1CCCN1/C(S)=N\c1ccc(S(N)(=O)=O)cc1,4.628976
158,COC(=O)[C@H]3O[C@@H](On2cc(CNC(=O)c1ccc(S(N)(=O)=O)cc1)nn2)[C@H](O)[C@@H](O)[C@@H]3O,COC(=O)[C@H]1O[C@@H](On2cc(CNC(=O)c3ccc(S(N)(=O)=O)cc3)nn2)[C@H](O)[C@@H](O)[C@@H]1O,6.3939953
159,NS(=O)(=O)c3ccc(SCc1ccccc1)c(C(=O)NCc2ccccc2)c3,NS(=O)(=O)c1ccc(SCc2ccccc2)c(C(=O)NCc2ccccc2)c1,7.999032
160,NS(=O)(=O)c2ccc(NC(=O)Cc1ccccn1)cc2,NS(=O)(=O)c1ccc(NC(=O)Cc2ccccn2)cc1,6.082071
161,NS(=O)(=O)c2nnc(NC(=O)CCSSCCC(=O)Nc1nnc(S(N)(=O)=O)s1)s2,NS(=O)(=O)c1nnc(NC(=O)CCSSCCC(=O)Nc2nnc(S(N)(=O)=O)s2)s1,8.152346
162,NS(=O)(=O)c2cc1NC(=O)CS(=O)c1s2,NS(=O)(=O)c1cc2c(s1)S(=O)CC(=O)N2,5.7063413
163,N[C@@H](Cc1ccccc1)C(=O)NCCOCCOCCNC(=O)c2ccc(S(N)(=O)=O)cc2,N[C@@H](Cc1ccccc1)C(=O)NCCOCCOCCNC(=O)c1ccc(S(N)(=O)=O)cc1,6.781211
164,NS(=O)(=O)c3ccc(CCNC(=O)c2sc1ccccc1c2Cl)cc3,NS(=O)(=O)c1ccc(CCNC(=O)c2sc3ccccc3c2Cl)cc1,7.5117555
165,Cc3cc(C)[n+](CC(=O)Nc2ccc(S(=O)(=O)Nc1nnc(S(N)(=O)=O)s1)cc2)c(C)c3,Cc1cc(C)[n+](CC(=O)Nc2ccc(S(=O)(=O)Nc3nnc(S(N)(=O)=O)s3)cc2)c(C)c1,8.849789
166,CCCCCC/C(=N\N)c1csc(S(N)(=O)=O)c1,CCCCCC/C(=N\N)c1csc(S(N)(=O)=O)c1,6.5517015
167,NS(=O)(=O)c2ccc(C(=O)NCC(=O)NCC(=O)NCC(=O)NCC(=O)OCc1ccccc1)cc2,NS(=O)(=O)c1ccc(C(=O)NCC(=O)NCC(=O)NCC(=O)NCC(=O)OCc2ccccc2)cc1,6.10722
168,NS(=O)(=O)c3ccc2C(NC(=O)c1c(F)c(F)c(F)c(F)c1F)CCc2c3,NS(=O)(=O)c1ccc2c(c1)CCC2NC(=O)c1c(F)c(F)c(F)c(F)c1F,7.6550617
169,Cn1nc(S(N)(=O)=O)s/c1=N/S(=O)(=O)c3ccc(NC(=O)c2c(F)c(F)c(F)c(F)c2F)cc3,Cn1nc(S(N)(=O)=O)s/c1=N\S(=O)(=O)c1ccc(NC(=O)c2c(F)c(F)c(F)c(F)c2F)cc1,9.175468
170,NS(=O)(=O)c2ccc(C(=O)NCC(=O)NCC(=O)NCC(=O)N1CCCC1C(O)=O)cc2,NS(=O)(=O)c1ccc(C(=O)NCC(=O)NCC(=O)NCC(=O)N2CCCC2C(=O)O)cc1,6.836245
171,CC(=O)Nc1nnc(S(N)(=O)=O)s1,CC(=O)Nc1nnc(S(N)(=O)=O)s1,5.5936317
172,Nc2ccc(S(=O)(=O)NC1NN=C(S(N)(=O)=O)S1)cc2,Nc1ccc(S(=O)(=O)NC2NN=C(S(N)(=O)=O)S2)cc1,7.246439
173,NS(=O)(=O)c1cnccc1Sc3nc2ccc(N(=O)=O)cc2s3,NS(=O)(=O)c1cnccc1Sc1nc2ccc([N+](=O)[O-])cc2s1,7.3886805
174,CN5CCN(Cc4ccc(C(=O)Nc3ccc(C)c(Nc2nccc(c1cccnc1)n2)c3)cc4)CC5,Cc1ccc(NC(=O)c2ccc(CN3CCN(C)CC3)cc2)cc1Nc1nccc(-c2cccnc2)n1,6.9679446
175,NS(=O)(=O)c3ccc(CNC(=O)c2cc1ccccc1oc2=O)cc3,NS(=O)(=O)c1ccc(CNC(=O)c2cc3ccccc3oc2=O)cc1,6.5599594
176,NS(=O)(=O)c2ccc(NC(=O)Cc1ccccc1)c(Cl)c2,NS(=O)(=O)c1ccc(NC(=O)Cc2ccccc2)c(Cl)c1,6.8014026
177,COc3ccc(CCCNC(=O)c1cc(S(N)(=O)=O)cnc1Sc2c(F)c(F)cc(F)c2F)cc3,COc1ccc(CCCNC(=O)c2cc(S(N)(=O)=O)cnc2Sc2c(F)c(F)cc(F)c2F)cc1,10.088036
178,NS(=O)(=O)c2ccc(C(=O)NCc1ccccn1)cc2,NS(=O)(=O)c1ccc(C(=O)NCc2ccccn2)cc1,6.0416503
179,C[C@H](NC(=O)c1ccc(S(N)(=O)=O)cc1)C(=O)N[C@@H](Cc2ccccc2)C(O)=O,C[C@H](NC(=O)c1ccc(S(N)(=O)=O)cc1)C(=O)N[C@@H](Cc1ccccc1)C(=O)O,6.461317
180,NS(=O)(=O)c4cc3C=C(CN1CCOCC1)N(c2cccc(O)c2)S(=O)(=O)c3s4,NS(=O)(=O)c1cc2c(s1)S(=O)(=O)N(c1cccc(O)c1)C(CN1CCOCC1)=C2,7.94434
181,COCCNC(=O)c1cc(S(N)(=O)=O)ccc1SCCc2ccccc2,COCCNC(=O)c1cc(S(N)(=O)=O)ccc1SCCc1ccccc1,6.418787
182,Cc2cc(C)[n+](CCc1ccc(S(N)(=O)=O)cc1)c(C)c2C,Cc1cc(C)[n+](CCc2ccc(S(N)(=O)=O)cc2)c(C)c1C,6.7554283
183,Nc2nccc(Nc1ccc(S(N)(=O)=O)cc1)n2,Nc1nccc(Nc2ccc(S(N)(=O)=O)cc2)n1,6.486327
184,NS(=O)(=O)c4ccc(C(=O)NNC(=O)NC2c1ccccc1c3ccccc23)cc4,NS(=O)(=O)c1ccc(C(=O)NNC(=O)NC2c3ccccc3-c3ccccc32)cc1,6.8078403
185,Cc2cc(c1ccccc1)cc(C)[n+]2CC(=O)NNc3ccc(S(N)(=O)=O)cc3,Cc1cc(-c2ccccc2)cc(C)[n+]1CC(=O)NNc1ccc(S(N)(=O)=O)cc1,7.076908
186,NS(=O)(=O)N1CCCCC1,NS(=O)(=O)N1CCCCC1,5.1882625
187,NS(=O)(=O)c3ccc(CNS(=O)(=O)c2ccc(NC(=O)c1c(F)c(F)cc(F)c1F)cc2)cc3,NS(=O)(=O)c1ccc(CNS(=O)(=O)c2ccc(NC(=O)c3c(F)c(F)cc(F)c3F)cc2)cc1,7.5544286
188,NS(=O)(=O)c2ccc(C(=O)NCC(=O)NCC(=O)OCc1ccccc1)cc2,NS(=O)(=O)c1ccc(C(=O)NCC(=O)NCC(=O)OCc2ccccc2)cc1,7.0221086
189,CC3(C)O[C@H]2[C@@H]1OS(=O)(=O)O[C@@H]1CO[C@@]2(COS(N)(=O)=O)O3,CC1(C)O[C@H]2[C@@H]3OS(=O)(=O)O[C@@H]3CO[C@@]2(COS(N)(=O)=O)O1,6.3760195
190,NS(=O)(=O)c1cnccc1Sc2ccccn2=O,NS(=O)(=O)c1cnccc1Sc1cccc[n+]1[O-],7.2506833
191,C[C@]34CCC1C(CCc2cc(OS(N)(=O)=O)ccc12)C3CC[C@@H]4OS(N)(=O)=O,C[C@]12CCC3c4ccc(OS(N)(=O)=O)cc4CCC3C1CC[C@@H]2OS(N)(=O)=O,7.384311
192,COc2ccc(S(=O)(=O)N(CC(=O)NO)OCc1ccccc1)cc2,COc1ccc(S(=O)(=O)N(CC(=O)NO)OCc2ccccc2)cc1,7.2771034
193,Cn1nc(S(N)(=O)=O)s/c1=N/C(=O)CN(CCN(CC(O)=O)c2ccccc2O)c3ccccc3O,Cn1nc(S(N)(=O)=O)s/c1=N\C(=O)CN(CCN(CC(=O)O)c1ccccc1O)c1ccccc1O,9.667004
194,NS(=O)(=O)c3cc(C2(O)NC(=O)c1ccccc12)ccc3Cl,NS(=O)(=O)c1cc(C2(O)NC(=O)c3ccccc32)ccc1Cl,7.199824
195,NS(=O)(=O)c3ccc(CCn2c(=O)c1cccnc1c2=O)cc3,NS(=O)(=O)c1ccc(CCN2C(=O)c3cccnc3C2=O)cc1,5.359043
196,Cc2cc(C)[n+](CC(=O)\N=c1\sc(S(N)(=O)=O)nn1C)c(C)c2,Cc1cc(C)[n+](CC(=O)/N=c2/sc(S(N)(=O)=O)nn2C)c(C)c1,7.5756254
197,NS(=O)(=O)c2nnc(NS(=O)(=O)Cc1ccccc1)s2,NS(=O)(=O)c1nnc(NS(=O)(=O)Cc2ccccc2)s1,7.5564394
198,CNC(=O)COc2ccc(COC(=O)[C@H](C)\N=C(/S)Nc1ccc(S(N)(=O)=O)cc1)cc2,CNC(=O)COc1ccc(COC(=O)[C@H](C)/N=C(\S)Nc2ccc(S(N)(=O)=O)cc2)cc1,5.8104205
199,NS(=O)(=O)c3cc2cc(C(=O)NCCN1CCSCC1)sc2s3,NS(=O)(=O)c1cc2cc(C(=O)NCCN3CCSCC3)sc2s1,5.6514616
200,NS(=O)(=O)c3ccc(CC/N=C/c2coc1ccccc1c2=O)cc3,NS(=O)(=O)c1ccc(CC/N=C/c2coc3ccccc3c2=O)cc1,6.653028
201,Cc2cc(c1ccccc1)cc(C)[n+]2CC(=O)NCCc3ccc(S(N)(=O)=O)cc3,Cc1cc(-c2ccccc2)cc(C)[n+]1CC(=O)NCCc1ccc(S(N)(=O)=O)cc1,7.0805783
202,NS(=O)(=O)c3ccc(NC(=O)CN(CCN(CC(O)=O)c1ccccc1O)c2ccccc2O)c(Br)c3,NS(=O)(=O)c1ccc(NC(=O)CN(CCN(CC(=O)O)c2ccccc2O)c2ccccc2O)c(Br)c1,9.230399
203,NS(=O)(=O)c3cc2cc(CNCc1ccccn1)sc2o3,NS(=O)(=O)c1cc2cc(CNCc3ccccn3)sc2o1,5.853116
204,Cc4cc(C)[n+](NC(=O)c2[nH]c1ccc(S(N)(=O)=O)cc1c2c3c(F)c(F)c(F)c(F)c3F)c(C)c4,Cc1cc(C)[n+](NC(=O)c2[nH]c3ccc(S(N)(=O)=O)cc3c2-c2c(F)c(F)c(F)c(F)c2F)c(C)c1,9.537548
205,NS(=O)(=O)c3ccc(C(=O)N[C@H](C(=O)NCC(=O)NCC(=O)OCc1ccccc1)c2ccccc2)cc3,NS(=O)(=O)c1ccc(C(=O)N[C@H](C(=O)NCC(=O)NCC(=O)OCc2ccccc2)c2ccccc2)cc1,6.932217
206,NS(=O)(=O)c3ccc(C/N=C/c2coc1ccccc1c2=O)cc3,NS(=O)(=O)c1ccc(C/N=C/c2coc3ccccc3c2=O)cc1,6.411791
207,Cc2cc(C)[n+](c1ccc(S(N)(=O)=O)cc1)c(C)c2C,Cc1cc(C)[n+](-c2ccc(S(N)(=O)=O)cc2)c(C)c1C,7.664868
208,NS(=O)(=O)c2ccc(CSCc1ccc(C(O)=O)cc1)cc2,NS(=O)(=O)c1ccc(CSCc2ccc(C(=O)O)cc2)cc1,6.6595573
209,Cn1cccc1\C=N\Cc2ccc(S(N)(=O)=O)cc2,Cn1cccc1/C=N/Cc1ccc(S(N)(=O)=O)cc1,5.3599386
210,NS(=O)(=O)Oc3ccc2c1CCCCCc1c(=O)oc2c3,NS(=O)(=O)Oc1ccc2c3c(c(=O)oc2c1)CCCCC3,5.1259246
211,NS(=O)(=O)c4nnc(NC(=O)CC23CC1CC(CC(C1)C2)C3)s4,NS(=O)(=O)c1nnc(NC(=O)CC23CC4CC(CC(C4)C2)C3)s1,6.7481537
212,NS(=O)(=O)c2nnc(NC(=O)c1cccc(C(O)=O)n1)s2,NS(=O)(=O)c1nnc(NC(=O)c2cccc(C(=O)O)n2)s1,6.958489
213,Cc2cc(c1ccccc1)cc(C)[n+]2CC(=O)Oc4ccc3nc(S(N)(=O)=O)sc3c4,Cc1cc(-c2ccccc2)cc(C)[n+]1CC(=O)Oc1ccc2nc(S(N)(=O)=O)sc2c1,8.816866
214,NS(=O)(=O)c2ccc(NC(=O)c1cccc(C(O)=O)n1)c(F)c2,NS(=O)(=O)c1ccc(NC(=O)c2cccc(C(=O)O)n2)c(F)c1,7.324792
215,NS(=O)(=O)c2ccc(CCOS(=O)(=O)c1c(F)c(F)c(F)c(F)c1F)cc2,NS(=O)(=O)c1ccc(CCOS(=O)(=O)c2c(F)c(F)c(F)c(F)c2F)cc1,8.362084
216,NS(=O)(=O)c2cc1S(=O)CCC(O)c1s2,NS(=O)(=O)c1cc2c(s1)C(O)CCS2=O,5.7989473
217,Cc3cc2c(SC(NNc1ccncc1S(N)(=O)=O)=NS2(=O)=O)cc3Cl,Cc1cc2c(cc1Cl)SC(NNc1ccncc1S(N)(=O)=O)=NS2(=O)=O,8.596273
218,NS(=O)(=O)c4ccc(NC(=O)CSc3nc2sc1CCCCc1c2c(=O)n3CC=C)cc4,C=CCn1c(SCC(=O)Nc2ccc(S(N)(=O)=O)cc2)nc2sc3c(c2c1=O)CCCC3,5.925501
219,CC2CCN(CC(=O)Nc1nnc(S(N)(=O)=O)s1)CC2,CC1CCN(CC(=O)Nc2nnc(S(N)(=O)=O)s2)CC1,6.3244953
220,CCN[C@H]1CN(CCCOC)S(=O)(=O)c2sc(S(N)(=O)=O)cc12,CCN[C@H]1CN(CCCOC)S(=O)(=O)c2sc(S(N)(=O)=O)cc21,7.185482
221,NS(=O)(=O)c3ccc(Sc1ccccc1)c(C(=O)NCc2ccccn2)c3,NS(=O)(=O)c1ccc(Sc2ccccc2)c(C(=O)NCc2ccccn2)c1,8.123567
222,NS(=O)(=O)c2ccc(CCNC(=O)CCCCCNc1ccn(O)c(=O)n1)cc2,NS(=O)(=O)c1ccc(CCNC(=O)CCCCCNc2ccn(O)c(=O)n2)cc1,6.892964
223,CC(C)(C)C(=O)Oc2ccc1sc(S(N)(=O)=O)cc1c2,CC(C)(C)C(=O)Oc1ccc2sc(S(N)(=O)=O)cc2c1,6.6290674
224,CC(C)(C)c2ccc(S(=O)(=O)CNc1ccc(S(N)(=O)=O)cc1)cc2,CC(C)(C)c1ccc(S(=O)(=O)CNc2ccc(S(N)(=O)=O)cc2)cc1,8.225143
225,C[C@H](CCC(=O)Nc2ccc1nc(S(N)(=O)=O)sc1c2)[C@H]6CC[C@H]5C4CC[C@@H]3C[C@H](O)CC[C@]3(C)[C@H]4CC[C@@]56C,C[C@H](CCC(=O)Nc1ccc2nc(S(N)(=O)=O)sc2c1)[C@H]1CC[C@H]2C3CC[C@@H]4C[C@H](O)CC[C@]4(C)[C@H]3CC[C@]12C,8.189511
226,NS(=O)(=O)c2nnc(NC(=O)CCNSC(=S)N1CCOCC1)s2,NS(=O)(=O)c1nnc(NC(=O)CCNSC(=S)N2CCOCC2)s1,5.8141375
227,C[C@H](CCC(=O)NCc1ccc(S(N)(=O)=O)cc1)[C@H]5CC[C@H]4C3[C@@H](O)C[C@@H]2C[C@H](O)CC[C@]2(C)[C@H]3CC[C@@]45C,C[C@H](CCC(=O)NCc1ccc(S(N)(=O)=O)cc1)[C@H]1CC[C@H]2C3[C@@H](O)C[C@@H]4C[C@H](O)CC[C@]4(C)[C@H]3CC[C@]12C,8.258978
228,NS(=O)(=O)c2ccc(CC/N=C(\S)NNCCN1CCOCC1)cc2,NS(=O)(=O)c1ccc(CC/N=C(\S)NNCCN2CCOCC2)cc1,6.6886554
229,NS(=O)(=O)c3cc2cc(CN1CCS(=O)CC1)sc2s3,NS(=O)(=O)c1cc2cc(CN3CCS(=O)CC3)sc2s1,6.594245
230,NS(=O)(=O)c2ccc(C(=O)NCC(=O)N1CCCC1C(O)=O)cc2,NS(=O)(=O)c1ccc(C(=O)NCC(=O)N2CCCC2C(=O)O)cc1,6.634989
231,NS(=O)(=O)c3ccc(/N=C/c2coc1ccccc1c2=O)cc3,NS(=O)(=O)c1ccc(/N=C/c2coc3ccccc3c2=O)cc1,6.3303323
232,Cn1nc(S(N)(=O)=O)s/c1=N/C(=O)c2c(F)c(F)cc(F)c2F,Cn1nc(S(N)(=O)=O)s/c1=N\C(=O)c1c(F)c(F)cc(F)c1F,8.598899
233,Cc2cc(c1ccccc1)cc(C)[n+]2c4ccc(S(=O)(=O)Nc3nnc(S(N)(=O)=O)s3)cc4,Cc1cc(-c2ccccc2)cc(C)[n+]1-c1ccc(S(=O)(=O)Nc2nnc(S(N)(=O)=O)s2)cc1,9.466931
234,NS(=O)(=O)c2ccc(C(=O)NCCC(=O)N[C@@H](Cc1c[nH]cn1)C(O)=O)cc2,NS(=O)(=O)c1ccc(C(=O)NCCC(=O)N[C@@H](Cc2c[nH]cn2)C(=O)O)cc1,6.3130026
235,NS(=O)(=O)c3ccc(CCNC(=O)CN(CC(O)=O)S(=O)(=O)c2ccc(Oc1ccccc1)cc2)cc3,NS(=O)(=O)c1ccc(CCNC(=O)CN(CC(=O)O)S(=O)(=O)c2ccc(Oc3ccccc3)cc2)cc1,8.717787
236,CCN(SC(=S)N1CCOCC1)C2CC(C)S(=O)(=O)c3sc(S(N)(=O)=O)cc23,CCN(SC(=S)N1CCOCC1)C1CC(C)S(=O)(=O)c2sc(S(N)(=O)=O)cc21,6.537488
237,NS(=O)(=O)c2nnc(NSC(=S)N1CCOCC1)s2,NS(=O)(=O)c1nnc(NSC(=S)N2CCOCC2)s1,4.7392383
238,NS(=O)(=O)N(Cc1ccccc1)Cc2ccccc2,NS(=O)(=O)N(Cc1ccccc1)Cc1ccccc1,4.927089
239,CC4(C)O[C@@H]3CO[C@@]2(CNC(=S)Nc1ccc(S(N)(=O)=O)cc1F)OC(C)(C)O[C@H]2[C@@H]3O4,CC1(C)O[C@@H]2[C@@H](CO[C@@]3(CNC(=S)Nc4ccc(S(N)(=O)=O)cc4F)OC(C)(C)O[C@@H]23)O1,5.2440963
240,COc4ccc(S(=O)(=O)N(CC(=O)NO)OC2C1CC3CC(C1)CC2C3)cc4,COc1ccc(S(=O)(=O)N(CC(=O)NO)OC2C3CC4CC(C3)CC2C4)cc1,7.771609
241,Nc2nc(N)nc(NCCc1ccc(S(N)(=O)=O)cc1)n2,Nc1nc(N)nc(NCCc2ccc(S(N)(=O)=O)cc2)n1,6.1419463
242,NS(=O)(=O)c1cc2c(s1)C(=O)CCS2(=O)=O,NS(=O)(=O)c1cc2c(s1)C(=O)CCS2(=O)=O,5.588925
243,NS(=O)(=O)c2ccc(CCNC(=S)Nc1ccccc1)cc2,NS(=O)(=O)c1ccc(CCNC(=S)Nc2ccccc2)cc1,5.9443793
244,COc3ccc(CNC(=O)c1cc(S(N)(=O)=O)cnc1Sc2ccc(F)c(F)c2)cc3,COc1ccc(CNC(=O)c2cc(S(N)(=O)=O)cnc2Sc2ccc(F)c(F)c2)cc1,8.891918
245,CO[C@H]3O[C@H](Cn2cc(COC(=O)c1ccc(S(N)(=O)=O)cc1)nn2)[C@@H](O)[C@H](O)[C@H]3O,CO[C@H]1O[C@H](Cn2cc(COC(=O)c3ccc(S(N)(=O)=O)cc3)nn2)[C@@H](O)[C@H](O)[C@H]1O,6.527959
246,Cc3cc(C)[n+](c2ccc(S(=O)(=O)Nc1nnc(S(N)(=O)=O)s1)cc2)c(C)c3,Cc1cc(C)[n+](-c2ccc(S(=O)(=O)Nc3nnc(S(N)(=O)=O)s3)cc2)c(C)c1,10.143598
247,COc2ccc(S(=O)(=O)N(CC(=O)NO)CC(=O)NCCc1ccc(S(N)(=O)=O)cc1)cc2,COc1ccc(S(=O)(=O)N(CC(=O)NO)CC(=O)NCCc2ccc(S(N)(=O)=O)cc2)cc1,8.846957
248,NS(=O)(=O)c2ccc(CNc1nc(Cl)nc(Cl)n1)cc2,NS(=O)(=O)c1ccc(CNc2nc(Cl)nc(Cl)n2)cc1,7.479234
249,CC(C)c2cc(c1ccccc1)cc(C(C)C)[n+]2c3ccc(S(N)(=O)=O)cc3,CC(C)c1cc(-c2ccccc2)cc(C(C)C)[n+]1-c1ccc(S(N)(=O)=O)cc1,7.1659164
250,NS(=O)(=O)c3ccc(CNS(=O)(=O)[C@@H]2O[C@H](CO)[C@@H](O[C@H]1O[C@H](CO)[C@@H](O)[C@H](O)[C@H]1O)[C@H](O)[C@H]2O)cc3,NS(=O)(=O)c1ccc(CNS(=O)(=O)[C@@H]2O[C@H](CO)[C@@H](O[C@H]3O[C@H](CO)[C@@H](O)[C@H](O)[C@H]3O)[C@H](O)[C@H]2O)cc1,8.671061
251,NS(=O)(=O)c4ccc(c3cn([C@@H]2O[C@H](CO)[C@@H](O[C@H]1O[C@H](CO)[C@@H](O)[C@H](O)[C@H]1O)[C@H](O)[C@H]2O)nn3)cc4,NS(=O)(=O)c1ccc(-c2cn([C@@H]3O[C@H](CO)[C@@H](O[C@H]4O[C@H](CO)[C@@H](O)[C@H](O)[C@H]4O)[C@H](O)[C@H]3O)nn2)cc1,7.2955904
252,NS(=O)(=O)c1cnccc1Sc2nnns2,NS(=O)(=O)c1cnccc1Sc1nnns1,0.023825329
253,Cn1nnnc1Sc2ccncc2S(N)(=O)=O,Cn1nnnc1Sc1ccncc1S(N)(=O)=O,0.62318385
254,NS(=O)(=O)c3cnc(Sc1c(F)c(F)cc(F)c1F)c(C(=O)NCc2ccccn2)c3,NS(=O)(=O)c1cnc(Sc2c(F)c(F)cc(F)c2F)c(C(=O)NCc2ccccn2)c1,9.083568
255,NS(=O)(=O)c2ccc(NC(=O)CCCCCNc1ccn(O)c(=O)n1)cc2,NS(=O)(=O)c1ccc(NC(=O)CCCCCNc2ccn(O)c(=O)n2)cc1,6.928265
256,C[C@H](CCC(=O)NNc1ccc(S(N)(=O)=O)cc1)[C@H]5CC[C@H]4C3[C@@H](O)C[C@@H]2C[C@H](O)CC[C@]2(C)[C@H]3CC[C@@]45C,C[C@H](CCC(=O)NNc1ccc(S(N)(=O)=O)cc1)[C@H]1CC[C@H]2C3[C@@H](O)C[C@@H]4C[C@H](O)CC[C@]4(C)[C@H]3CC[C@]12C,8.168886
257,NS(=O)(=O)c2nnc(NC(=O)CN1CCOCC1)s2,NS(=O)(=O)c1nnc(NC(=O)CN2CCOCC2)s1,6.2486086
258,CC(C)[C@@H](C(=O)N2CC1CCC(CC1)C2)n4cc(c3ccc(S(N)(=O)=O)cc3)nn4,CC(C)[C@@H](C(=O)N1CC2CCC(CC2)C1)n1cc(-c2ccc(S(N)(=O)=O)cc2)nn1,5.7396803
259,NS(=O)(=O)c2ccc(C(=O)NNC(=O)NS(=O)(=O)c1ccc(Cl)cc1)cc2,NS(=O)(=O)c1ccc(C(=O)NNC(=O)NS(=O)(=O)c2ccc(Cl)cc2)cc1,7.5335093
260,CC2CCN(CCCC(=O)Nc1ccc(S(N)(=O)=O)cc1)CC2,CC1CCN(CCCC(=O)Nc2ccc(S(N)(=O)=O)cc2)CC1,6.2655087
261,NS(=O)(=O)c2ccc(n1cc(CO)nn1)cc2,NS(=O)(=O)c1ccc(-n2cc(CO)nn2)cc1,6.05869
262,Cc4ncc(CO)c(CNc3nc(NCc1ccc(S(N)(=O)=O)cc1)nc(NCc2c(O)c(C)ncc2CO)n3)c4O,Cc1ncc(CO)c(CNc2nc(NCc3ccc(S(N)(=O)=O)cc3)nc(NCc3c(CO)cnc(C)c3O)n2)c1O,8.992648
263,C[C@H](CCC(=O)Nc1ccc(S(N)(=O)=O)cc1F)[C@H]5CC[C@H]4C3[C@@H](O)C[C@@H]2C[C@H](O)CC[C@]2(C)[C@H]3CC[C@@]45C,C[C@H](CCC(=O)Nc1ccc(S(N)(=O)=O)cc1F)[C@H]1CC[C@H]2C3[C@@H](O)C[C@@H]4C[C@H](O)CC[C@]4(C)[C@H]3CC[C@]12C,8.370405
264,NS(=O)(=O)c4nnc(NC(=O)C23CC1CC(CC(C1)C2)C3)s4,NS(=O)(=O)c1nnc(NC(=O)C23CC4CC(CC(C4)C2)C3)s1,6.213529
265,NC(Cc1ccccc1)C(=O)NC(=S)NCCc2ccc(S(N)(=O)=O)cc2,NC(Cc1ccccc1)C(=O)NC(=S)NCCc1ccc(S(N)(=O)=O)cc1,8.099734
266,NS(=O)(=O)Oc3ccc(c2cc(Cn1cncn1)ccc2C#N)cc3Cl,N#Cc1ccc(Cn2cncn2)cc1-c1ccc(OS(N)(=O)=O)c(Cl)c1,7.773646
267,CCCCOC1CS(=O)(=O)c2cc(S(N)(=O)=O)ccc12,CCCCOC1CS(=O)(=O)c2cc(S(N)(=O)=O)ccc21,5.8635044
268,Cc2c1CCCCCCCCCc(c1)c(C)[n+]2c4ccc(S(=O)(=O)Nc3nnc(S(N)(=O)=O)s3)cc4,Cc1c2cc(c(C)[n+]1-c1ccc(S(=O)(=O)Nc3nnc(S(N)(=O)=O)s3)cc1)CCCCCCCCC2,10.105246
269,NS(=O)(=O)c2ccc(CC/N=C/c1ccc(S(O)(=O)=O)o1)cc2,NS(=O)(=O)c1ccc(CC/N=C/c2ccc(S(=O)(=O)O)o2)cc1,8.420155
270,Cc3cc(c1ccccc1)cc(c2ccccc2)[n+]3CCc4ccc(S(N)(=O)=O)cc4,Cc1cc(-c2ccccc2)cc(-c2ccccc2)[n+]1CCc1ccc(S(N)(=O)=O)cc1,5.881964
271,NS(=O)(=O)c2ccc(NC(=O)CCCN1CCOCC1)cc2,NS(=O)(=O)c1ccc(NC(=O)CCCN2CCOCC2)cc1,5.765365
272,Cc2ccc(S(=O)(=O)NC(=O)Nc1nnc(S(N)(=O)=O)s1)cc2,Cc1ccc(S(=O)(=O)NC(=O)Nc2nnc(S(N)(=O)=O)s2)cc1,7.1987453
273,NS(=O)(=O)c3cc2NCC1(CC1)S(=O)(=O)c2s3,NS(=O)(=O)c1cc2c(s1)S(=O)(=O)C1(CC1)CN2,5.9161463
274,NS(=O)(=O)c3ccc(n2cc(CO[C@@H]1O[C@H](CO)[C@@H](O)[C@H]1O)nn2)cc3,NS(=O)(=O)c1ccc(-n2cc(CO[C@@H]3O[C@H](CO)[C@@H](O)[C@H]3O)nn2)cc1,5.5416126
275,NS(=O)(=O)c2ccc(NC(=O)CN1CCOCC1)cc2,NS(=O)(=O)c1ccc(NC(=O)CN2CCOCC2)cc1,5.447254
276,NS(=O)(=O)c3ccc(CCNCc1cc(=O)oc2cc(Cl)ccc12)cc3,NS(=O)(=O)c1ccc(CCNCc2cc(=O)oc3cc(Cl)ccc23)cc1,8.003341
277,NS(=O)(=O)c3ccc2CC(NC(=O)c1c(F)c(F)c(F)c(F)c1F)Cc2c3,NS(=O)(=O)c1ccc2c(c1)CC(NC(=O)c1c(F)c(F)c(F)c(F)c1F)C2,7.7853675
278,NS(=O)(=O)c3nc2ccc(NS(=O)(=O)c1c(F)c(F)c(F)c(F)c1F)cc2s3,NS(=O)(=O)c1nc2ccc(NS(=O)(=O)c3c(F)c(F)c(F)c(F)c3F)cc2s1,9.048553
279,NS(=O)(=O)c2ccc(NC(=O)Cc1cccs1)cc2,NS(=O)(=O)c1ccc(NC(=O)Cc2cccs2)cc1,5.8115883
280,Cc1cc(=O)oc2cc(OS(N)(=O)=O)ccc12,Cc1cc(=O)oc2cc(OS(N)(=O)=O)ccc12,5.1472054
281,NS(=O)(=O)c3cc2cc(C(=O)NCCN1CCOCC1)sc2s3,NS(=O)(=O)c1cc2cc(C(=O)NCCN3CCOCC3)sc2s1,5.590571
282,Cc2cc(C)[n+](CC(=O)NCCC(=O)Nc1nnc(S(N)(=O)=O)s1)c(C)c2,Cc1cc(C)[n+](CC(=O)NCCC(=O)Nc2nnc(S(N)(=O)=O)s2)c(C)c1,7.4079275
283,NS(=O)(=O)c3ccc(CCNC(=O)CN(CC(O)=O)S(=O)(=O)c2ccc(c1ccccc1)cc2)cc3,NS(=O)(=O)c1ccc(CCNC(=O)CN(CC(=O)O)S(=O)(=O)c2ccc(-c3ccccc3)cc2)cc1,8.732444
284,NS(=O)(=O)c2ccc(Nc1ncc(Br)c(NCC#C)n1)cc2,C#CCNc1nc(Nc2ccc(S(N)(=O)=O)cc2)ncc1Br,6.2185564
285,NS(=O)(=O)OC1CCCCC1,NS(=O)(=O)OC1CCCCC1,5.1998777
286,CCCC(CCC)C(=O)NC2Cc1ccc(S(N)(=O)=O)cc1C2,CCCC(CCC)C(=O)NC1Cc2ccc(S(N)(=O)=O)cc2C1,6.248868
287,NS(=O)(=O)c3ccc(NC(/S)=N/C(Cc1c[nH]c2ccccc12)C(O)=O)cc3,NS(=O)(=O)c1ccc(N/C(S)=N/C(Cc2c[nH]c3ccccc23)C(=O)O)cc1,7.4331656
288,CCCCc2ccc(COC(=O)CNC(=O)CNC(=O)CNC(=O)c1ccc(S(N)(=O)=O)cc1)cc2,CCCCc1ccc(COC(=O)CNC(=O)CNC(=O)CNC(=O)c2ccc(S(N)(=O)=O)cc2)cc1,6.505547
289,NS(=O)(=O)c4ccc(Nc3nc(Oc1ccccc1)nc(Oc2ccccc2)n3)cc4,NS(=O)(=O)c1ccc(Nc2nc(Oc3ccccc3)nc(Oc3ccccc3)n2)cc1,7.7838526
290,CN(C)Cc2cc(S(=O)(=O)c1ccc(S(N)(=O)=O)s1)ccc2O,CN(C)Cc1cc(S(=O)(=O)c2ccc(S(N)(=O)=O)s2)ccc1O,8.668329
291,NS(=O)(=O)Cc1noc2ccccc12,NS(=O)(=O)Cc1noc2ccccc12,7.053776
292,Cc2cc(C)[n+](CC(=O)Nc1c(Cl)c(Cl)c(S(N)(=O)=O)cc1S(N)(=O)=O)c(C)c2,Cc1cc(C)[n+](CC(=O)Nc2c(S(N)(=O)=O)cc(S(N)(=O)=O)c(Cl)c2Cl)c(C)c1,8.8060465
293,O=S(=O)(NCC1CC1)c3ccc2C=CS(=O)(=O)c2c3,O=S1(=O)C=Cc2ccc(S(=O)(=O)NCC3CC3)cc21,4.299679
294,NS(=O)(=O)c2ccc(C(=O)NNC(=O)Nc1ccc(N(=O)=O)cc1)cc2,NS(=O)(=O)c1ccc(C(=O)NNC(=O)Nc2ccc([N+](=O)[O-])cc2)cc1,7.682065
295,NS(=O)(=O)Nc2ccc1ccccc1c2,NS(=O)(=O)Nc1ccc2ccccc2c1,7.1326256
296,CCN1CCCC1CNC(=O)c2cc(S(N)(=O)=O)ccc2OC,CCN1CCCC1CNC(=O)c1cc(S(N)(=O)=O)ccc1OC,5.525771
297,NS(=O)(=O)c2ccc(NNC(=O)c1c(F)c(F)c(F)c(F)c1F)cc2,NS(=O)(=O)c1ccc(NNC(=O)c2c(F)c(F)c(F)c(F)c2F)cc1,7.30334
298,NS(=O)(=O)c2ccc(CC/N=C(\S)NNc1ccccc1F)cc2,NS(=O)(=O)c1ccc(CC/N=C(\S)NNc2ccccc2F)cc1,5.9538774
299,NS(=O)(=O)c4ccc(C(=O)NCC23CC1CC(CC(C1)C2)C3)cc4,NS(=O)(=O)c1ccc(C(=O)NCC23CC4CC(CC(C4)C2)C3)cc1,5.343729
300,NS(=O)(=O)c2ccc(C(=O)N[C@@H](Cc1c[nH]cn1)C(=O)NCC(O)=O)cc2,NS(=O)(=O)c1ccc(C(=O)N[C@@H](Cc2c[nH]cn2)C(=O)NCC(=O)O)cc1,5.8936167
301,Cc2cc(c1ccccc1)cc(C)[n+]2CC(=O)Nc4nccc(Nc3ccc(S(N)(=O)=O)cc3)n4,Cc1cc(-c2ccccc2)cc(C)[n+]1CC(=O)Nc1nccc(Nc2ccc(S(N)(=O)=O)cc2)n1,7.9178486
302,NS(=O)(=O)N1CCCCCC1,NS(=O)(=O)N1CCCCCC1,4.503961
303,CCc3cc(c1ccccc1)cc(c2ccccc2)[n+]3c5ccc(S(=O)(=O)Nc4nnc(S(N)(=O)=O)s4)cc5,CCc1cc(-c2ccccc2)cc(-c2ccccc2)[n+]1-c1ccc(S(=O)(=O)Nc2nnc(S(N)(=O)=O)s2)cc1,8.997734
304,Cn1nc(S(N)(=O)=O)s\c1=N/S(=O)(=O)c4ccc(NCc2cc(=O)oc3cc(Cl)ccc23)cc4,Cn1nc(S(N)(=O)=O)s/c1=N/S(=O)(=O)c1ccc(NCc2cc(=O)oc3cc(Cl)ccc23)cc1,9.640247
305,NS(=O)(=O)c2ccc(CC/N=C/c1ccccc1F)cc2,NS(=O)(=O)c1ccc(CC/N=C/c2ccccc2F)cc1,6.037587
306,CC(=O)OC[C@H]3O[C@@H](OCc2cn(c1ccc(S(N)(=O)=O)cc1)nn2)[C@H](OC(C)=O)[C@@H](OC(C)=O)[C@H]3OC(C)=O,CC(=O)OC[C@H]1O[C@@H](OCc2cn(-c3ccc(S(N)(=O)=O)cc3)nn2)[C@H](OC(C)=O)[C@@H](OC(C)=O)[C@H]1OC(C)=O,5.4104357
307,NS(=O)(=O)c2ccc(C(=O)NCc1ccccc1)cc2,NS(=O)(=O)c1ccc(C(=O)NCc2ccccc2)cc1,6.654417
308,CC(C)(C)c2ccc(S(=O)(=O)CCNc1ccc(S(N)(=O)=O)cc1)cc2,CC(C)(C)c1ccc(S(=O)(=O)CCNc2ccc(S(N)(=O)=O)cc2)cc1,8.208544
309,Cc3cc(C)[n+](CC(=O)Nc2ccc(S(=O)(=O)\N=c1\sc(S(N)(=O)=O)nn1C)cc2)c(C)c3,Cc1cc(C)[n+](CC(=O)Nc2ccc(S(=O)(=O)/N=c3/sc(S(N)(=O)=O)nn3C)cc2)c(C)c1,8.792035
310,NS(=O)(=O)c2ccc1c(C=CS1(=O)=O)c2,NS(=O)(=O)c1ccc2c(c1)C=CS2(=O)=O,5.717528
311,NS(=O)(=O)c2ccc(CNC(=O)Cc1cccs1)cc2,NS(=O)(=O)c1ccc(CNC(=O)Cc2cccs2)cc1,5.651739
312,NS(=O)(=O)c3ccc(NNC(=O)CN(CCN(CC(O)=O)c1ccccc1O)c2ccccc2O)cc3,NS(=O)(=O)c1ccc(NNC(=O)CN(CCN(CC(=O)O)c2ccccc2O)c2ccccc2O)cc1,8.798444
313,NS(=O)(=O)c2ccc(NC(/S)=N\CCc1ccccn1)cc2,NS(=O)(=O)c1ccc(N/C(S)=N\CCc2ccccn2)cc1,6.2744584
314,N[C@@H](Cc1ccccc1)C(=O)Nc2nnc(S(N)(=O)=O)s2,N[C@@H](Cc1ccccc1)C(=O)Nc1nnc(S(N)(=O)=O)s1,8.196198
315,C#N,C#N,2.5746078e-12
316,Cc3cc(c1ccccc1)cc(c2ccccc2)[n+]3Cc4ccc(S(N)(=O)=O)cc4,Cc1cc(-c2ccccc2)cc(-c2ccccc2)[n+]1Cc1ccc(S(N)(=O)=O)cc1,4.2635775
317,NS(=O)(=O)c2cc1C(O)CCSc1s2,NS(=O)(=O)c1cc2c(s1)SCCC2O,5.4923844
318,C[C@]12CCC3C(C1CCC2=O)C(=O)C=C4CC(OS(N)(=O)=O)CC[C@]34C,C[C@]12CCC(OS(N)(=O)=O)CC1=CC(=O)C1C2CC[C@]2(C)C(=O)CCC12,4.6798096
319,NS(=O)(=O)c2ccc(NC(=O)Nc1c(F)c(F)c(F)c(F)c1F)cc2,NS(=O)(=O)c1ccc(NC(=O)Nc2c(F)c(F)c(F)c(F)c2F)cc1,6.8985977
320,NS(=O)(=O)c2ccc(CCNS(=O)(=O)[C@@H]1O[C@H](C(O)=O)[C@H](O)[C@H](O)[C@H]1O)cc2,NS(=O)(=O)c1ccc(CCNS(=O)(=O)[C@@H]2O[C@H](C(=O)O)[C@H](O)[C@H](O)[C@H]2O)cc1,7.354958
321,NS(=O)(=O)c2ccc(CCNSC(=S)N1CCOCC1)cc2,NS(=O)(=O)c1ccc(CCNSC(=S)N2CCOCC2)cc1,5.737643
322,CC(=O)OC[C@H]2O[C@@H](SNCc1ccc(S(N)(=O)=O)cc1)[C@H](OC(C)=O)[C@@H](OC(C)=O)[C@H]2OC(C)=O,CC(=O)OC[C@H]1O[C@@H](SNCc2ccc(S(N)(=O)=O)cc2)[C@H](OC(C)=O)[C@@H](OC(C)=O)[C@H]1OC(C)=O,7.290811
323,NS(=O)(=O)c5ccc(C(=O)NNC(=O)Nc4ccc(C23CC1CC(CC(C1)C2)C3)cc4)cc5,NS(=O)(=O)c1ccc(C(=O)NNC(=O)Nc2ccc(C34CC5CC(CC(C5)C3)C4)cc2)cc1,7.887378
324,CCN(C1CC(C)S(=O)(=O)c2sc(S(N)(=O)=O)cc12)C(=O)c3cccc(C(O)=O)n3,CCN(C(=O)c1cccc(C(=O)O)n1)C1CC(C)S(=O)(=O)c2sc(S(N)(=O)=O)cc21,7.4429708
325,NS(=O)(=O)c3nc2ccc(NC(=O)c1c(F)c(F)c(F)c(F)c1F)cc2s3,NS(=O)(=O)c1nc2ccc(NC(=O)c3c(F)c(F)c(F)c(F)c3F)cc2s1,8.556326
326,NS(=O)(=O)c2cc1c(CC(O)CS1(=O)=O)s2,NS(=O)(=O)c1cc2c(s1)CC(O)CS2(=O)=O,5.8871927
327,NS(=O)(=O)c2ccc(C(=O)NC(=O)c1ccco1)cc2,NS(=O)(=O)c1ccc(C(=O)NC(=O)c2ccco2)cc1,6.0184383
328,NS(=O)(=O)Oc2ccc(c1ccccc1)cc2,NS(=O)(=O)Oc1ccc(-c2ccccc2)cc1,6.731534
329,NS(=O)(=O)c2ccc(NC(/S)=N/C(C(O)=O)c1ccccc1)cc2,NS(=O)(=O)c1ccc(N/C(S)=N/C(C(=O)O)c2ccccc2)cc1,6.819064
330,NS(=O)(=O)c3ccc(Oc1ccccc1)c(C(=O)NCc2ccccc2)c3,NS(=O)(=O)c1ccc(Oc2ccccc2)c(C(=O)NCc2ccccc2)c1,8.3906555
331,NCCCN2CCN(CCCN/N=C(\S)NCCc1ccc(S(N)(=O)=O)cc1)CC2,NCCCN1CCN(CCCN/N=C(\S)NCCc2ccc(S(N)(=O)=O)cc2)CC1,7.0098586
332,NS(=O)(=O)c2ccc(/N=C/c1ccccc1)cc2,NS(=O)(=O)c1ccc(/N=C/c2ccccc2)cc1,5.763796
333,Nc3c(C#N)c2nc1ccccc1nc2n3c4cccc(S(N)(=O)=O)c4,N#Cc1c(N)n(-c2cccc(S(N)(=O)=O)c2)c2nc3ccccc3nc12,4.434005
334,NS(=O)(=O)c2ccc(CONC(=O)c1cccc(C(O)=O)n1)cc2,NS(=O)(=O)c1ccc(CONC(=O)c2cccc(C(=O)O)n2)cc1,7.084205
335,NS(=O)(=O)c4nnc(NS(=O)(=O)c3ccc(NCc1cc(=O)oc2cc(Cl)ccc12)cc3)s4,NS(=O)(=O)c1nnc(NS(=O)(=O)c2ccc(NCc3cc(=O)oc4cc(Cl)ccc34)cc2)s1,9.040689
336,NS(=O)(=O)c2ccc(CC/N=C/c1ccncc1)cc2,NS(=O)(=O)c1ccc(CC/N=C/c2ccncc2)cc1,5.935677
337,NS(=O)(=O)c3nnc(Nn2c(=O)c1cccnc1c2=O)s3,NS(=O)(=O)c1nnc(NN2C(=O)c3cccnc3C2=O)s1,7.3370104
338,NS(=O)(=O)c3nc2ccc(NC(=O)c1cccc(C(O)=O)n1)cc2s3,NS(=O)(=O)c1nc2ccc(NC(=O)c3cccc(C(=O)O)n3)cc2s1,7.4539113
339,NS(=O)(=O)c3nc2ccc(ONC(=O)c1cccc(C(O)=O)n1)cc2s3,NS(=O)(=O)c1nc2ccc(ONC(=O)c3cccc(C(=O)O)n3)cc2s1,6.6387563
340,Cc2cc(C)[n+](CC(=O)NNc1ccc(S(N)(=O)=O)cc1)c(C)c2,Cc1cc(C)[n+](CC(=O)NNc2ccc(S(N)(=O)=O)cc2)c(C)c1,6.551883
341,Nc2c(F)cc(S(=O)(=O)Nc1nnc(S(N)(=O)=O)s1)cc2Br,Nc1c(F)cc(S(=O)(=O)Nc2nnc(S(N)(=O)=O)s2)cc1Br,8.286432
342,NS(=O)(=O)c3ccc(C(=O)NCc2cn([C@@H]1O[C@H](CO)[C@H](O)[C@H](O)[C@H]1O)nn2)cc3,NS(=O)(=O)c1ccc(C(=O)NCc2cn([C@@H]3O[C@H](CO)[C@H](O)[C@H](O)[C@H]3O)nn2)cc1,6.8396893
343,Cn1nc(S(N)(=O)=O)s/c1=N\Cc2cc(=O)oc3cc(Cl)ccc23,Cn1nc(S(N)(=O)=O)s/c1=N/Cc1cc(=O)oc2cc(Cl)ccc12,8.316723
344,NS(=O)(=O)c2ccc(CNS(=O)(=O)[C@@H]1O[C@H](C(O)=O)[C@H](O)[C@H](O)[C@H]1O)cc2,NS(=O)(=O)c1ccc(CNS(=O)(=O)[C@@H]2O[C@H](C(=O)O)[C@H](O)[C@H](O)[C@H]2O)cc1,7.341708
345,NS(=O)(=O)c2ccc(CCNC(=O)CN(CC(=O)NO)Cc1ccccc1)cc2,NS(=O)(=O)c1ccc(CCNC(=O)CN(CC(=O)NO)Cc2ccccc2)cc1,7.688305
346,NS(=O)(=O)c2ccc(Sc1c(F)c(F)cc(F)c1F)nc2,NS(=O)(=O)c1ccc(Sc2c(F)c(F)cc(F)c2F)nc1,8.937743
347,CN3CCN(\N=C(/S)Nc2ccc(S(=O)(=O)Nc1nnc(S(N)(=O)=O)s1)cc2)CC3,CN1CCN(/N=C(\S)Nc2ccc(S(=O)(=O)Nc3nnc(S(N)(=O)=O)s3)cc2)CC1,7.2369075
348,Cn1nc(S(N)(=O)=O)s\c1=N/C(=O)c2cccc(C(O)=O)n2,Cn1nc(S(N)(=O)=O)s/c1=N/C(=O)c1cccc(C(=O)O)n1,6.9026523
349,Nc2ccc(N=Nc1cccc(S(N)(=O)=O)c1)cc2,Nc1ccc(/N=N/c2cccc(S(N)(=O)=O)c2)cc1,6.229807
350,NS(=O)(=O)c3cc2cc(CNCC1CC1)sc2s3,NS(=O)(=O)c1cc2cc(CNCC3CC3)sc2s1,4.3711987
351,NS(=O)(=O)c3ccc(CCNS(=O)(=O)c2ccc(NC(=O)c1c(F)c(F)cc(F)c1F)cc2)cc3,NS(=O)(=O)c1ccc(CCNS(=O)(=O)c2ccc(NC(=O)c3c(F)c(F)cc(F)c3F)cc2)cc1,8.016787
352,NS(=O)(=O)c3ccc(n2cc(CS(=O)(=O)[C@@H]1O[C@H](CO)[C@@H](O)[C@H](O)[C@H]1O)nn2)cc3,NS(=O)(=O)c1ccc(-n2cc(CS(=O)(=O)[C@@H]3O[C@H](CO)[C@@H](O)[C@H](O)[C@H]3O)nn2)cc1,6.8860836
353,COCCN(CCOC)Cc2cc1sc(S(N)(=O)=O)cc1s2,COCCN(CCOC)Cc1cc2sc(S(N)(=O)=O)cc2s1,6.241798
354,NS(=O)(=O)c2ccc(C(=O)NCC(=O)NCC(=O)NC(Cc1ccc(Cl)cc1)C(O)=O)cc2,NS(=O)(=O)c1ccc(C(=O)NCC(=O)NCC(=O)NC(Cc2ccc(Cl)cc2)C(=O)O)cc1,7.737471
355,NS(=O)(=O)c3nc2ccc(OCCOS(=O)(=O)c1c(F)c(F)c(F)c(F)c1F)cc2s3,NS(=O)(=O)c1nc2ccc(OCCOS(=O)(=O)c3c(F)c(F)c(F)c(F)c3F)cc2s1,9.663422
356,NS(=O)(=O)c3ccc2C(NC(=O)C1CCCCC1)CCc2c3,NS(=O)(=O)c1ccc2c(c1)CCC2NC(=O)C1CCCCC1,5.040923
357,NS(=O)(=O)c4nc3ccc(n2c(=O)c1cccnc1c2=O)cc3s4,NS(=O)(=O)c1nc2ccc(N3C(=O)c4cccnc4C3=O)cc2s1,7.1824827
358,NS(=O)(=O)c2ccc(NC(/S)=N/C(Cc1c[nH]cn1)C(=O)NCC(O)=O)cc2,NS(=O)(=O)c1ccc(N/C(S)=N/C(Cc2c[nH]cn2)C(=O)NCC(=O)O)cc1,6.631818
359,Cc3cc(C)[n+](CC(=O)Oc2ccc1nc(S(N)(=O)=O)sc1c2)c(C)c3,Cc1cc(C)[n+](CC(=O)Oc2ccc3nc(S(N)(=O)=O)sc3c2)c(C)c1,8.145037
360,CC(=O)Nc2ccc(Nc1ccc(S(N)(=O)=O)cc1)cc2,CC(=O)Nc1ccc(Nc2ccc(S(N)(=O)=O)cc2)cc1,6.1578884
361,NS(=O)(=O)c3nnc(NC(=O)[C@H](Cc1ccccc1)NC(=O)OCc2ccccc2)s3,NS(=O)(=O)c1nnc(NC(=O)[C@H](Cc2ccccc2)NC(=O)OCc2ccccc2)s1,6.972341
362,NS(=O)(=O)OCC2Oc1ccccc1O2,NS(=O)(=O)OCC1Oc2ccccc2O1,4.1671433
363,CC4(C)O[C@@H]3CO[C@@]2(CNC(=S)NCCc1ccc(S(N)(=O)=O)cc1)OC(C)(C)O[C@H]2[C@@H]3O4,CC1(C)O[C@@H]2[C@@H](CO[C@@]3(CNC(=S)NCCc4ccc(S(N)(=O)=O)cc4)OC(C)(C)O[C@@H]23)O1,6.715026
364,NS(=O)(=O)c2ccc(CNS(=O)(=O)c1c(F)c(F)cc(F)c1F)cc2,NS(=O)(=O)c1ccc(CNS(=O)(=O)c2c(F)c(F)cc(F)c2F)cc1,7.976796
365,Cn1nc(S(N)(=O)=O)s\c1=N\SC(=S)N2CCOCC2,Cn1nc(S(N)(=O)=O)s/c1=N\SC(=S)N1CCOCC1,5.628902
366,NS(=O)(=O)c2nnc(c1ccccc1Cl)s2,NS(=O)(=O)c1nnc(-c2ccccc2Cl)s1,7.84173
367,NS(=O)(=O)c4ccc(CCNc3nc(Oc1ccccc1)nc(Oc2ccccc2)n3)cc4,NS(=O)(=O)c1ccc(CCNc2nc(Oc3ccccc3)nc(Oc3ccccc3)n2)cc1,7.5015297
368,NS(=O)(=O)c4ccc(CNc3nc(NCCN1CCNCC1)nc(NCCN2CCNCC2)n3)cc4,NS(=O)(=O)c1ccc(CNc2nc(NCCN3CCNCC3)nc(NCCN3CCNCC3)n2)cc1,7.628196
369,Cc2cc(c1ccccc1)cc(C)[n+]2CC(=O)\N=c3\sc(S(N)(=O)=O)nn3C,Cc1cc(-c2ccccc2)cc(C)[n+]1CC(=O)/N=c1/sc(S(N)(=O)=O)nn1C,7.863291
370,NS(=O)(=O)Nc2cccc(C(=O)c1ccccc1)c2,NS(=O)(=O)Nc1cccc(C(=O)c2ccccc2)c1,7.0579515
371,NS(=O)(=O)c2cc1SCCC(=O)c1s2,NS(=O)(=O)c1cc2c(s1)C(=O)CCS2,4.9017963
372,Cc2cc(c1ccccc1)cc(C)[n+]2CC(=O)Nc3nnc(S(N)(=O)=O)s3,Cc1cc(-c2ccccc2)cc(C)[n+]1CC(=O)Nc1nnc(S(N)(=O)=O)s1,7.8573303
373,NS(=O)(=O)c2nnc(NC(=O)c1ccco1)s2,NS(=O)(=O)c1nnc(NC(=O)c2ccco2)s1,6.702046
374,Cc2cc(C)[n+](CC(=O)NCc1ccc(S(N)(=O)=O)cc1)c(C)c2,Cc1cc(C)[n+](CC(=O)NCc2ccc(S(N)(=O)=O)cc2)c(C)c1,6.6483946
375,CC(C)(C)c2ccc(\C=N\Cc1ccc(S(N)(=O)=O)cc1)cc2,CC(C)(C)c1ccc(/C=N/Cc2ccc(S(N)(=O)=O)cc2)cc1,7.323844
376,NS(=O)(=O)c3ccc(C(=O)NCC(=O)NCC(=O)NC(Cc2ccc1ccccc1c2)C(O)=O)cc3,NS(=O)(=O)c1ccc(C(=O)NCC(=O)NCC(=O)NC(Cc2ccc3ccccc3c2)C(=O)O)cc1,7.361369
377,NS(=O)(=O)c2cc1SCCC(O)c1s2,NS(=O)(=O)c1cc2c(s1)C(O)CCS2,5.4420342
378,NS(=O)(=O)c3cc2cc(CN1CCOCC1)sc2o3,NS(=O)(=O)c1cc2cc(CN3CCOCC3)sc2o1,5.3290033
379,NS(=O)(=O)c3ccc(Cn2c(=O)c1cccnc1c2=O)cc3,NS(=O)(=O)c1ccc(CN2C(=O)c3cccnc3C2=O)cc1,5.5918937
380,NS(=O)(=O)c3nnc(NS(=O)(=O)c2ccc(NC(\S)=N\Nc1c(F)c(F)c(F)c(F)c1F)cc2)s3,NS(=O)(=O)c1nnc(NS(=O)(=O)c2ccc(N/C(S)=N/Nc3c(F)c(F)c(F)c(F)c3F)cc2)s1,9.49385
381,NS(=O)(=O)c4ccc(CNc3nc(Oc1ccccc1)nc(Oc2ccccc2)n3)cc4,NS(=O)(=O)c1ccc(CNc2nc(Oc3ccccc3)nc(Oc3ccccc3)n2)cc1,7.7715483
382,NS(=O)(=O)c3ccc(CNCc1cc(=O)oc2cc(Cl)ccc12)cc3,NS(=O)(=O)c1ccc(CNCc2cc(=O)oc3cc(Cl)ccc23)cc1,7.7813377
383,NS(=O)(=O)c3nnc(NS(=O)(=O)c2ccc(NSC(=S)N1CCOCC1)cc2)s3,NS(=O)(=O)c1nnc(NS(=O)(=O)c2ccc(NSC(=S)N3CCOCC3)cc2)s1,7.453414
384,NS(=O)(=O)c2cc1c(NCNS1(=O)=O)cc2S,NS(=O)(=O)c1cc2c(cc1S)NCNS2(=O)=O,7.206474
385,NS(=O)(=O)c5ccc(\N=C(S)\N=c4\ccc(=c2c1ccc(O)cc1oc3cc(O)ccc23)c(C(O)=O)c4)c(F)c5,NS(=O)(=O)c1ccc(/N=C(S)/N=C2/C=CC(=C3c4ccc(O)cc4Oc4cc(O)ccc43)C(C(=O)O)=C2)c(F)c1,8.450992
386,NS(=O)(=O)c3cc2cc(N1CCOCC1)sc2s3,NS(=O)(=O)c1cc2cc(N3CCOCC3)sc2s1,5.6469297
387,NS(=O)(=O)c2ccc(CNC(=O)Nc1c(F)c(F)c(F)c(F)c1F)cc2,NS(=O)(=O)c1ccc(CNC(=O)Nc2c(F)c(F)c(F)c(F)c2F)cc1,6.948903
388,NS(=O)(=O)c2ccc(CNC(=O)Cc1ccccc1)cc2,NS(=O)(=O)c1ccc(CNC(=O)Cc2ccccc2)cc1,5.968686
389,Cn1nc(S(N)(=O)=O)s/c1=N/C(=O)CCCCC(F)(F)C(F)(F)F,Cn1nc(S(N)(=O)=O)s/c1=N\C(=O)CCCCC(F)(F)C(F)(F)F,6.676379
390,COc2cc(/C=C/C(=O)\C=C(O)\C=C\c1ccc(O)c(OC)c1)ccc2O,COc1cc(/C=C/C(=O)/C=C(O)/C=C/c2ccc(O)c(OC)c2)ccc1O,4.838504
391,NS(=O)(=O)c2ccc(C(=O)OC\C=C\COC(=O)c1ccccc1)cc2,NS(=O)(=O)c1ccc(C(=O)OC/C=C/COC(=O)c2ccccc2)cc1,5.8457904
392,Cc2cc(c1ccccc1)cc(C)[n+]2CC(=O)Nc4ccc3nc(S(N)(=O)=O)sc3c4,Cc1cc(-c2ccccc2)cc(C)[n+]1CC(=O)Nc1ccc2nc(S(N)(=O)=O)sc2c1,7.726273
393,CN2CCN(CC(=O)Nc1nnc(S(N)(=O)=O)s1)CC2,CN1CCN(CC(=O)Nc2nnc(S(N)(=O)=O)s2)CC1,6.5013523
394,COCCN(CCOC)Cc2cc1cc(S(N)(=O)=O)oc1s2,COCCN(CCOC)Cc1cc2cc(S(N)(=O)=O)oc2s1,5.5982695
395,NS(=O)(=O)c3nnc(NC(=O)CN(CCN(CC(O)=O)c1ccccc1O)c2ccccc2O)s3,NS(=O)(=O)c1nnc(NC(=O)CN(CCN(CC(=O)O)c2ccccc2O)c2ccccc2O)s1,8.909723
396,NS(=O)(=O)c2nc1ccc(NS(=O)(=O)C(F)(F)C(F)(F)C(F)(F)C(F)(F)F)cc1s2,NS(=O)(=O)c1nc2ccc(NS(=O)(=O)C(F)(F)C(F)(F)C(F)(F)C(F)(F)F)cc2s1,8.242178
397,NS(=O)(=O)c3ccc(S(=O)(=O)Nc1cccc2[nH]cc(Cl)c12)cc3,NS(=O)(=O)c1ccc(S(=O)(=O)Nc2cccc3[nH]cc(Cl)c23)cc1,7.6975484
398,Cc5cc(c1ccccc1)[n+](c3ccc(S(=O)(=O)Nc2nnc(S(N)(=O)=O)s2)cc3)c(c4ccccc4)c5,Cc1cc(-c2ccccc2)[n+](-c2ccc(S(=O)(=O)Nc3nnc(S(N)(=O)=O)s3)cc2)c(-c2ccccc2)c1,8.959365
399,COc3cc2CCN(S(N)(=O)=O)C(c1ccc(N(=O)=O)cc1)c2cc3OC,COc1cc2c(cc1OC)C(c1ccc([N+](=O)[O-])cc1)N(S(N)(=O)=O)CC2,6.204418
400,NS(=O)(=O)c3cc(S(N)(=O)=O)c(NCc1cc(=O)oc2cc(Cl)ccc12)cc3Cl,NS(=O)(=O)c1cc(S(N)(=O)=O)c(NCc2cc(=O)oc3cc(Cl)ccc23)cc1Cl,9.198397
401,CC3(C)OCC(C2OC1OC(C)(C)OC1[C@H]2OS(N)(=O)=O)O3,CC1(C)OCC(C2OC3OC(C)(C)OC3[C@H]2OS(N)(=O)=O)O1,6.095403
402,NS(=O)(=O)c3nnc(NS(=O)(=O)c2ccc(NC(=O)c1c(F)c(F)c(F)c(F)c1F)cc2)s3,NS(=O)(=O)c1nnc(NS(=O)(=O)c2ccc(NC(=O)c3c(F)c(F)c(F)c(F)c3F)cc2)s1,8.736715
403,CC2CCN(CCC(=O)Nc1ccc(S(N)(=O)=O)cc1)CC2,CC1CCN(CCC(=O)Nc2ccc(S(N)(=O)=O)cc2)CC1,6.094961
404,NS(=O)(=O)c2ccc(NC(/S)=N/C(C(O)c1ccccc1)C(O)=O)cc2,NS(=O)(=O)c1ccc(N/C(S)=N/C(C(=O)O)C(O)c2ccccc2)cc1,7.439972
405,COCCOCCN(CCOC)C(Cc1ccc(F)cc1)c3cc2cc(S(N)(=O)=O)sc2s3,COCCOCCN(CCOC)C(Cc1ccc(F)cc1)c1cc2cc(S(N)(=O)=O)sc2s1,7.302947
406,NS(=O)(=O)c2ccc(CNc1nc(=O)[nH]c(=O)[nH]1)cc2,NS(=O)(=O)c1ccc(CNc2nc(=O)[nH]c(=O)[nH]2)cc1,6.586124
407,NS(=O)(=O)c3ccc(NS(=O)(=O)c2ccc(NC(=O)c1c(F)c(F)c(F)c(F)c1F)cc2)cc3,NS(=O)(=O)c1ccc(NS(=O)(=O)c2ccc(NC(=O)c3c(F)c(F)c(F)c(F)c3F)cc2)cc1,8.38212
408,NS(=O)(=O)c2ccc(NNSC(=S)N1CCOCC1)cc2,NS(=O)(=O)c1ccc(NNSC(=S)N2CCOCC2)cc1,5.727228
409,NS(=O)(=O)c5nnc(NC(=O)c3nn(c1cccc(O)c1)c(c2ccccc2)c3C(=O)c4ccccc4)s5,NS(=O)(=O)c1nnc(NC(=O)c2nn(-c3cccc(O)c3)c(-c3ccccc3)c2C(=O)c2ccccc2)s1,5.338181
410,NS(=O)(=O)c5ccc(C[n+]3c(c1ccccc1)cc(c2ccccc2)cc3c4ccccc4)cc5,NS(=O)(=O)c1ccc(C[n+]2c(-c3ccccc3)cc(-c3ccccc3)cc2-c2ccccc2)cc1,0.7881752
411,NS(=O)(=O)c2ccc(COC(=O)c1c(F)c(F)c(F)c(F)c1F)cc2,NS(=O)(=O)c1ccc(COC(=O)c2c(F)c(F)c(F)c(F)c2F)cc1,7.188414
412,CCN(Cc1cc(=O)oc2cc(Cl)ccc12)C3CC(C)S(=O)(=O)c4sc(S(N)(=O)=O)cc34,CCN(Cc1cc(=O)oc2cc(Cl)ccc12)C1CC(C)S(=O)(=O)c2sc(S(N)(=O)=O)cc21,9.172096
413,NS(=O)(=O)c2nnc(NC(=O)CCNS(=O)(=O)c1c(F)c(F)c(F)c(F)c1F)s2,NS(=O)(=O)c1nnc(NC(=O)CCNS(=O)(=O)c2c(F)c(F)c(F)c(F)c2F)s1,8.791382
414,CCNC(=O)c1cc(S(N)(=O)=O)ccc1SC2CCCC2,CCNC(=O)c1cc(S(N)(=O)=O)ccc1SC1CCCC1,4.992293
415,NS(=O)(=O)c4ccc(C[n+]2c(c1ccccc1)cccc2c3ccccc3)cc4,NS(=O)(=O)c1ccc(C[n+]2c(-c3ccccc3)cccc2-c2ccccc2)cc1,1.534662
416,C[C@H](CCC(=O)OCCc1ccc(S(N)(=O)=O)cc1)[C@H]3CC[C@H]2C5[C@H](CC(=O)[C@@]23C)[C@@]4(C)CCC(=O)C[C@H]4CC5=O,C[C@H](CCC(=O)OCCc1ccc(S(N)(=O)=O)cc1)[C@H]1CC[C@H]2C3C(=O)C[C@@H]4CC(=O)CC[C@]4(C)[C@H]3CC(=O)[C@]12C,8.867702
417,NS(=O)(=O)c2nnc(NC(=O)Cc1ccccc1)s2,NS(=O)(=O)c1nnc(NC(=O)Cc2ccccc2)s1,7.395702
418,NNc2nc(NN)nc(Nc1ccc(S(N)(=O)=O)cc1)n2,NNc1nc(NN)nc(Nc2ccc(S(N)(=O)=O)cc2)n1,7.3741665
419,NS(=O)(=O)c2cc(S(N)(=O)=O)c(NSC(=S)N1CCOCC1)cc2Cl,NS(=O)(=O)c1cc(S(N)(=O)=O)c(NSC(=S)N2CCOCC2)cc1Cl,6.551183
420,NS(=O)(=O)c1cnccc1NNC3=NS(=O)(=O)c2cnccc2S3,NS(=O)(=O)c1cnccc1NNC1=NS(=O)(=O)c2cnccc2S1,7.562728
421,COc3ccc(S(=O)(=O)N(CC(=O)NO)OCc2ccc(OCc1ccccc1)cc2)cc3,COc1ccc(S(=O)(=O)N(CC(=O)NO)OCc2ccc(OCc3ccccc3)cc2)cc1,7.85609
422,NS(=O)(=O)c3ccc(CCNC(=O)CN(CCN(CC(O)=O)c1ccccc1O)c2ccccc2O)cc3,NS(=O)(=O)c1ccc(CCNC(=O)CN(CCN(CC(=O)O)c2ccccc2O)c2ccccc2O)cc1,8.066891
423,NS(=O)(=O)c2ccc(NC(\S)=N/c1ccccc1C(O)=O)cc2,NS(=O)(=O)c1ccc(N/C(S)=N\c2ccccc2C(=O)O)cc1,6.3628826
424,NS(=O)(=O)c2ccc(CCNC(=O)c1cccc(C(O)=O)n1)cc2,NS(=O)(=O)c1ccc(CCNC(=O)c2cccc(C(=O)O)n2)cc1,7.059936
425,NS(=O)(=O)c2ccc(CCNCc1ccc(S(O)(=O)=O)o1)cc2,NS(=O)(=O)c1ccc(CCNCc2ccc(S(=O)(=O)O)o2)cc1,7.8201632
426,NS(=O)(=O)c2nnc(NC(=O)c1ccccc1)s2,NS(=O)(=O)c1nnc(NC(=O)c2ccccc2)s1,7.2987094
427,NS(=O)(=O)c2ccc(NC(\S)=N\CCC(=O)NC(Cc1c[nH]cn1)C(O)=O)cc2,NS(=O)(=O)c1ccc(N/C(S)=N/CCC(=O)NC(Cc2c[nH]cn2)C(=O)O)cc1,6.830074
428,NS(=O)(=O)c3cc(S(N)(=O)=O)c(n2c(=O)c1cccnc1c2=O)cc3Cl,NS(=O)(=O)c1cc(S(N)(=O)=O)c(N2C(=O)c3cccnc3C2=O)cc1Cl,7.1282206
429,NS(=O)(=O)c1cccc2cccnc12,NS(=O)(=O)c1cccc2cccnc12,6.2070284
430,Cc2onc(c1ccccc1)c2c3ccc(S(N)(=O)=O)cc3,Cc1onc(-c2ccccc2)c1-c1ccc(S(N)(=O)=O)cc1,5.3753695
431,NS(=O)(=O)c2ccc(CCOC(=O)c1c(F)c(F)c(F)c(F)c1F)cc2,NS(=O)(=O)c1ccc(CCOC(=O)c2c(F)c(F)c(F)c(F)c2F)cc1,7.0700655
432,NS(=O)(=O)c3ccc(C(=O)NCc1cccc2ccccc12)cc3,NS(=O)(=O)c1ccc(C(=O)NCc2cccc3ccccc23)cc1,7.1360674
433,CC(C)CNC(=O)CC2Sc1sc(S(N)(=O)=O)cc1NC2=O,CC(C)CNC(=O)CC1Sc2sc(S(N)(=O)=O)cc2NC1=O,5.1039214
434,NS(=O)(=O)c2ccc(CCNC(=S)NC(=O)Nc1ccc(Cl)c(Cl)c1)cc2,NS(=O)(=O)c1ccc(CCNC(=S)NC(=O)Nc2ccc(Cl)c(Cl)c2)cc1,6.752681
435,CSc1ccncc1S(N)(=O)=O,CSc1ccncc1S(N)(=O)=O,3.4353023
436,NS(=O)(=O)c4ccc(NS(=O)(=O)c3ccc(NCc1cc(=O)oc2cc(Cl)ccc12)cc3)cc4,NS(=O)(=O)c1ccc(NS(=O)(=O)c2ccc(NCc3cc(=O)oc4cc(Cl)ccc34)cc2)cc1,8.751019
437,NS(=O)(=O)c2ccc(NC(=S)N1CCCC1C(=O)NCC(=O)NCC(O)=O)cc2,NS(=O)(=O)c1ccc(NC(=S)N2CCCC2C(=O)NCC(=O)NCC(=O)O)cc1,5.80752
438,NS(=O)(=O)c1cnccc1Oc2ccc(F)cc2,NS(=O)(=O)c1cnccc1Oc1ccc(F)cc1,7.2123766
439,NS(=O)(=O)Oc2ccc(Oc1ccccc1)cc2,NS(=O)(=O)Oc1ccc(Oc2ccccc2)cc1,6.200444
440,NS(=O)(=O)c3ccc(CCNS(=O)(=O)[C@@H]2O[C@H](CO)[C@@H](O[C@@H]1O[C@H](CO)[C@H](O)[C@H](O)[C@H]1O)[C@H](O)[C@H]2O)cc3,NS(=O)(=O)c1ccc(CCNS(=O)(=O)[C@@H]2O[C@H](CO)[C@@H](O[C@@H]3O[C@H](CO)[C@H](O)[C@H](O)[C@H]3O)[C@H](O)[C@H]2O)cc1,9.101632
441,NS(=O)(=O)c2ccc(C(=O)NCc1cccnc1)cc2,NS(=O)(=O)c1ccc(C(=O)NCc2cccnc2)cc1,6.085018
442,NS(=O)(=O)c2ccc(NC(=O)Cc1ccncc1)cc2,NS(=O)(=O)c1ccc(NC(=O)Cc2ccncc2)cc1,6.121747
443,NS(=O)(=O)c3cc2NCC(CCN1CCOCC1)S(=O)(=O)c2s3,NS(=O)(=O)c1cc2c(s1)S(=O)(=O)C(CCN1CCOCC1)CN2,6.338564
444,NS(=O)(=O)c2nnc(NC(=O)CCNC(=O)c1cccc(C(O)=O)n1)s2,NS(=O)(=O)c1nnc(NC(=O)CCNC(=O)c2cccc(C(=O)O)n2)s1,6.9718833
445,NS(=O)(=O)c2ccc(NC(=O)CCCCN1CCOCC1)cc2,NS(=O)(=O)c1ccc(NC(=O)CCCCN2CCOCC2)cc1,5.9243374
446,C[C@]12CCC3C(C1CCC2=O)[C@H](O)C=C4CC(OS(N)(=O)=O)CC[C@]34C,C[C@]12CCC(OS(N)(=O)=O)CC1=C[C@@H](O)C1C2CC[C@]2(C)C(=O)CCC12,6.943841
447,C[C@H](CCC(=O)NCCc1ccc(S(N)(=O)=O)cc1)[C@H]5CC[C@H]4C3[C@@H](O)C[C@@H]2C[C@H](O)CC[C@]2(C)[C@H]3CC[C@@]45C,C[C@H](CCC(=O)NCCc1ccc(S(N)(=O)=O)cc1)[C@H]1CC[C@H]2C3[C@@H](O)C[C@@H]4C[C@H](O)CC[C@]4(C)[C@H]3CC[C@]12C,8.274293
448,Cc2cc(c1ccccc1)cc(C)[n+]2CC(=O)OCCc3ccc(S(N)(=O)=O)cc3,Cc1cc(-c2ccccc2)cc(C)[n+]1CC(=O)OCCc1ccc(S(N)(=O)=O)cc1,6.905327
449,CCC[C@H]2C[C@H](NCC)c1cc(S(N)(=O)=O)sc1S2(=O)=O,CCC[C@H]1C[C@H](NCC)c2cc(S(N)(=O)=O)sc2S1(=O)=O,6.1413918
450,C[C@H](CCC(=O)Nc1nnc(S(N)(=O)=O)s1)[C@H]3CC[C@H]2C5[C@H](CC(=O)[C@@]23C)[C@@]4(C)CCC(=O)C[C@H]4CC5=O,C[C@H](CCC(=O)Nc1nnc(S(N)(=O)=O)s1)[C@H]1CC[C@H]2C3C(=O)C[C@@H]4CC(=O)CC[C@]4(C)[C@H]3CC(=O)[C@]12C,9.408955
451,NS(=O)(=O)c2ccc(COS(=O)(=O)c1c(F)c(F)c(F)c(F)c1F)cc2,NS(=O)(=O)c1ccc(COS(=O)(=O)c2c(F)c(F)c(F)c(F)c2F)cc1,8.137741
452,NC(Cc1ccccc1)C(=O)[C@@H](N)C(=O)NCCOCCOCCNC(=O)c2ccc(S(N)(=O)=O)cc2,NC(Cc1ccccc1)C(=O)[C@@H](N)C(=O)NCCOCCOCCNC(=O)c1ccc(S(N)(=O)=O)cc1,8.148917
453,NS(=O)(=O)c2ccc(CC/N=C(\S)NNCCN1CCNCC1)cc2,NS(=O)(=O)c1ccc(CC/N=C(\S)NNCCN2CCNCC2)cc1,7.310273
454,NS(=O)(=O)c2ccc(CNC(=O)c1cccc(C(O)=O)n1)cc2,NS(=O)(=O)c1ccc(CNC(=O)c2cccc(C(=O)O)n2)cc1,7.160636
455,NS(=O)(=O)c3nnc(NS(=O)(=O)c2ccc(NS(=O)(=O)c1c(F)c(F)c(F)c(F)c1F)cc2)s3,NS(=O)(=O)c1nnc(NS(=O)(=O)c2ccc(NS(=O)(=O)c3c(F)c(F)c(F)c(F)c3F)cc2)s1,9.530431
456,NS(=O)(=O)c2nnc(NS(=O)c1ccc(N(=O)=O)cc1)s2,NS(=O)(=O)c1nnc(NS(=O)c2ccc([N+](=O)[O-])cc2)s1,7.791556
457,Cc3ccc2cccc(Oc1ccncc1S(N)(=O)=O)c2n3,Cc1ccc2cccc(Oc3ccncc3S(N)(=O)=O)c2n1,7.3584366
458,NS(=O)(=O)c3nc2ccc(OS(=O)(=O)c1c(F)c(F)c(F)c(F)c1F)cc2s3,NS(=O)(=O)c1nc2ccc(OS(=O)(=O)c3c(F)c(F)c(F)c(F)c3F)cc2s1,9.620878
459,NS(=O)(=O)c3ccc(NC(/S)=N/C(Cc1c[nH]cn1)C(=O)NC(Cc2ccccc2)C(O)=O)cc3,NS(=O)(=O)c1ccc(N/C(S)=N/C(Cc2c[nH]cn2)C(=O)NC(Cc2ccccc2)C(=O)O)cc1,7.6907363
460,NS(=O)(=O)c3ccc(CNC(=O)CN(CCN(CC(O)=O)c1ccccc1O)c2ccccc2O)cc3,NS(=O)(=O)c1ccc(CNC(=O)CN(CCN(CC(=O)O)c2ccccc2O)c2ccccc2O)cc1,8.195882
461,Cc2cc(C)[n+](CC(=O)OCc1ccc(S(N)(=O)=O)cc1)c(C)c2,Cc1cc(C)[n+](CC(=O)OCc2ccc(S(N)(=O)=O)cc2)c(C)c1,6.8747416
462,Cc1ccccc1c3cn(c2ccc(S(N)(=O)=O)cc2)nn3,Cc1ccccc1-c1cn(-c2ccc(S(N)(=O)=O)cc2)nn1,6.7747626
463,NS(=O)(=O)c2ccc(CCNC(=O)Cc1ccncc1)cc2,NS(=O)(=O)c1ccc(CCNC(=O)Cc2ccncc2)cc1,5.8717966
464,NS(=O)(=O)c3ccc(C(=O)NCC(=O)NCC(=O)NCC(=O)NC(Cc2ccc1ccccc1c2)C(O)=O)cc3,NS(=O)(=O)c1ccc(C(=O)NCC(=O)NCC(=O)NCC(=O)NC(Cc2ccc3ccccc3c2)C(=O)O)cc1,7.210331
465,NS(=O)(=O)c3ccc2C(OCc1ccccc1)CS(=O)(=O)c2c3,NS(=O)(=O)c1ccc2c(c1)S(=O)(=O)CC2OCc1ccccc1,7.4806776
466,NS(=O)(=O)c3ccc2CC(NC(=O)C1CCCCC1)Cc2c3,NS(=O)(=O)c1ccc2c(c1)CC(NC(=O)C1CCCCC1)C2,5.59589
467,NS(=O)(=O)c2ccc(NS(=O)(=O)c1c(F)c(F)cc(F)c1F)c(F)c2,NS(=O)(=O)c1ccc(NS(=O)(=O)c2c(F)c(F)cc(F)c2F)c(F)c1,8.921827
468,NS(=O)(=O)c4nc3ccc(OC(=O)CN(CCN(CC(O)=O)c1ccccc1O)c2ccccc2O)cc3s4,NS(=O)(=O)c1nc2ccc(OC(=O)CN(CCN(CC(=O)O)c3ccccc3O)c3ccccc3O)cc2s1,9.638613
469,NS(=O)(=O)OCC2CCc1ccccc1O2,NS(=O)(=O)OCC1CCc2ccccc2O1,6.6544623
470,NS(=O)(=O)c2ccc(CCONC(=O)c1cccc(C(O)=O)n1)cc2,NS(=O)(=O)c1ccc(CCONC(=O)c2cccc(C(=O)O)n2)cc1,7.2412567
471,Cc2cc(c1ccccc1)cc(C)[n+]2CC(=O)NCCC(=O)Nc3nnc(S(N)(=O)=O)s3,Cc1cc(-c2ccccc2)cc(C)[n+]1CC(=O)NCCC(=O)Nc1nnc(S(N)(=O)=O)s1,7.485956
472,Cc2cc(c1ccccc1)cc(C)[n+]2CC(=O)Nc4ccc(S(=O)(=O)Nc3nnc(S(N)(=O)=O)s3)cc4,Cc1cc(-c2ccccc2)cc(C)[n+]1CC(=O)Nc1ccc(S(=O)(=O)Nc2nnc(S(N)(=O)=O)s2)cc1,8.63575
473,Cn1nc(S(N)(=O)=O)s/c1=N/S(=O)(=O)c3ccc(NSC(=S)N2CCOCC2)cc3,Cn1nc(S(N)(=O)=O)s/c1=N\S(=O)(=O)c1ccc(NSC(=S)N2CCOCC2)cc1,7.0373344
474,NS(=O)(=O)c2ccc(CCNC(=O)c1ccc(S(N)(=O)=O)cc1)cc2,NS(=O)(=O)c1ccc(CCNC(=O)c2ccc(S(N)(=O)=O)cc2)cc1,9.1334715
475,NS(=O)(=O)c4ccc(Nc3nc(NCCN1CCNCC1)nc(NCCN2CCNCC2)n3)cc4,NS(=O)(=O)c1ccc(Nc2nc(NCCN3CCNCC3)nc(NCCN3CCNCC3)n2)cc1,7.3675427
476,Cc2cc(c1ccccc1)cc(C)[n+]2CC(=O)Nc3ccc(S(N)(=O)=O)cc3Cl,Cc1cc(-c2ccccc2)cc(C)[n+]1CC(=O)Nc1ccc(S(N)(=O)=O)cc1Cl,7.017184
477,Cc2cc(c1ccccc1)cc(C)[n+]2CC(=O)OCc3ccc(S(N)(=O)=O)cc3,Cc1cc(-c2ccccc2)cc(C)[n+]1CC(=O)OCc1ccc(S(N)(=O)=O)cc1,7.34091
478,NS(=O)(=O)c2ccc(NNC(=O)c1cccc(C(O)=O)n1)cc2,NS(=O)(=O)c1ccc(NNC(=O)c2cccc(C(=O)O)n2)cc1,7.2834444
479,CC(C)(C)C(=O)Oc2ccc1cc(S(N)(=O)=O)oc1c2,CC(C)(C)C(=O)Oc1ccc2cc(S(N)(=O)=O)oc2c1,6.5076857
480,C[C@H](CCC(=O)OCCc1ccc(S(N)(=O)=O)cc1)[C@H]5CC[C@H]4C3[C@@H](O)C[C@@H]2C[C@H](O)CC[C@]2(C)[C@H]3CC[C@@]45C,C[C@H](CCC(=O)OCCc1ccc(S(N)(=O)=O)cc1)[C@H]1CC[C@H]2C3[C@@H](O)C[C@@H]4C[C@H](O)CC[C@]4(C)[C@H]3CC[C@]12C,8.322779
481,NS(=O)(=O)c3nnc(NC(=O)CCn2c(=O)c1cccnc1c2=O)s3,NS(=O)(=O)c1nnc(NC(=O)CCN2C(=O)c3cccnc3C2=O)s1,5.5357027
482,NS(=O)(=O)c3nnc(NC(=O)CCNCc1cc(=O)oc2cc(Cl)ccc12)s3,NS(=O)(=O)c1nnc(NC(=O)CCNCc2cc(=O)oc3cc(Cl)ccc23)s1,8.720748
483,CN2CCN(CCC(=O)Nc1ccc(S(N)(=O)=O)cc1)CC2,CN1CCN(CCC(=O)Nc2ccc(S(N)(=O)=O)cc2)CC1,6.288433
484,NS(=O)(=O)c2nnc(NC(=O)Cc1cccs1)s2,NS(=O)(=O)c1nnc(NC(=O)Cc2cccs2)s1,6.761856
485,NS(=O)(=O)c4nnc(NS(=O)(=O)c3ccc(NC(=O)[C@@H]2C1CC(C=C1)C2C(O)=O)cc3)s4,NS(=O)(=O)c1nnc(NS(=O)(=O)c2ccc(NC(=O)[C@@H]3C4C=CC(C4)C3C(=O)O)cc2)s1,8.947386
486,CC(\N=C(\S)Nc1ccc(S(N)(=O)=O)cc1)C(=O)NC(Cc2ccccc2)C(O)=O,CC(/N=C(/S)Nc1ccc(S(N)(=O)=O)cc1)C(=O)NC(Cc1ccccc1)C(=O)O,7.4090595
487,NS(=O)(=O)c3ccc(C(=O)NC(Cc2ccc1ccccc1c2)C(O)=O)cc3,NS(=O)(=O)c1ccc(C(=O)NC(Cc2ccc3ccccc3c2)C(=O)O)cc1,7.5780325
488,NS(=O)(=O)c3nnc(NC(=O)CCNC(=O)CN(CCN(CC(O)=O)c1ccccc1O)c2ccccc2O)s3,NS(=O)(=O)c1nnc(NC(=O)CCNC(=O)CN(CCN(CC(=O)O)c2ccccc2O)c2ccccc2O)s1,8.5227585
489,NS(=O)(=O)c3cnc(Sc1ccccc1)c(C(=O)NCCc2ccccc2)c3,NS(=O)(=O)c1cnc(Sc2ccccc2)c(C(=O)NCCc2ccccc2)c1,8.7525625
490,NS(=O)(=O)c2ccc(NC(=O)CCSSCCC(=O)Nc1ccc(S(N)(=O)=O)cc1Cl)c(Cl)c2,NS(=O)(=O)c1ccc(NC(=O)CCSSCCC(=O)Nc2ccc(S(N)(=O)=O)cc2Cl)c(Cl)c1,7.9833455
491,Cc2cc(C)[n+](CC(=O)Nc1nnc(S(N)(=O)=O)s1)c(C)c2,Cc1cc(C)[n+](CC(=O)Nc2nnc(S(N)(=O)=O)s2)c(C)c1,7.728101
492,Cc1c(nnc(c1C(=S)N)N2CCC(CC2)OC)C,COC1CCN(c2nnc(C)c(C)c2C(N)=S)CC1,1.8884413
493,c1ccc2c(c1)[C@@]3([C@@H]4[C@H]([C@@H]([NH2+]3)CC(=O)N)C(=O)N(C4=O)C[C@H]5CCCO5)C(=O)N2,NC(=O)C[C@@H]1[NH2+][C@@]2(C(=O)Nc3ccccc32)[C@H]2C(=O)N(C[C@H]3CCCO3)C(=O)[C@@H]12,4.5610285
494,C/C=C/C(=O)OCC(=O)NN1C(=O)C2(CCC(CC2)C)NC1=O,C/C=C/C(=O)OCC(=O)NN1C(=O)NC2(CCC(C)CC2)C1=O,3.607521
495,Cc1c(sc(n1)N2[C@H](C(=C(C2=O)[O-])C(=O)c3ccc(cc3)OCC(C)C)c4cccnc4)C(=O)OC,COC(=O)c1sc(N2C(=O)C([O-])=C(C(=O)c3ccc(OCC(C)C)cc3)[C@@H]2c2cccnc2)nc1C,6.396876
496,CCc1ccc(s1)C(=O)N2CCC(CC2)CC(=O)N,CCc1ccc(C(=O)N2CCC(CC(N)=O)CC2)s1,5.73985
497,COc1cc(cc(c1OC)OC)[C@H]2[C@@H]3CC=C[C@@H]3c4cc(ccc4N2)C(=O)N,COc1cc([C@@H]2Nc3ccc(C(N)=O)cc3[C@H]3C=CC[C@H]32)cc(OC)c1OC,4.6348815
498,CN1C(=O)CCC(=N1)C(=O)Nc2[n-]nc(n2)C(F)(F)F,CN1N=C(C(=O)Nc2nc(C(F)(F)F)n[n-]2)CCC1=O,4.0812745
499,Cc1c(c(n[nH]1)C)[C@H](C)N(C)Cc2ccc(c(=O)[nH]2)C(=O)NCC3(CCCCC3)O,Cc1n[nH]c(C)c1[C@H](C)N(C)Cc1ccc(C(=O)NCC2(O)CCCCC2)c(=O)[nH]1,6.5633965
500,CCOC(=O)c1c(c(sc1NC(=O)[C@@H](C)N2CCO[C@@H](C2)C(=O)N)C)C,CCOC(=O)c1c(NC(=O)[C@@H](C)N2CCO[C@H](C(N)=O)C2)sc(C)c1C,5.178556
501,CC(C)N1CCN(CC1)S(=O)(=O)c2ccc(nc2)NN,CC(C)N1CCN(S(=O)(=O)c2ccc(NN)nc2)CC1,4.2461634
502,C[C@@H](C(=O)N(C)Cc1ccc(cc1)Br)Sc2nc([nH]n2)N,C[C@H](Sc1n[nH]c(N)n1)C(=O)N(C)Cc1ccc(Br)cc1,3.974937
503,c1ccc2=[NH+]CC(=c2c1)C[C@H](C(=O)Nc3ccc4c(c3)OCCCO4)NC(=O)c5cccs5,O=C(N[C@H](CC1=c2ccccc2=[NH+]C1)C(=O)Nc1ccc2c(c1)OCCCO2)c1cccs1,6.581206
504,Cn1cc[nH+]c1CCNC(=O)N2CCC(=CC2)c3ccc(cc3)O,Cn1cc[nH+]c1CCNC(=O)N1CC=C(c2ccc(O)cc2)CC1,4.5451393
505,c1cc(ccc1[C@H]2CC(=O)Nc3c2cc4c(c3)oc(=O)[nH]4)n5cncn5,O=C1C[C@H](c2ccc(-n3cncn3)cc2)c2cc3[nH]c(=O)oc3cc2N1,5.7119627
506,Cc1ccccc1NC(=O)[C@H]2[C@@H]([C@@H]([C@@](CC2=O)(C)O)C(=O)Nc3ccccc3C)c4cccc(c4)Cl,Cc1ccccc1NC(=O)[C@@H]1C(=O)C[C@](C)(O)[C@@H](C(=O)Nc2ccccc2C)[C@H]1c1cccc(Cl)c1,5.89034
507,COCCNc1c(c(ncn1)Nc2ccc(cc2F)Br)N,COCCNc1ncnc(Nc2ccc(Br)cc2F)c1N,4.010697
508,Cc1ccc2c(c1)nc([nH]2)S[C@H](C(C)C)C(=O)N3CCC[C@@H](C3)C(=O)N,Cc1ccc2[nH]c(S[C@@H](C(=O)N3CCC[C@H](C(N)=O)C3)C(C)C)nc2c1,5.4915385
509,c1cc(c(c(c1)O)O)CN[C@@H]2CCC[C@H]2C#N,N#C[C@@H]1CCC[C@H]1NCc1cccc(O)c1O,4.75978
510,C[C@H]([C@H](c1ccc(s1)Cl)Sc2n[nH]c(=O)n2C(C)C)[NH3+],CC(C)n1c(S[C@@H](c2ccc(Cl)s2)[C@@H](C)[NH3+])n[nH]c1=O,4.6006403
511,C[C@@H](c1nncn1C)NC(=O)c2cc(cnc2NC)Br,CNc1ncc(Br)cc1C(=O)N[C@@H](C)c1nncn1C,4.9272203
512,Cc1c([nH]c(c1C(=O)C2=C(C(=O)N([C@H]2c3ccccc3F)CC[NH+]4CCCC4)[O-])C)C,Cc1[nH]c(C)c(C(=O)C2=C([O-])C(=O)N(CC[NH+]3CCCC3)[C@H]2c2ccccc2F)c1C,3.8742936
513,C[C@H]1[C@H](CC(=[N+]1CCOC)C)C(=O)CSc2nc[nH]n2,COCC[N+]1=C(C)C[C@H](C(=O)CSc2nc[nH]n2)[C@@H]1C,2.361314
514,C[NH+]1CCc2cc3c(c(c2[C@@H]1c4c([nH]c(=S)n(c4=O)c5cc(ccc5OC)OC)[O-])OC)OCO3,COc1ccc(OC)c(-n2c(=S)[nH]c([O-])c([C@H]3c4c(cc5c(c4OC)OCO5)CC[NH+]3C)c2=O)c1,3.415421
515,CCn1c(cc2c(c1=O)[C@]3(c4ccccc4NC3=O)C(=C(O2)N)C(=O)OCC)C,CCOC(=O)C1=C(N)Oc2cc(C)n(CC)c(=O)c2[C@@]12C(=O)Nc1ccccc12,0.51728654
516,Cc1ccc2c(c1)[C@]3([C@H]4[C@@H]([C@H](N3)CC(=O)N)C(=O)N(C4=O)CCc5ccc(c(c5)OC)OC)C(=O)N2,COc1ccc(CCN2C(=O)[C@H]3[C@@H](C2=O)[C@]2(N[C@@H]3CC(N)=O)C(=O)Nc3ccc(C)cc32)cc1OC,2.855426
517,Cc1cccc(c1)OC[C@H](CNCc2c([nH+]n(c2N(C)C)C)C)O,Cc1cccc(OC[C@@H](O)CNCc2c(C)[nH+]n(C)c2N(C)C)c1,7.835719
518,Cc1csc(n1)SCC(=O)Nc2c(c3c(s2)C[C@@H](CC3)C)C(=O)N,Cc1csc(SCC(=O)Nc2sc3c(c2C(N)=O)CC[C@@H](C)C3)n1,4.5338235
519,CC/C=C(\c1ccc(cc1)O)/NNC(=O)c2c(n(nn2)c3c(non3)N)CSc4nncn4C,CC/C=C(/NNC(=O)c1nnn(-c2nonc2N)c1CSc1nncn1C)c1ccc(O)cc1,5.3175135
520,CC[NH+](CC)C[C@H](Cn1cnc2c1ncnc2[N+](C)(C)C)O,CC[NH+](CC)C[C@@H](O)Cn1cnc2c([N+](C)(C)C)ncnc21,5.8379927
521,C[C@@H]([C@@H]1CCCO1)n2c(cc3ccccc3c2=O)N,C[C@@H]([C@@H]1CCCO1)n1c(N)cc2ccccc2c1=O,3.9076219
522,CSc1nc2c(s1)c(=O)n(cn2)CC(=O)NC(=O)N,CSc1nc2ncn(CC(=O)NC(N)=O)c(=O)c2s1,5.026978
523,CCC(=O)N1CCC[C@H](C1)C(=O)N2CCO[C@H](C2)C(=O)N,CCC(=O)N1CCC[C@@H](C(=O)N2CCO[C@@H](C(N)=O)C2)C1,5.9538445
524,Cc1cc(n2c(n1)cc(n2)c3cccc(c3)OC)NCCC[NH3+],COc1cccc(-c2cc3nc(C)cc(NCCC[NH3+])n3n2)c1,6.454947
525,CCOc1ccc(cc1)NC(=O)[C@@H](C)Sc2nc3cc(ccc3c(=O)n2CCO)C(=O)[O-],CCOc1ccc(NC(=O)[C@@H](C)Sc2nc3cc(C(=O)[O-])ccc3c(=O)n2CCO)cc1,6.3631835
526,Cc1cc(=O)[nH]c(n1)n2c(cc(n2)C)NC(=O)C(=O)NC3CCCC3,Cc1cc(=O)[nH]c(-n2nc(C)cc2NC(=O)C(=O)NC2CCCC2)n1,4.3972645
527,CCCCn1c(c(c(=O)[nH]c1=O)N(CCOC)C(=O)CSc2[nH]c(nn2)CC3CCCC3)N,CCCCn1c(N)c(N(CCOC)C(=O)CSc2nnc(CC3CCCC3)[nH]2)c(=O)[nH]c1=O,0.34544396
528,Cc1c(c([nH]c1C(=O)[C@@H](C)[NH+]2CCN(CC2)C(=O)[C@H]3CCCO3)C)C(=O)OC,COC(=O)c1c(C)[nH]c(C(=O)[C@@H](C)[NH+]2CCN(C(=O)[C@H]3CCCO3)CC2)c1C,1.3063662
529,Cc1cc(nc(n1)N/C(=N/C(=S)Nc2cc(ccc2OC)OC)/NCCSCc3c([nH]cn3)C)C,COc1ccc(OC)c(NC(=S)/N=C(\NCCSCc2nc[nH]c2C)Nc2nc(C)cc(C)n2)c1,0.30279633
530,Cn1c2c(c(n1)C(=O)N3CCCC3)CN(CC2)C(=O)CCC(=O)NC[C@H]4CCCO4,Cn1nc(C(=O)N2CCCC2)c2c1CCN(C(=O)CCC(=O)NC[C@H]1CCCO1)C2,4.785943
531,C[C@H](C(=O)[O-])n1c(=O)c2ccccc2nc1SCC(=O)Nc3c(ccs3)C#N,C[C@H](C(=O)[O-])n1c(SCC(=O)Nc2sccc2C#N)nc2ccccc2c1=O,4.9567375
532,COc1cc(c(cc1OC)Br)CC(=O)OCC(=O)Nc2c(c3c(s2)CCC3)C(=O)N,COc1cc(Br)c(CC(=O)OCC(=O)Nc2sc3c(c2C(N)=O)CCC3)cc1OC,5.8367143
533,C1c2c([nH]nc2[O-])[C@@H]3Cc4c(c([nH]n4)O)[C@H]1C3,[O-]c1n[nH]c2c1C[C@@H]1C[C@H]2Cc2n[nH]c(O)c21,4.53497
534,c1cc(ccc1[C@H]2NN[C@H]([NH+]2CC(=O)[O-])SCc3[nH]c(=O)c4ccc(cc4n3)C(=O)[O-])Cl,O=C([O-])C[NH+]1[C@@H](c2ccc(Cl)cc2)NN[C@H]1SCc1nc2cc(C(=O)[O-])ccc2c(=O)[nH]1,7.454925
535,Cc1cc(cc(c1O)/C=N\NC(=O)[C@H]2COc3ccccc3O2)Br,Cc1cc(Br)cc(/C=N\NC(=O)[C@H]2COc3ccccc3O2)c1O,1.1718886
536,CCOC(=O)c1c(sc(c1[O-])c2c3c([nH]c2c4ccc5c(c4)OCCO5)n(c(=O)[nH]c3=O)C)C,CCOC(=O)c1c(C)sc(-c2c(-c3ccc4c(c3)OCCO4)[nH]c3c2c(=O)[nH]c(=O)n3C)c1[O-],5.6063213
537,CCc1nnc(s1)/N=C(/C(=O)N[C@@H](C)c2nc(no2)c3ccc(cc3)F)\[O-],CCc1nnc(/N=C(\[O-])C(=O)N[C@@H](C)c2nc(-c3ccc(F)cc3)no2)s1,5.6131296
538,Cc1ccc(c(c1F)C(=O)N2C[C@H](C3(C2)CC[NH2+]CC3)C(=O)N[C@@H](CC(=O)[O-])c4ccccc4)Cl,Cc1ccc(Cl)c(C(=O)N2C[C@@H](C(=O)N[C@@H](CC(=O)[O-])c3ccccc3)C3(CC[NH2+]CC3)C2)c1F,6.2375603
539,CCOC(=O)[C@H]1[C@@H](SC2=C1CCC2)NC(=O)CSc3nc(c(nn3)CCC(=O)[O-])[O-],CCOC(=O)[C@@H]1C2=C(CCC2)S[C@H]1NC(=O)CSc1nnc(CCC(=O)[O-])c([O-])n1,6.293156
540,c1ccc(cc1)C(c2ccccc2)Nc3c(c(ncn3)N4CCN(CC4)CCO)N,Nc1c(NC(c2ccccc2)c2ccccc2)ncnc1N1CCN(CCO)CC1,5.443021
541,C#Cc1cn(c(=O)[nH]c1=O)C[C@]2(C[C@H]2CO)CO,C#Cc1cn(C[C@@]2(CO)C[C@H]2CO)c(=O)[nH]c1=O,0.68966025
542,CN([C@@H]1CCS(=O)(=O)C1)C(=O)N2CC[NH+](CC2)CC(=O)[O-],CN(C(=O)N1CC[NH+](CC(=O)[O-])CC1)[C@@H]1CCS(=O)(=O)C1,7.361315
543,c1cc(cc(c1)F)NC(=O)CSC2=C(C3=NC(=O)C=C([C@H]3S2)[O-])C(=O)N,NC(=O)C1=C(SCC(=O)Nc2cccc(F)c2)S[C@@H]2C([O-])=CC(=O)N=C12,5.9055495
544,Cc1ccc(c(c1)NC(=O)c2c(=O)c3cccnc3[nH]c2[O-])OC,COc1ccc(C)cc1NC(=O)c1c([O-])[nH]c2ncccc2c1=O,4.604247
545,Cc1cc(c(o1)C)[C@H](C)NS(=O)(=O)c2cccnc2NN,Cc1cc([C@H](C)NS(=O)(=O)c2cccnc2NN)c(C)o1,6.14303
546,CCOc1cc(cc(c1OCC(=O)[O-])Cl)/C=N/NC(=O)Cc2csc(n2)N,CCOc1cc(/C=N/NC(=O)Cc2csc(N)n2)cc(Cl)c1OCC(=O)[O-],5.6188183
547,Cc1ccc(cc1)[C@@]2(CN(C3=[N+]2CCS3)c4ccc(cc4)Br)O,Cc1ccc([C@]2(O)CN(c3ccc(Br)cc3)C3=[N+]2CCS3)cc1,2.77922
548,c1ccc2c(c1)CC[C@](C2)(C(=O)[O-])[NH+]3CCC(=O)NCC3,O=C1CC[NH+]([C@@]2(C(=O)[O-])CCc3ccccc3C2)CCN1,2.0463946
549,COCCN([C@@H]1CCS(=O)(=O)C1)C(=O)CC2CC[NH2+]CC2,COCCN(C(=O)CC1CC[NH2+]CC1)[C@@H]1CCS(=O)(=O)C1,1.1357982
550,CCc1c(c(c([nH]1)C(=O)OCC(=O)Nc2cccc3c2C(=O)c4ccccc4C3=O)C)C(=O)OC,CCc1[nH]c(C(=O)OCC(=O)Nc2cccc3c2C(=O)c2ccccc2C3=O)c(C)c1C(=O)OC,1.4693997
551,c1cnn(c1)[C@@]2(CCCSC2)C(=O)[O-],O=C([O-])[C@@]1(n2cccn2)CCCSC1,4.564989
552,COc1ccc(cc1OC)[C@H](C#N)c2cncc(n2)NNC(=S)Nc3ccc(cc3)Br,COc1ccc([C@H](C#N)c2cncc(NNC(=S)Nc3ccc(Br)cc3)n2)cc1OC,2.8391423
553,C[C@@H]1CCc2c(cc(s2)C(=O)NNC(=O)NCCC(=O)NCC#C)C1,C#CCNC(=O)CCNC(=O)NNC(=O)c1cc2c(s1)CC[C@@H](C)C2,4.800756
554,CC[C@@H]([C@H](c1ccccc1Cl)Sc2[nH]ncn2)[NH3+],CC[C@H]([NH3+])[C@@H](Sc1ncn[nH]1)c1ccccc1Cl,4.867386
555,CCOC(=O)c1c(csc1NC(=O)CSc2nc(c(nn2)CCC(=O)[O-])[O-])c3ccc(o3)C,CCOC(=O)c1c(-c2ccc(C)o2)csc1NC(=O)CSc1nnc(CCC(=O)[O-])c([O-])n1,5.895969
556,CO[C@@H]1CCC[C@@H]1NC(=O)NC2(CCCCC2)C(=O)[O-],CO[C@@H]1CCC[C@@H]1NC(=O)NC1(C(=O)[O-])CCCCC1,5.2429314
557,c1ccc2c(c1)CCC[C@@]2(CNC(=O)NCc3ccccc3n4cccn4)O,O=C(NCc1ccccc1-n1cccn1)NC[C@@]1(O)CCCc2ccccc21,5.869987
558,c1ccc(cc1)[C@@H](C(=O)NC2CCC(CC2)C(=O)N)N3CCCC3,NC(=O)C1CCC(NC(=O)[C@H](c2ccccc2)N2CCCC2)CC1,6.5216026
559,CC(C)(c1ccc(cc1)F)NCc2cc(=O)n3c([nH]2)ccn3,CC(C)(NCc1cc(=O)n2nccc2[nH]1)c1ccc(F)cc1,5.4028673
560,Cc1cc(c(c(c1)O)c2c3c([nH]n2)C(=O)N([C@@H]3c4ccc(c(c4)OC)OCc5ccccc5)CCCO)C,COc1cc([C@@H]2c3c(-c4c(C)cc(C)cc4O)n[nH]c3C(=O)N2CCCO)ccc1OCc1ccccc1,5.716987
561,CC(=O)N1CCC(CC1)NC(=O)[C@@H]2CN(CC23CC[NH2+]CC3)C(=O)c4ccncc4,CC(=O)N1CCC(NC(=O)[C@@H]2CN(C(=O)c3ccncc3)CC23CC[NH2+]CC3)CC1,7.017166
562,C[C@@H](C(=O)N/N=C/c1c(cccc1Cl)Cl)N[C@@H]2C(=O)NC(=O)N=N2,C[C@H](N[C@H]1N=NC(=O)NC1=O)C(=O)N/N=C/c1c(Cl)cccc1Cl,5.5253134
563,Cc1nc(cn1CCC(=O)N2CCC(CC2)NS(=O)(=O)C)[N+](=O)[O-],Cc1nc([N+](=O)[O-])cn1CCC(=O)N1CCC(NS(C)(=O)=O)CC1,5.8279796
564,COc1cc(ccc1OC2CCCC2)[C@@H]3c4c([nH]nc4OC(=C3C#N)N)c5ccc(cc5)Cl,COc1cc([C@H]2C(C#N)=C(N)Oc3n[nH]c(-c4ccc(Cl)cc4)c32)ccc1OC1CCCC1,3.1611435
565,COC(=O)CN1c2ccccc2[C@]3(C1=O)C(=C(OC4=C3C(=O)CCC4)N)C#N,COC(=O)CN1C(=O)[C@]2(C(C#N)=C(N)OC3=C2C(=O)CCC3)c2ccccc21,0.21038987
566,CCOC(=O)N1CCC(CC1)NC(=O)[C@@H]2CCCN(C2)c3ccc(cc3F)c4nc(on4)c5ccccn5,CCOC(=O)N1CCC(NC(=O)[C@@H]2CCCN(c3ccc(-c4noc(-c5ccccn5)n4)cc3F)C2)CC1,7.226715
567,CCCc1nnc(n1CC(=O)[O-])SCC(=O)Nc2ccccc2C(=O)N[C@H](C)c3ccccc3,CCCc1nnc(SCC(=O)Nc2ccccc2C(=O)N[C@H](C)c2ccccc2)n1CC(=O)[O-],5.818755
568,C[C@]12CC(NC(=S)N1[C@@H](C(=O)O2)Cc3ccc(cc3)O)(C)C,CC1(C)C[C@]2(C)OC(=O)[C@@H](Cc3ccc(O)cc3)N2C(=S)N1,1.1665401
569,c1cc(ccc1[C@@H]2C3([C@H](NC(=S)N2)c4ccc(cc4)[N+](=O)[O-])C(=O)NC(=O)N=C3[O-])[N+](=O)[O-],O=C1N=C([O-])C2(C(=O)N1)[C@@H](c1ccc([N+](=O)[O-])cc1)NC(=S)N[C@@H]2c1ccc([N+](=O)[O-])cc1,7.035934
570,CCn1c(c(c(n1)C)C[N-]/C(=N/C(=O)c2ccc(cc2)NC(=O)C)/Nc3ccc(cc3C)Cl)C,CCn1nc(C)c(C[N-]/C(=N/C(=O)c2ccc(NC(C)=O)cc2)Nc2ccc(Cl)cc2C)c1C,0.3297254
571,Cc1c(c(n[nH]1)C(=O)N(Cc2cccc(c2)F)C3CC3)N,Cc1[nH]nc(C(=O)N(Cc2cccc(F)c2)C2CC2)c1N,3.9335847
572,CO[C@@H]1C(C(=O)NC(=O)N1)(Cl)Cl,CO[C@H]1NC(=O)NC(=O)C1(Cl)Cl,4.2471237
573,C[NH+]1CCCC[C@H]1CNc2cc3c(cc2N)CC(=O)N3,C[NH+]1CCCC[C@H]1CNc1cc2c(cc1N)CC(=O)N2,4.4895043
574,Cc1nc2c(c(n1)SCC(=O)N[C@H]3CCS(=O)(=O)C3)c(=O)n(c(=O)n2CC(C)C)C,Cc1nc(SCC(=O)N[C@H]2CCS(=O)(=O)C2)c2c(=O)n(C)c(=O)n(CC(C)C)c2n1,2.4364238
575,Cc1c(c(n[nH]1)C)[C@H](C)NC(=O)[C@H]2CN(CC23CC[NH2+]CC3)C(=O)c4ccc(o4)c5ccccc5,Cc1n[nH]c(C)c1[C@H](C)NC(=O)[C@H]1CN(C(=O)c2ccc(-c3ccccc3)o2)CC12CC[NH2+]CC2,6.308344
576,CCCOc1cccc(c1)C(=O)C2=C(C(=O)N([C@@H]2c3cc(c(c(c3)Br)O)OC)CCO)[O-],CCCOc1cccc(C(=O)C2=C([O-])C(=O)N(CCO)[C@@H]2c2cc(Br)c(O)c(OC)c2)c1,6.702697
577,CCc1ccccc1NC(=O)[C@H]2CC(=O)NC3=NC(=NC(=O)[C@H]23)SCc4ccccc4C,CCc1ccccc1NC(=O)[C@H]1CC(=O)NC2=NC(SCc3ccccc3C)=NC(=O)[C@@H]21,6.6234584
578,Cc1cccc(c1)[C@H]2C(=C(C(=O)N2c3cc(ccc3Cl)C(=O)[O-])[O-])C(=O)c4ccc5c(c4)OCO5,Cc1cccc([C@H]2C(C(=O)c3ccc4c(c3)OCO4)=C([O-])C(=O)N2c2cc(C(=O)[O-])ccc2Cl)c1,5.6885777
579,c1cc(cc(c1)F)[C@@H]2C[C@H]2C(=O)NNC(=O)C(=O)NC3CC3,O=C(NNC(=O)[C@@H]1C[C@H]1c1cccc(F)c1)C(=O)NC1CC1,4.9175725
580,c1ccc2=[NH+][C@@H](C=c2c1)C(=O)N3CCC[C@H](C3)C(=O)NCCc4ccc(c(c4)O)O,O=C(NCCc1ccc(O)c(O)c1)[C@@H]1CCCN(C(=O)[C@@H]2C=c3ccccc3=[NH+]2)C1,5.956823
581,Cc1nc(on1)CNC(=O)NC[C@@H](c2ccccc2F)O,Cc1noc(CNC(=O)NC[C@H](O)c2ccccc2F)n1,5.507637
582,Cc1c(c(on1)C)CSCC(=O)[n+]2ccccc2NC(C)C,Cc1noc(C)c1CSCC(=O)[n+]1ccccc1NC(C)C,3.1605275
583,CCOCCc1c(=O)[nH]c(nc1[O-])SCC(=O)Nc2nc3ccccc3s2,CCOCCc1c([O-])nc(SCC(=O)Nc2nc3ccccc3s2)[nH]c1=O,5.004345
584,CCC[C@@]1(CC[NH2+]C1)C(=O)Nc2c(c3c(s2)CCC3)C#N,CCC[C@]1(C(=O)Nc2sc3c(c2C#N)CCC3)CC[NH2+]C1,1.6543163
585,C[C@@H](C(=O)Nc1c(ccs1)C(=O)N)[NH+]2CCCN(CC2)c3c(cccn3)C#N,C[C@@H](C(=O)Nc1sccc1C(N)=O)[NH+]1CCCN(c2ncccc2C#N)CC1,6.4696903
586,C=CCNC(=S)NNC(=O)COc1ccc(cc1Br)F,C=CCNC(=S)NNC(=O)COc1ccc(F)cc1Br,4.640585
587,Cc1ccc(c(c1)C)[C@@H]2C(=C(C(=O)N2c3cccc(c3)C(=O)[O-])[O-])C(=O)c4ccc5c(c4)OCO5,Cc1ccc([C@@H]2C(C(=O)c3ccc4c(c3)OCO4)=C([O-])C(=O)N2c2cccc(C(=O)[O-])c2)c(C)c1,5.1760206
588,CC(C)CCNC(=O)NNC(=O)[C@H]1CCCN(C1)C(=O)C,CC(=O)N1CCC[C@H](C(=O)NNC(=O)NCCC(C)C)C1,5.8462925
589,Cc1cccc(c1NC(=O)CNC(=O)[C@@H](C)OC(=O)c2ccc(cc2)OC[C@@H]3CCCO3)C,Cc1cccc(C)c1NC(=O)CNC(=O)[C@@H](C)OC(=O)c1ccc(OC[C@@H]2CCCO2)cc1,4.228912
590,c1ccc(cc1)CN2[C@H]3[C@@H]([C@@H](N2)c4ccc(cc4)[N+](=O)[O-])C(=O)NC3=O,O=C1NC(=O)[C@@H]2[C@H]1[C@H](c1ccc([N+](=O)[O-])cc1)NN2Cc1ccccc1,5.9249215
591,CCOc1ccc(cc1)[C@@H]2CC3=C([C@@H](Nc4ccccc4N3)c5cc(c(c(c5)OC)O)OC)C(=O)C2,CCOc1ccc([C@H]2CC(=O)C3=C(C2)Nc2ccccc2N[C@H]3c2cc(OC)c(O)c(OC)c2)cc1,3.437759
592,Cc1c\2c(oc1C(=O)Nc3ccccc3Br)CCC/C2=N\NC(=O)c4ccccc4O,Cc1c(C(=O)Nc2ccccc2Br)oc2c1/C(=N/NC(=O)c1ccccc1O)CCC2,1.2963659
593,CC(C)CNC(=O)[C@H]1CN(CC12CC[NH2+]CC2)C(=O)c3ccc(nc3)N4CCOCC4,CC(C)CNC(=O)[C@H]1CN(C(=O)c2ccc(N3CCOCC3)nc2)CC12CC[NH2+]CC2,5.9263783
594,CC(C)C[NH+](Cc1cc2c(cc1N)OCCO2)CC(=O)N,CC(C)C[NH+](CC(N)=O)Cc1cc2c(cc1N)OCCO2,5.047034
595,CCN(CC)C(=O)[C@H](C)Sc1c(c(cc(n1)N)N)C#N,CCN(CC)C(=O)[C@H](C)Sc1nc(N)cc(N)c1C#N,1.6430769
596,CC(=O)N[C@@H]1[C@H]([C@@H]2[C@@H](CO[C@@H](O2)c3ccco3)O[C@@H]1Oc4ccccc4C(=O)/C=C/c5ccccc5)O,CC(=O)N[C@H]1[C@@H](Oc2ccccc2C(=O)/C=C/c2ccccc2)O[C@@H]2CO[C@H](c3ccco3)O[C@@H]2[C@@H]1O,5.5566454
597,c1nc(c2c(n1)n(c(=O)[nH]2)[C@H]3[C@H]([C@@H]4[C@@H](O3)CO[P@@](=O)(O4)[O-])O)N,Nc1ncnc2c1[nH]c(=O)n2[C@@H]1O[C@H]2COP(=O)([O-])O[C@@H]2[C@@H]1O,3.9092848
598,c1cc(oc1)[C@H]2c3c([nH]c(=O)s3)S[C@H]4[C@H]2[C@H]5C[C@@H]4[C@@H]6[C@@H]5C(=O)N(C6=O)CC(=O)[O-],O=C([O-])CN1C(=O)[C@@H]2[C@H]3C[C@@H]([C@H]2C1=O)[C@H]1[C@@H](c2ccco2)c2sc(=O)[nH]c2S[C@H]31,7.0150084
599,Cc1ccc(cc1)NC(=O)CN2C(=O)/C(=C\c3ccc(c(c3)OC)OCc4cccc(c4)C(=O)[O-])/NC2=O,COc1cc(/C=C2/NC(=O)N(CC(=O)Nc3ccc(C)cc3)C2=O)ccc1OCc1cccc(C(=O)[O-])c1,4.880919
600,c1cc(ccc1CNc2c(c(ncn2)NC3CCCC3)N)F,Nc1c(NCc2ccc(F)cc2)ncnc1NC1CCCC1,4.6974406
601,CN([C@@H]1CCS(=O)(=O)C1)C(=O)C(=O)NCC[NH3+],CN(C(=O)C(=O)NCC[NH3+])[C@@H]1CCS(=O)(=O)C1,2.3588521
602,CN(C)c1nc(nc(n1)N)CN2CCCN(CC2)c3nccs3,CN(C)c1nc(N)nc(CN2CCCN(c3nccs3)CC2)n1,5.065255
603,CC(=CCc1cc(cc(c1[C@H](C(=O)[O-])O)CC=C(C)C)O[C@H]2[C@@H]([C@H]([C@@H]([C@H](O2)CO)O)O)O)C,CC(C)=CCc1cc(O[C@@H]2O[C@H](CO)[C@@H](O)[C@H](O)[C@H]2O)cc(CC=C(C)C)c1[C@@H](O)C(=O)[O-],4.977652
604,Cc1c([nH]c2c1cc(cc2)CNC(=O)N3CCO[C@@H](C3)C(=O)N)C,Cc1[nH]c2ccc(CNC(=O)N3CCO[C@H](C(N)=O)C3)cc2c1C,6.5652876
605,Cc1csc(n1)NC(=O)[C@@H]2CS(=O)(=O)CN2C(=O)[C@@H]3CCC(=O)N3Cc4cccc(c4)F,Cc1csc(NC(=O)[C@@H]2CS(=O)(=O)CN2C(=O)[C@@H]2CCC(=O)N2Cc2cccc(F)c2)n1,6.789026
606,Cc1ccc(c(c1)NC(=O)COC(=O)C[C@H](c2ccccc2Cl)NC(=O)N)OC,COc1ccc(C)cc1NC(=O)COC(=O)C[C@@H](NC(N)=O)c1ccccc1Cl,5.6887693
607,Cc1cc2c(n1Cc3c[nH]nc3C)CC(C[C@H]2O)(C)C,Cc1n[nH]cc1Cn1c(C)cc2c1CC(C)(C)C[C@H]2O,4.1106477
608,CC(=O)NCCCOC(=O)c1cc(n[nH]1)c2ccc(cc2)Br,CC(=O)NCCCOC(=O)c1cc(-c2ccc(Br)cc2)n[nH]1,3.944053
609,Cc1ccc2c(c1C)NC(=O)[C@]23[C@H]4[C@@H]([C@H](N3)CC(=O)N)C(=O)N(C4=O)CCc5ccc(c(c5)OC)OC,COc1ccc(CCN2C(=O)[C@H]3[C@@H](C2=O)[C@@]2(N[C@@H]3CC(N)=O)C(=O)Nc3c2ccc(C)c3C)cc1OC,3.2321954
610,c1c(cnc(n1)N)S(=O)(=O)N2CCN(CC2)CC(F)(F)F,Nc1ncc(S(=O)(=O)N2CCN(CC(F)(F)F)CC2)cn1,4.529788
611,Cc1cc2c(c3cc(c4c(ccc(c4c3oc2=O)[C@H]5[C@H]([C@]([C@@H]([C@@H](O5)C)O)(C)O)O)O)OC)c(c1)OC,COc1cc2c(oc(=O)c3cc(C)cc(OC)c32)c2c([C@@H]3O[C@@H](C)[C@@H](O)[C@@](C)(O)[C@@H]3O)ccc(O)c12,1.6573812
612,CC(C)NC(=O)C(=O)NN/C(=C/C(=O)Nc1cc(c(cc1OC)Cl)OC)/C,COc1cc(NC(=O)/C=C(\C)NNC(=O)C(=O)NC(C)C)c(OC)cc1Cl,3.97044
613,c1nc2c3c4c(c(nc3oc2c(=O)n1CC(=O)N)C5CCCCC5)CCC4,NC(=O)Cn1cnc2c(oc3nc(C4CCCCC4)c4c(c32)CCC4)c1=O,4.894172
614,Cc1[nH+]ccn1CCN(C)C(=O)[C@@H]2CCCN(C2)C(=O)COC,COCC(=O)N1CCC[C@@H](C(=O)N(C)CCn2cc[nH+]c2C)C1,0.42573416
615,c1cc(ccc1C(=O)C(c2c(nc3nnc(n3n2)N)[O-])c4c(nc5nnc(n5n4)N)[O-])F,Nc1nnc2nc([O-])c(C(C(=O)c3ccc(F)cc3)c3nn4c(N)nnc4nc3[O-])nn12,7.1302495
616,c1cc(ccc1C(=O)N[C@@]2(c3c(=O)[nH]c(=O)n(c3NC2=O)c4ccc(cc4)Cl)C(F)(F)F)F,O=C(N[C@@]1(C(F)(F)F)C(=O)Nc2c1c(=O)[nH]c(=O)n2-c1ccc(Cl)cc1)c1ccc(F)cc1,5.5833893
617,COc1ccc(cc1OCc2cccc(c2)Cl)[C@H]3c4c[nH]nc4NC(=O)CS3,COc1ccc([C@@H]2SCC(=O)Nc3n[nH]cc32)cc1OCc1cccc(Cl)c1,6.832534
618,c1cc2c(cc1[N+](=O)[O-])[nH]c(n2)SC[C@H]3C=[N+]4C=CC=N[C@H]4N3,O=[N+]([O-])c1ccc2nc(SC[C@H]3C=[N+]4C=CC=N[C@H]4N3)[nH]c2c1,4.3787313
619,CC(C)OCCCNC(=O)Cc1csc(n1)NC(=O)[C@@H]2CC(=O)N(C2)c3ccccc3,CC(C)OCCCNC(=O)Cc1csc(NC(=O)[C@@H]2CC(=O)N(c3ccccc3)C2)n1,5.8937955
620,Cc1ccc(cc1)[C@]2(CN3C=CC=CC3=[N+]2C4CCCCC4)O,Cc1ccc([C@@]2(O)CN3C=CC=CC3=[N+]2C2CCCCC2)cc1,4.305032
621,C[C@H](/C(=N/O)/N)N(C)Cc1cnn(c1)C,C[C@H](/C(N)=N/O)N(C)Cc1cnn(C)c1,7.1275854
622,CCOC(=O)C1=C(NC(=O)N[C@H]1c2ccc(cc2)OC)COC(=O)/C=C/c3ccccc3F,CCOC(=O)C1=C(COC(=O)/C=C/c2ccccc2F)NC(=O)N[C@H]1c1ccc(OC)cc1,0.47647518
623,CC(C)CN(c1c(n(c(=O)[nH]c1=O)Cc2ccccc2)N)C(=O)COC(=O)C34C[C@H]5C[C@@H](C3)CC(C5)(C4)O,CC(C)CN(C(=O)COC(=O)C12C[C@@H]3C[C@@H](CC(O)(C3)C1)C2)c1c(N)n(Cc2ccccc2)c(=O)[nH]c1=O,2.203316
624,CCCN(CCO)S(=O)(=O)c1cc(cc(c1C)C)N,CCCN(CCO)S(=O)(=O)c1cc(N)cc(C)c1C,4.7982607
625,C[C@@H]1COCCN1CCOc2ccc(cc2)/C(=N/O)/N,C[C@@H]1COCCN1CCOc1ccc(/C(N)=N/O)cc1,4.5445833
626,COc1ccc(cc1OC)c2cnn3c2nc4c(c3N)CCC4,COc1ccc(-c2cnn3c(N)c4c(nc23)CCC4)cc1OC,3.516451
627,CC(C)(C)OC(=O)NCCNC(=O)[C@H]1CC(=O)N(C1)[C@@H]2CCS(=O)(=O)C2,CC(C)(C)OC(=O)NCCNC(=O)[C@H]1CC(=O)N([C@@H]2CCS(=O)(=O)C2)C1,4.09431
628,C[C@@H]1Nc2ccc(cc2C(=O)N1NC(=O)[C@@H](C)Oc3ccccc3)Cl,C[C@@H]1Nc2ccc(Cl)cc2C(=O)N1NC(=O)[C@@H](C)Oc1ccccc1,3.0545073
629,Cc1c(sc2c1c(nc(n2)CSc3nnc(s3)NCC=C)N)C,C=CCNc1nnc(SCc2nc(N)c3c(C)c(C)sc3n2)s1,3.9329648
630,COC(=O)N1CCC(CC1)NC(=O)NC[C@@]2(CCCc3c2cccc3)O,COC(=O)N1CCC(NC(=O)NC[C@]2(O)CCCc3ccccc32)CC1,7.0803556
631,CCc1cccc2c1NC(=O)[C@@]23[C@H]4[C@@H]([C@@H]([NH2+]3)CCC(=O)N)C(=O)N(C4=O)Cc5ccc6c(c5)OCO6,CCc1cccc2c1NC(=O)[C@]21[NH2+][C@@H](CCC(N)=O)[C@H]2C(=O)N(Cc3ccc4c(c3)OCO4)C(=O)[C@H]21,4.332752
632,Cc1cc(c(n1c2cc(cc(c2)C(=O)OC)C(=O)OC)C)C(=O)COC(=O)c3ccc(o3)[N+](=O)[O-],COC(=O)c1cc(C(=O)OC)cc(-n2c(C)cc(C(=O)COC(=O)c3ccc([N+](=O)[O-])o3)c2C)c1,3.4521837
633,c1c(c(=O)[nH]c(=O)n1[C@@H]2[C@@H](C[C@H](O2)CO)F)F,O=c1[nH]c(=O)n([C@H]2O[C@H](CO)C[C@H]2F)cc1F,4.1043477
634,c1ccc(c(c1)C(c2c([nH]c(=O)[nH]c2=O)[O-])c3c([nH]c(=O)[nH]c3=O)[O-])O,O=c1[nH]c([O-])c(C(c2ccccc2O)c2c([O-])[nH]c(=O)[nH]c2=O)c(=O)[nH]1,7.1551695
635,CCOC(=O)CNC(=O)[C@@H](c1c[nH]c2c1cccc2)N(c3ccccc3)C(=O)c4c(c(ns4)C(=O)N)N,CCOC(=O)CNC(=O)[C@@H](c1c[nH]c2ccccc12)N(C(=O)c1snc(C(N)=O)c1N)c1ccccc1,0.8003678
636,CCOc1ccc2ccccc2c1C(=O)Nc3c(c4c(s3)C[NH+](CC4)C(C)C)C(=O)N,CCOc1ccc2ccccc2c1C(=O)Nc1sc2c(c1C(N)=O)CC[NH+](C(C)C)C2,4.206148
637,COc1cc(cc(c1O)Cl)[C@@H]2[C@H](CCC(=O)N2)[N+](=O)[O-],COc1cc([C@H]2NC(=O)CC[C@@H]2[N+](=O)[O-])cc(Cl)c1O,7.4888253
638,CCOc1cc(ccc1O)[C@H]2[C@@H]3C(=NN=C3C(=O)N2Cc4ccc(cc4)OC)c5cc(c(cc5O)C)Cl,CCOc1cc([C@H]2[C@H]3C(=NN=C3c3cc(Cl)c(C)cc3O)C(=O)N2Cc2ccc(OC)cc2)ccc1O,5.8999305
639,Cc1ccc(c(n1)n2c(nc(n2)C)C)/C(=N/O)/N,Cc1ccc(/C(N)=N/O)c(-n2nc(C)nc2C)n1,2.6398945
640,C[C@@H](C(=O)NC(=O)NCCOC)Sc1nc([nH]n1)N,COCCNC(=O)NC(=O)[C@H](C)Sc1n[nH]c(N)n1,4.0805902
641,c1ccc(cc1)n2cc(cn2)/C=C/C(=O)NNC(=O)C(=O)NC3CC3,O=C(/C=C/c1cnn(-c2ccccc2)c1)NNC(=O)C(=O)NC1CC1,2.8083122
642,CCc1ccc(cc1)N([C@H](c2ccc(o2)C)C(=O)NC3CCCCC3)C(=O)c4c(c(ns4)C(=O)N)N,CCc1ccc(N(C(=O)c2snc(C(N)=O)c2N)[C@@H](C(=O)NC2CCCCC2)c2ccc(C)o2)cc1,2.28665
643,CC(C)(C)OC(=O)N[C@H](CCCN/C(=N\[N+](=O)[O-])/N)C(=O)OC[C@H]1[C@@H]([C@H]([C@H]([C@@H](O1)O)O)O)O,CC(C)(C)OC(=O)N[C@H](CCCN/C(N)=N\[N+](=O)[O-])C(=O)OC[C@@H]1O[C@@H](O)[C@H](O)[C@H](O)[C@H]1O,5.5216465
644,Cc1c2ccccc2oc1C(=O)NNC(=O)C(C)(C)NC(=O)NC,CNC(=O)NC(C)(C)C(=O)NNC(=O)c1oc2ccccc2c1C,3.1036246
645,c1cc(cnc1)N2C3=C([C@H](C(=C2N)C#N)c4ccc(cc4)[N+](=O)[O-])C(=O)CCC3,N#CC1=C(N)N(c2cccnc2)C2=C(C(=O)CCC2)[C@H]1c1ccc([N+](=O)[O-])cc1,0.14956142
646,C[C@@H](c1ccc(cc1)Cl)OC[C@H](CN2CCO[C@@H](C2)C(=O)N)O,C[C@H](OC[C@@H](O)CN1CCO[C@H](C(N)=O)C1)c1ccc(Cl)cc1,6.36567
647,CC1(CC2=C([C@@H](C(=C(O2)N)C(=O)N)c3cccc(c3)OCc4ccccc4)C(=O)C1)C,CC1(C)CC(=O)C2=C(C1)OC(N)=C(C(N)=O)[C@H]2c1cccc(OCc2ccccc2)c1,4.261291
648,CN(CCCn1cccn1)C(=O)[C@@]23C[NH2+]C[C@@H]2CN(C3)S(=O)(=O)C,CN(CCCn1cccn1)C(=O)[C@@]12C[NH2+]C[C@@H]1CN(S(C)(=O)=O)C2,0.6419343
649,C[C@H](C(C)(C)C)NC(=O)[C@H]1CN(CC12CC[NH2+]CC2)C(=O)c3cncn3C,C[C@@H](NC(=O)[C@H]1CN(C(=O)c2cncn2C)CC12CC[NH2+]CC2)C(C)(C)C,5.202913
650,C[C@@H]1Cc2ccccc2N1[C@H]3C(=[NH+]C(=N3)C)N,CC1=N[C@@H](N2c3ccccc3C[C@H]2C)C(N)=[NH+]1,4.7926455
651,c1ccc2c(c1)C[C@H]([NH2+]C2)C(=O)NC[C@H](CC(=O)N3CCC(CC3)C(=O)[O-])c4ccc(cc4)Cl,O=C([O-])C1CCN(C(=O)C[C@@H](CNC(=O)[C@@H]2Cc3ccccc3C[NH2+]2)c2ccc(Cl)cc2)CC1,8.561808
652,Cc1c(cn(n1)CC=C)CN2CCN(CC2)c3ncc(c(n3)N)C#N,C=CCn1cc(CN2CCN(c3ncc(C#N)c(N)n3)CC2)c(C)n1,6.463636
653,Cc1ccc(cc1N2[C@@H](C(=C(C2=O)[O-])C(=O)C3CC3)c4ccc(c(c4)[N+](=O)[O-])Cl)C(=O)[O-],Cc1ccc(C(=O)[O-])cc1N1C(=O)C([O-])=C(C(=O)C2CC2)[C@H]1c1ccc(Cl)c([N+](=O)[O-])c1,4.997174
654,Cc1c(sc(n1)C)C(=O)C2=C(C(=O)N([C@@H]2c3ccc(c(c3)OC)OCC=C)CCO)[O-],C=CCOc1ccc([C@@H]2C(C(=O)c3sc(C)nc3C)=C([O-])C(=O)N2CCO)cc1OC,5.275804
655,C[C@H]1[C@@H](S[C@@H](N1)NC(=O)CSc2c3c(nc[nH]3)ncn2)C(=O)C,CC(=O)[C@@H]1S[C@H](NC(=O)CSc2ncnc3nc[nH]c23)N[C@H]1C,5.0136456
656,Cc1ccc(c(c1)N2[C@@H](NN=C2SCC(=O)[O-])C3=CN=NC3)OC,COc1ccc(C)cc1N1C(SCC(=O)[O-])=NN[C@H]1C1=CN=NC1,2.575219
657,Cc1ccccc1C[n+]2c3ccccc3n(c2N)C[C@H](c4ccco4)O,Cc1ccccc1C[n+]1c(N)n(C[C@@H](O)c2ccco2)c2ccccc21,5.35011
658,C=CCN1C(=O)C(=C2C[C@H](Sc3ccccc3N2)c4ccc(cc4)Cl)C(=O)NC1=O,C=CCN1C(=O)NC(=O)/C(=C2\C[C@@H](c3ccc(Cl)cc3)Sc3ccccc3N2)C1=O,1.8010746
659,CC[C@H]1C(=O)Nc2cc(cc(c2O1)C(C)C)N,CC[C@@H]1Oc2c(cc(N)cc2C(C)C)NC1=O,3.6161437
660,CSc1ccc(cc1)[C@@H]2NC(=O)c3ccccc3N2CC(=O)N,CSc1ccc([C@@H]2NC(=O)c3ccccc3N2CC(N)=O)cc1,4.780056
661,CCCCC[C@@H](/C=C/[C@H]1[C@@H](CC(=O)[C@@H]1C/C=C\CCCC(=O)OC[C@H](CO)O)O)O,CCCCC[C@H](O)/C=C/[C@H]1[C@H](O)CC(=O)[C@@H]1C/C=C\CCCC(=O)OC[C@@H](O)CO,6.434823
662,CC[C@H](C(=O)NCCC(C)C)N(Cc1ccco1)C(=O)c2c(c(ns2)C(=O)N)N,CC[C@H](C(=O)NCCC(C)C)N(Cc1ccco1)C(=O)c1snc(C(N)=O)c1N,3.9191947
663,CN1CC=C2[C@@H](C1)[C@@H](C(C(=C2C#N)/N=C(/Nc3ccccc3)\[S-])(C#N)C#N)c4c5ccccc5ccc4O,CN1CC=C2C(C#N)=C(/N=C(\[S-])Nc3ccccc3)C(C#N)(C#N)[C@@H](c3c(O)ccc4ccccc34)[C@@H]2C1,0.08671396
664,c1c(nc(s1)N2CCCC2=O)CC(=O)N3CCC[C@@H]3C[NH+]4CCCC4,O=C1CCCN1c1nc(CC(=O)N2CCC[C@@H]2C[NH+]2CCCC2)cs1,4.901736
665,C[C@H](C(=O)NC1CCCCC1)N(Cc2ccccc2)C(=O)c3c(c(ns3)C(=O)N)N,C[C@H](C(=O)NC1CCCCC1)N(Cc1ccccc1)C(=O)c1snc(C(N)=O)c1N,4.3090014
666,c1cc(cc(c1)N2CCCCC2=O)CNC(=O)NNC(=S)NC3CCCC3,O=C(NCc1cccc(N2CCCCC2=O)c1)NNC(=S)NC1CCCC1,6.3969193
667,CC(C)N(C)C(=O)CSc1c(c(cc(n1)N)N)C#N,CC(C)N(C)C(=O)CSc1nc(N)cc(N)c1C#N,3.735377
668,c1c2c(cc(c1S(=O)(=O)N[C@H]3C[C@@H]3[NH3+])Cl)NC(=O)C2,[NH3+][C@H]1C[C@@H]1NS(=O)(=O)c1cc2c(cc1Cl)NC(=O)C2,4.45021
669,CCOc1ccc(cc1)c2nnc(n2CCC(=O)[O-])SCC(=O)NC(=O)NC3CCCCC3,CCOc1ccc(-c2nnc(SCC(=O)NC(=O)NC3CCCCC3)n2CCC(=O)[O-])cc1,6.884713
670,C[C@@H]([C@@]1([C@@H]2[C@@H]([C@@H]([NH2+]1)c3ccccn3)C(=O)N(C2=O)c4cccc(c4)[N+](=O)[O-])C(=O)[O-])O,C[C@H](O)[C@@]1(C(=O)[O-])[NH2+][C@@H](c2ccccn2)[C@H]2C(=O)N(c3cccc([N+](=O)[O-])c3)C(=O)[C@@H]21,1.642583
671,Cn1c(nnc1SCc2[nH]c(=O)c3ccccc3n2)[C@@H]4CCCN4C(=O)c5ccc(c(c5)OC)OC,COc1ccc(C(=O)N2CCC[C@H]2c2nnc(SCc3nc4ccccc4c(=O)[nH]3)n2C)cc1OC,6.2157044
672,CCCOc1cc(ccc1OC)[C@@H]2C(=C(C(=O)N2c3cccc(c3)C(=O)[O-])[O-])C(=O)C4CC4,CCCOc1cc([C@@H]2C(C(=O)C3CC3)=C([O-])C(=O)N2c2cccc(C(=O)[O-])c2)ccc1OC,4.67027
673,Cc1cc([nH]n1)C(=O)NNC(=S)NC(=O)COc2ccc(cc2Cl)Cl,Cc1cc(C(=O)NNC(=S)NC(=O)COc2ccc(Cl)cc2Cl)[nH]n1,2.779495
674,C[C@@H](/C(=C(\C#N)/C(=O)Nc1ccccn1)/[O-])NC(=O)c2cccs2,C[C@H](NC(=O)c1cccs1)/C([O-])=C(\C#N)C(=O)Nc1ccccn1,3.8009596
675,c1cc(sc1)c2nc(cs2)CNC(=O)N[C@H](CC(=O)N3CCCC3)C(=O)[O-],O=C(NCc1csc(-c2cccs2)n1)N[C@H](CC(=O)N1CCCC1)C(=O)[O-],5.215403
676,Cc1cc(c2cnn(c2n1)C(C)C)C(=O)NNC(=O)C(=O)NC3CC3,Cc1cc(C(=O)NNC(=O)C(=O)NC2CC2)c2cnn(C(C)C)c2n1,3.2699075
677,Cc1c(c(=O)[nH]c(n1)C)CCC(=O)N[C@@H]2CCSc3c2cccc3F,Cc1nc(C)c(CCC(=O)N[C@@H]2CCSc3c(F)cccc32)c(=O)[nH]1,5.8844805
678,CCn1c(cc(n1)C(=O)Nc2c(c3c(s2)C[NH+](CC3)CC)C(=O)N)C,CCn1nc(C(=O)Nc2sc3c(c2C(N)=O)CC[NH+](CC)C3)cc1C,3.8779542
679,C[C@@H](C(=O)N1CCCN(CC1)S(=O)(=O)c2ccc(cc2)F)NC3=NS(=O)(=O)c4c3cccc4,C[C@H](NC1=NS(=O)(=O)c2ccccc21)C(=O)N1CCCN(S(=O)(=O)c2ccc(F)cc2)CC1,7.797695
680,c1cnc(cc1OC2CCCC2)c3nc(sn3)N,Nc1nc(-c2cc(OC3CCCC3)ccn2)ns1,3.3454647
681,COc1cccc(c1)N2C[C@@H](CC2=O)C(=O)Nc3cc(nn3c4[nH]c(=O)cc(n4)c5ccccc5)c6ccco6,COc1cccc(N2C[C@H](C(=O)Nc3cc(-c4ccco4)nn3-c3nc(-c4ccccc4)cc(=O)[nH]3)CC2=O)c1,7.280409
682,c1ccc(c(c1)C(=O)C2=C(C(=O)N([C@@H]2c3ccc(cc3)[N+](=O)[O-])c4cc(ccc4Cl)C(=O)[O-])[O-])F,O=C([O-])c1ccc(Cl)c(N2C(=O)C([O-])=C(C(=O)c3ccccc3F)[C@H]2c2ccc([N+](=O)[O-])cc2)c1,6.0819707
683,c1cc(ncc1SCC(=O)N[C@@H]2CCS(=O)(=O)C2)N,Nc1ccc(SCC(=O)N[C@@H]2CCS(=O)(=O)C2)cn1,4.327191
684,Cc1cc(no1)c2c(c(no2)C)C(=O)N3C[C@@H](C4(C3)CC[NH2+]CC4)C(=O)NC[C@H]5c6ccccc6CCO5,Cc1cc(-c2onc(C)c2C(=O)N2C[C@H](C(=O)NC[C@@H]3OCCc4ccccc43)C3(CC[NH2+]CC3)C2)no1,6.9535227
685,c1ccc(cc1)N([C@H](c2c[nH]c3c2cccc3)C(=O)NC[C@H]4CCCO4)C(=O)c5c(c(ns5)C(=O)N)N,NC(=O)c1nsc(C(=O)N(c2ccccc2)[C@@H](C(=O)NC[C@H]2CCCO2)c2c[nH]c3ccccc23)c1N,0.40670744
686,c1c(c(sc1C(=O)[O-])Br)S(=O)(=O)[N-]c2cnoc2,O=C([O-])c1cc(S(=O)([O-])=Nc2cnoc2)c(Br)s1,4.431285
687,Cc1c(c(sn1)NC)C(=O)NCCCN2C(=O)C3(CCCC3)NC2=O,CNc1snc(C)c1C(=O)NCCCN1C(=O)NC2(CCCC2)C1=O,3.7955203
688,C[C@@H]1C[C@@]2(CC(C1)(C)C)C(=O)N(C(=O)N2)CC(=O)O[C@@H](C)C(=O)Nc3cc(ccc3Cl)[N+](=O)[O-],C[C@H]1CC(C)(C)C[C@@]2(C1)NC(=O)N(CC(=O)O[C@@H](C)C(=O)Nc1cc([N+](=O)[O-])ccc1Cl)C2=O,1.9193766
689,CN1/C(=C/c2ccc(cc2)OCC(=O)[O-])/C(=O)N=C1N,CN1C(N)=NC(=O)/C1=C\c1ccc(OCC(=O)[O-])cc1,4.1372657
690,CN(Cc1ccsc1)C(=O)[C@@]23C[NH2+]C[C@@H]2CN(C3)C(=O)COC,COCC(=O)N1C[C@H]2C[NH2+]C[C@@]2(C(=O)N(C)Cc2ccsc2)C1,4.7588644
691,[H]/N=C/1\N[C@H](NC(=S)N1)c2ccc(cc2OC)O,[H]/N=C1\NC(=S)N[C@H](c2ccc(O)cc2OC)N1,6.3192115
692,CCC(C)(C)NC(=O)[C@H](c1ccc(cc1)O)N(c2ccc(cc2)OCC)C(=O)c3c(c(ns3)C(=O)N)N,CCOc1ccc(N(C(=O)c2snc(C(N)=O)c2N)[C@H](C(=O)NC(C)(C)CC)c2ccc(O)cc2)cc1,5.796241
693,CCCOc1ccc(cc1)c2c(n3ccc(cc3n2)C)[C@@H](C)C[NH3+],CCCOc1ccc(-c2nc3cc(C)ccn3c2[C@@H](C)C[NH3+])cc1,5.773572
694,C[C@H](C(=O)NCc1n[nH]c(=S)n1C(C)C)NC(=O)c2c3ccccc3[nH]n2,CC(C)n1c(CNC(=O)[C@@H](C)NC(=O)c2n[nH]c3ccccc23)n[nH]c1=S,4.9490604
695,c1cc(oc1C(=O)NCC(=O)NN2CC(=O)NC2=O)Br,O=C1CN(NC(=O)CNC(=O)c2ccc(Br)o2)C(=O)N1,4.3174286
696,CC[C@@]1(CCC[NH2+]C1)C(=O)N[C@H]2CCC[C@@H](C2)C(=O)[O-],CC[C@]1(C(=O)N[C@H]2CCC[C@H](C(=O)[O-])C2)CCC[NH2+]C1,5.7534957
697,CC(C)c1ccc(cc1)NC(=O)CS[C@H]2NN[C@@H](N2N)[C@@H]3C=C(N=N3)c4ccc(cc4)F,CC(C)c1ccc(NC(=O)CS[C@H]2NN[C@H]([C@@H]3C=C(c4ccc(F)cc4)N=N3)N2N)cc1,7.089762
698,c1ccc2c(c1)nc(n2C[C@@H](c3cccc(c3)F)O)CC(=O)N,NC(=O)Cc1nc2ccccc2n1C[C@H](O)c1cccc(F)c1,6.0364056
699,Cc1c[nH]c(=O)n1c2ccc(cc2)C(=O)N(C)Cc3cccc(c3)O,Cc1c[nH]c(=O)n1-c1ccc(C(=O)N(C)Cc2cccc(O)c2)cc1,5.0085273
700,COc1ccc(c(c1)OC)N([C@@H](c2ccncc2)C(=O)NC3CCCC3)C(=O)c4c(c(ns4)C(=O)N)N,COc1ccc(N(C(=O)c2snc(C(N)=O)c2N)[C@H](C(=O)NC2CCCC2)c2ccncc2)c(OC)c1,1.1061921
701,Cc1cc(ccc1NC(=O)N[C@H](C)c2cccc3c2cccc3)OCC(=O)N,Cc1cc(OCC(N)=O)ccc1NC(=O)N[C@H](C)c1cccc2ccccc12,6.2980256
702,c1ccc2c(c1)c3c([nH]2)[C@@H]([NH2+]CC3)c4c(nc(n(c4=O)Cc5ccc(cc5)F)[S-])O,O=c1c([C@@H]2[NH2+]CCc3c2[nH]c2ccccc32)c(O)nc([S-])n1Cc1ccc(F)cc1,5.59811
703,c1ccc2c(c1)ccc(c2[C@H]3[C@H]4C(=c5ccccc5=[NH+]4)C[C@@H](N3)C(=O)[O-])O,O=C([O-])[C@H]1CC2=c3ccccc3=[NH+][C@H]2[C@H](c2c(O)ccc3ccccc23)N1,2.3157296
704,Cc1ccccc1N2C(=O)[C@H]3[C@H]([NH2+][C@@]([C@@H]3C2=O)(CC(C)C)C(=O)[O-])c4cccc(c4)Cl,Cc1ccccc1N1C(=O)[C@H]2[C@@H](c3cccc(Cl)c3)[NH2+][C@@](CC(C)C)(C(=O)[O-])[C@@H]2C1=O,4.3324075
705,c1cc(cc(c1)Cl)C2(CCCC2)CNC(=O)CC[C@H]3C(=O)NC(=O)N3,O=C(CC[C@@H]1NC(=O)NC1=O)NCC1(c2cccc(Cl)c2)CCCC1,6.4885693
706,CCOC(=O)CNC(=O)[C@H](c1ccc(cc1)F)N(c2ccccc2F)C(=O)c3c(c(ns3)C(=O)N)N,CCOC(=O)CNC(=O)[C@H](c1ccc(F)cc1)N(C(=O)c1snc(C(N)=O)c1N)c1ccccc1F,5.6079216
707,Cc1c(c(on1)/C=C/c2c(ccs2)[C@@H](CC(=O)[O-])[NH3+])[N+](=O)[O-],Cc1noc(/C=C/c2sccc2[C@H]([NH3+])CC(=O)[O-])c1[N+](=O)[O-],6.133688
708,CCCCn1c(=O)c(c([nH]c1=O)[O-])[C@H](c2ccncc2)[C@H]3[C@H](N(C(=O)NC3=O)CCCC)O,CCCCN1C(=O)NC(=O)[C@@H]([C@@H](c2ccncc2)c2c([O-])[nH]c(=O)n(CCCC)c2=O)[C@H]1O,5.989964
709,c1cc(ccc1NC(=O)NC(=O)N(c2ccc(cc2)Cl)/C(=N/C3=N[C@H]4CCCC[C@H]4N3)/[O-])Cl,O=C(NC(=O)N(/C([O-])=N/C1=N[C@H]2CCCC[C@H]2N1)c1ccc(Cl)cc1)Nc1ccc(Cl)cc1,2.2065468
710,C[C@H]1Cc2ccccc2N1C(=O)C(=O)NC[C@@]3(CCCc4c3cccc4)O,C[C@H]1Cc2ccccc2N1C(=O)C(=O)NC[C@]1(O)CCCc2ccccc21,5.4151025
711,CCOc1cccc(c1)NC(=O)CSc2nc([nH]n2)N/N=C(\C)/C34CC5CC(C3)CC(C5)C4,CCOc1cccc(NC(=O)CSc2n[nH]c(N/N=C(\C)C34CC5CC(CC(C5)C3)C4)n2)c1,2.0910802
712,C[C@H]1CC[C@@H](CN1C(=O)c2c(c(n[nH]2)C3CC3)N)C(=O)N,C[C@H]1CC[C@H](C(N)=O)CN1C(=O)c1[nH]nc(C2CC2)c1N,4.4502125
713,CCCCn1c(c(c(=O)[nH]c1=O)N(CC)C(=O)C[NH+]2CCC[C@@H](C2)C(=O)OCC)N,CCCCn1c(N)c(N(CC)C(=O)C[NH+]2CCC[C@H](C(=O)OCC)C2)c(=O)[nH]c1=O,1.368424
714,Cn1cc(cn1)CNC(=O)CCCC[C@H]2[C@@H]3[C@@H](CS2)NC(=O)N3,Cn1cc(CNC(=O)CCCC[C@@H]2SC[C@H]3NC(=O)N[C@H]23)cn1,4.160872
715,C[C@H]1C2=C([C@H](O[C@@H]2C)NC(=O)CN3CCN(CC3)CC(F)(F)F)C(=O)NN1,C[C@@H]1NNC(=O)C2=C1[C@@H](C)O[C@@H]2NC(=O)CN1CCN(CC(F)(F)F)CC1,5.1610174
716,C[C@H](c1cccnc1)N2C(=O)C[C@H](C2=O)[NH+]3CCC(CC3)OC,COC1CC[NH+]([C@@H]2CC(=O)N([C@H](C)c3cccnc3)C2=O)CC1,4.4453793
717,COCC(=O)N1CCN([C@@H](C1)C(=O)N[C@H]2CCCNC2=O)C(=O)[C@@H]3CSCN3,COCC(=O)N1CCN(C(=O)[C@@H]2CSCN2)[C@H](C(=O)N[C@H]2CCCNC2=O)C1,5.438072
718,c1cc(oc1/C=C\2/C(=O)N(C(=S)S2)[C@H](CC(=O)[O-])C(=O)[O-])c3cc(cc(c3)Cl)Cl,O=C([O-])C[C@H](C(=O)[O-])N1C(=O)/C(=C/c2ccc(-c3cc(Cl)cc(Cl)c3)o2)SC1=S,5.88312
719,C[C@H]1CCc2c(sc(c2C(=O)N)NC(=S)NC(=O)c3ccc(cc3)OCC(C)C)C1,CC(C)COc1ccc(C(=O)NC(=S)Nc2sc3c(c2C(N)=O)CC[C@H](C)C3)cc1,3.3801293
720,COCCN1C(=O)[C@@H]2[C@H](N[C@]3([C@@H]2C1=O)c4cc(ccc4NC3=O)F)CCC(=O)[O-],COCCN1C(=O)[C@H]2[C@@H](C1=O)[C@]1(N[C@@H]2CCC(=O)[O-])C(=O)Nc2ccc(F)cc21,1.6734941
721,c1cnn(c1)c2ccc(nn2)NNC(=O)NCCc3nccs3,O=C(NCCc1nccs1)NNc1ccc(-n2cccn2)nn1,5.772334
722,COc1cccc(c1O)[C@@H]2Nc3cc(ccc3C(=O)N2)Cl,COc1cccc([C@H]2NC(=O)c3ccc(Cl)cc3N2)c1O,4.7631407
723,C[C@H](CC[NH+](C)C)NS(=O)(=O)c1c(nc2n1ccs2)NN,C[C@H](CC[NH+](C)C)NS(=O)(=O)c1c(NN)nc2sccn12,4.985406
724,C[C@@H](c1nncn1C)NS(=O)(=O)c2cc(ccc2N)F,C[C@H](NS(=O)(=O)c1cc(F)ccc1N)c1nncn1C,6.128563
725,Cc1cc(cc(c1)NCC(=O)N2CCNC2=O)C,Cc1cc(C)cc(NCC(=O)N2CCNC2=O)c1,3.924924
726,c1ccc2c(c1)nc3n2c4c(c(n3)[O-])[C@@H](CC(=O)N4)c5ccc(cc5)O,O=C1C[C@@H](c2ccc(O)cc2)c2c([O-])nc3nc4ccccc4n3c2N1,5.4772043
727,Cc1ccc(cc1)/C=N/Nc2nnc(n2N)SCC(=O)N3CCC[NH+](CC3)Cc4nnc(o4)C,Cc1ccc(/C=N/Nc2nnc(SCC(=O)N3CCC[NH+](Cc4nnc(C)o4)CC3)n2N)cc1,3.1863496
728,Cc1ccc(cc1)C(=O)N(CCOC)CC(=O)/N=c/2\[nH]c(cn2c3ccc(cc3)F)c4ccc(cc4)OC,COCCN(CC(=O)/N=c1\[nH]c(-c2ccc(OC)cc2)cn1-c1ccc(F)cc1)C(=O)c1ccc(C)cc1,1.7088302
729,c1cc2c(cc1C(=O)NC3(CCCCC3)C(=O)[O-])nn[nH]2,O=C(NC1(C(=O)[O-])CCCCC1)c1ccc2[nH]nnc2c1,3.8856387
730,Cc1ccc(cc1)CSC2=NC(=O)[C@H]3[C@@H](CC(=O)NC3=N2)c4ccc(cc4)OCC(=O)N,Cc1ccc(CSC2=NC(=O)[C@@H]3C(=N2)NC(=O)C[C@H]3c2ccc(OCC(N)=O)cc2)cc1,7.49145
731,COc1ccc(cc1)S[C@@H]2C[C@H](N(C2)C/C(=C/c3ccccc3)/Cl)C(=O)N[C@H]4CCS(=O)(=O)C4,COc1ccc(S[C@@H]2C[C@@H](C(=O)N[C@H]3CCS(=O)(=O)C3)N(C/C(Cl)=C/c3ccccc3)C2)cc1,7.1040516
732,Cn1c2c(nc1SCC(=O)Nc3nnnn3C)n(c(=O)n(c2=O)C)C,Cn1nnnc1NC(=O)CSc1nc2c(c(=O)n(C)c(=O)n2C)n1C,1.8169712
733,Cn1c2c(c(=O)[nH]c1=O)n(c(n2)N/N=C/3\C(=O)NC(=O)N=C3[O-])C[C@@H](COc4ccccc4)O,Cn1c(=O)[nH]c(=O)c2c1nc(N/N=C1\C(=O)NC(=O)N=C1[O-])n2C[C@H](O)COc1ccccc1,6.786569
734,Cc1cc([nH]n1)NC(=O)Cc2coc3c2c4ccccc4cc3,Cc1cc(NC(=O)Cc2coc3ccc4ccccc4c23)[nH]n1,3.4070365
735,CC(C)(C)n1nc(nn1)CCC(CCc2nnn(n2)C(C)(C)C)(CCc3nnn(n3)C(C)(C)C)[N+](=O)[O-],CC(C)(C)n1nnc(CCC(CCc2nnn(C(C)(C)C)n2)(CCc2nnn(C(C)(C)C)n2)[N+](=O)[O-])n1,2.0403135
736,CCOc1cc(ccc1O)[C@@H]2c3c(n[nH]c3C(=O)N2Cc4ccc5c(c4)OCO5)c6cc(ccc6O)F,CCOc1cc([C@@H]2c3c(-c4cc(F)ccc4O)n[nH]c3C(=O)N2Cc2ccc3c(c2)OCO3)ccc1O,6.4448633
737,CCc1ccc(cc1)N2C(=O)[C@@H]3[C@@H](N[C@]4([C@@H]3C2=O)c5cc(ccc5NC4=O)F)Cc6ccc(cc6)O,CCc1ccc(N2C(=O)[C@@H]3[C@H](Cc4ccc(O)cc4)N[C@]4(C(=O)Nc5ccc(F)cc54)[C@@H]3C2=O)cc1,6.045968
738,CC12CC3(CC(C1)(CC(C2)(C3)CC(=O)N4CCC(CC4)C(=O)N)C)C,CC12CC3(C)CC(C)(C1)CC(CC(=O)N1CCC(C(N)=O)CC1)(C2)C3,6.828536
739,C[C@H](Cc1ccc(cc1Cl)Cl)NC(=O)C2CCC3(CC2)C(=O)NC(=O)N3,C[C@H](Cc1ccc(Cl)cc1Cl)NC(=O)C1CCC2(CC1)NC(=O)NC2=O,7.4683785
740,CCCCNc1nnc(s1)SCC(=O)Nc2c(c(c(n2C[C@@H]3CCCO3)C)C)C#N,CCCCNc1nnc(SCC(=O)Nc2c(C#N)c(C)c(C)n2C[C@@H]2CCCO2)s1,3.9570773
741,C/C(=C\C(=O)Nc1ccc(cn1)Cl)/NNC(=O)c2ccc(cc2)N,C/C(=C\C(=O)Nc1ccc(Cl)cn1)NNC(=O)c1ccc(N)cc1,1.9016038
742,Cc1ccc(s1)[C@H](C)NC(=O)Nc2ccc(c(c2)N3CCCC3=O)F,Cc1ccc([C@H](C)NC(=O)Nc2ccc(F)c(N3CCCC3=O)c2)s1,5.698322
743,Cc1c(ccc([nH+]1)N)CNC(=O)[C@@H]2C=CCn3n2c(=O)n(c3=O)[C@@H](C[NH2+]C4CCCCC4)C(=O)OC,COC(=O)[C@H](C[NH2+]C1CCCCC1)n1c(=O)n2n(c1=O)[C@H](C(=O)NCc1ccc(N)[nH+]c1C)C=CC2,7.5603085
744,CC1C[C@@H](C([C@H](C1)O)[N+](=O)[O-])O,CC1C[C@H](O)C([N+](=O)[O-])[C@@H](O)C1,5.7808914
745,Cc1cc([nH+]c(c1C(=O)[O-])N2CCCC[C@@H]2CO)C,Cc1cc(C)c(C(=O)[O-])c(N2CCCC[C@@H]2CO)[nH+]1,2.7037942
746,CC(C)(C)[NH2+][C@@]1(CCOc2c1cccc2)C(=O)[O-],CC(C)(C)[NH2+][C@]1(C(=O)[O-])CCOc2ccccc21,3.795126
747,CCS(=O)(=O)N1CCC(CC1)NC(=O)c2c(non2)N,CCS(=O)(=O)N1CCC(NC(=O)c2nonc2N)CC1,5.329979
748,[H]/N=C\1/C=C/C(=N/c2c(c(c3c(c2O)[C@@H]([C@@]4(N3C[C@@H]5[C@H]4[NH2+]5)OC)COC(=O)N)O)C)/C=N1,[H]/N=C1\C=C/C(=N/c2c(C)c(O)c3c(c2O)[C@H](COC(N)=O)[C@@]2(OC)[C@@H]4[NH2+][C@@H]4CN32)C=N1,4.91245
749,Cc1ccc(c(n1)OC)CNC(=O)C(=O)Nc2c(ccs2)C(=O)N,COc1nc(C)ccc1CNC(=O)C(=O)Nc1sccc1C(N)=O,5.459894
750,Cc1cccc(c1)[C@H](CC(=O)NC[C@@H](c2cccs2)[NH+]3CCC(CC3)C)NC(=O)N,Cc1cccc([C@H](CC(=O)NC[C@@H](c2cccs2)[NH+]2CCC(C)CC2)NC(N)=O)c1,6.671163
751,COc1ccc2=C([C@H]([NH+]=c2c1)C(=O)OC)NC(=O)C[NH+]3CCC(CC3)(C(=O)N)[NH+]4CCCCC4,COC(=O)[C@H]1[NH+]=c2cc(OC)ccc2=C1NC(=O)C[NH+]1CCC(C(N)=O)([NH+]2CCCCC2)CC1,5.9452486
752,Cc1c(c(n[nH]1)C(=O)N[C@H]2CCC[C@@H]([C@@H]2C)C)N,Cc1[nH]nc(C(=O)N[C@H]2CCC[C@H](C)[C@@H]2C)c1N,4.242117
753,Cc1c(sc(n1)N2[C@@H](C(=C(C2=O)[O-])C(=O)c3cccc(c3)OC)c4ccccc4)C(=O)OC,COC(=O)c1sc(N2C(=O)C([O-])=C(C(=O)c3cccc(OC)c3)[C@H]2c2ccccc2)nc1C,3.4781718
754,Cc1ccc(o1)[C@H](C)CC[NH+]2CCC(CC2)[C@@]3(C(=O)NC(=O)N3)C,Cc1ccc([C@H](C)CC[NH+]2CCC([C@@]3(C)NC(=O)NC3=O)CC2)o1,5.074633
755,Cc1c(sc2c1c(nc(n2)CN3CCOC3=O)NN)C,Cc1sc2nc(CN3CCOC3=O)nc(NN)c2c1C,3.7366745
756,CCN(CCCNC(=O)[C@@H]1c2cc(c(cc2C(=O)N([C@@H]1c3cccs3)C)OC)OC)c4cccc(c4)C,CCN(CCCNC(=O)[C@@H]1c2cc(OC)c(OC)cc2C(=O)N(C)[C@@H]1c1cccs1)c1cccc(C)c1,5.7213798
757,c1cc2c(cc1Br)S[C@H](N2)NC(=O)CSc3[nH]ncn3,O=C(CSc1ncn[nH]1)N[C@H]1Nc2ccc(Br)cc2S1,4.8370266
758,CC1(CC(=C(C(=O)C1)SC2=NNC(=C3C=CC(=O)C=C3)N2C[C@@H]4CCCO4)[O-])C,CC1(C)CC(=O)C(SC2=NNC(=C3C=CC(=O)C=C3)N2C[C@@H]2CCCO2)=C([O-])C1,6.339308
759,CN(C)C(=O)CNC(=O)[C@H]1CN(CC12CC[NH2+]CC2)C(=O)c3ccccc3F,CN(C)C(=O)CNC(=O)[C@H]1CN(C(=O)c2ccccc2F)CC12CC[NH2+]CC2,4.260101
760,CCCS(=O)(=O)c1ncc(n1C[C@H]2CCCO2)C[NH+](C)Cc3nccn3CC,CCCS(=O)(=O)c1ncc(C[NH+](C)Cc2nccn2CC)n1C[C@H]1CCCO1,3.7741826
761,CC(C)(C)OC(=O)N[C@H](CC1=c2ccccc2=[NH+]C1)C(=O)OC[C@@H]3[C@@H]([C@@H]([C@@H]([C@@H](O3)O)O)O)O,CC(C)(C)OC(=O)N[C@H](CC1=c2ccccc2=[NH+]C1)C(=O)OC[C@H]1O[C@@H](O)[C@@H](O)[C@@H](O)[C@H]1O,5.2526507
762,CCC(C)(C)NC(=O)[C@@H](c1ccc(cc1)N(C)C)N(c2cccc(c2)F)C(=O)c3c(c(ns3)C(=O)N)N,CCC(C)(C)NC(=O)[C@@H](c1ccc(N(C)C)cc1)N(C(=O)c1snc(C(N)=O)c1N)c1cccc(F)c1,4.20496
763,C[C@@H](C(=O)Nc1ccc(cc1)C(=O)N)Sc2nnc(n2CC(=O)[O-])c3cccs3,C[C@H](Sc1nnc(-c2cccs2)n1CC(=O)[O-])C(=O)Nc1ccc(C(N)=O)cc1,6.093805
764,Cc1ccc(cc1)n2c(=O)c3ccc(cc3[nH]c2=O)[C@@H]4N[C@@H](NO4)c5cccc(c5)Br,Cc1ccc(-n2c(=O)[nH]c3cc([C@@H]4N[C@H](c5cccc(Br)c5)NO4)ccc3c2=O)cc1,6.9439983
765,Cc1c2c(cc(nc2n(n1)[C@@H]3CCS(=O)(=O)C3)c4ccco4)C(=O)Nc5ccccc5C(=O)N,Cc1nn([C@@H]2CCS(=O)(=O)C2)c2nc(-c3ccco3)cc(C(=O)Nc3ccccc3C(N)=O)c12,5.6914506
766,CCNC(=O)NC(=O)[C@@H](C)Sc1nc2cc(ccc2c(=O)n1C[C@H](C)O)C(=O)[O-],CCNC(=O)NC(=O)[C@@H](C)Sc1nc2cc(C(=O)[O-])ccc2c(=O)n1C[C@H](C)O,4.01258
767,C[C@@]1(C(=O)N(C(=O)N1)CC(=O)Nc2ccc(cn2)Cl)c3ccsc3,C[C@@]1(c2ccsc2)NC(=O)N(CC(=O)Nc2ccc(Cl)cn2)C1=O,3.241065
768,c1cc(cc(c1)C(F)(F)F)CC(=O)N[C@@H]2CCCN(C2)CC(=O)N,NC(=O)CN1CCC[C@@H](NC(=O)Cc2cccc(C(F)(F)F)c2)C1,6.2677727
769,C[C@@H](c1cccc(c1)Cl)N(C)C(=O)c2cccnc2NN,C[C@@H](c1cccc(Cl)c1)N(C)C(=O)c1cccnc1NN,5.5951333
770,CC[NH+](CC)CCCN1[C@H](C(=C(C1=O)[O-])C(=O)[C@H]2C(=C(N=C2C)C(=O)OC)C)c3ccc(cc3)[N+](=O)[O-],CC[NH+](CC)CCCN1C(=O)C([O-])=C(C(=O)[C@@H]2C(C)=NC(C(=O)OC)=C2C)[C@@H]1c1ccc([N+](=O)[O-])cc1,2.531401
771,C[C@H](C1CC1)N(C)C(=O)C2(CCCCCC2)/C(=N/O)/N,C[C@H](C1CC1)N(C)C(=O)C1(/C(N)=N/O)CCCCCC1,0.095504336
772,CC1CCC(CC1)CNC(=O)NNC(=O)[C@@H]2CCS(=O)(=O)C2,CC1CCC(CNC(=O)NNC(=O)[C@@H]2CCS(=O)(=O)C2)CC1,5.5602117
773,C[C@@H](c1cccc(c1)Cl)Sc2c(c(cc(n2)N)N)C#N,C[C@H](Sc1nc(N)cc(N)c1C#N)c1cccc(Cl)c1,4.6473117
774,CCSc1nnc(s1)/N=C(/c2cn(cc-3c(=O)[nH]nc23)C[C@@H]4CCCO4)\[O-],CCSc1nnc(/N=C(\[O-])c2cn(C[C@@H]3CCCO3)cc3c(=O)[nH]nc2-3)s1,4.4949417
775,C[C@H](C(=O)NC(=O)NCC=C)n1cnc2c1c(=O)n(c(=O)n2C)C,C=CCNC(=O)NC(=O)[C@@H](C)n1cnc2c1c(=O)n(C)c(=O)n2C,4.718326
776,CCc1nnc(o1)CN(C(C)C)C(=O)CSc2nc([nH]n2)N/N=C/c3c(nn(c3C)C(C)C)C,CCc1nnc(CN(C(=O)CSc2n[nH]c(N/N=C/c3c(C)nn(C(C)C)c3C)n2)C(C)C)o1,1.6090193
777,Cc1ccc(cc1)Oc2c(cccn2)C(=O)N3C[C@@H](C4(C3)CC[NH2+]CC4)C(=O)N[C@@H](C)c5ccncc5,Cc1ccc(Oc2ncccc2C(=O)N2C[C@H](C(=O)N[C@@H](C)c3ccncc3)C3(CC[NH2+]CC3)C2)cc1,6.487065
778,CCOc1cc(cc(c1OCC)Br)[C@H]2C(=C(Nc3n2ncn3)C)C(=O)Nc4ccc(cc4C)C,CCOc1cc([C@H]2C(C(=O)Nc3ccc(C)cc3C)=C(C)Nc3ncnn32)cc(Br)c1OCC,5.4940944
779,c1ccc(c(c1)[C@H](CNC(=O)NCC2(CCCCC2)N3CCOCC3)O)F,O=C(NC[C@H](O)c1ccccc1F)NCC1(N2CCOCC2)CCCCC1,5.8477187
780,c1ccc(c(c1)NC(=O)CCC[NH3+])S[C@H](CC(=O)[O-])c2cccnc2,[NH3+]CCCC(=O)Nc1ccccc1S[C@H](CC(=O)[O-])c1cccnc1,5.3962703
781,C[C@@]1(C(=O)N(C(=O)N1)CC(=O)NNC(=O)c2ccc(cc2)CSc3[nH]c4ccccc4n3)C5CC5,C[C@@]1(C2CC2)NC(=O)N(CC(=O)NNC(=O)c2ccc(CSc3nc4ccccc4[nH]3)cc2)C1=O,3.9914765
782,Cc1cc(cc(c1O[C@@H](C)C(=O)NNC(=O)C2=NNC(=O)CC2)C)Cl,Cc1cc(Cl)cc(C)c1O[C@@H](C)C(=O)NNC(=O)C1=NNC(=O)CC1,3.710814
783,COc1ccc(cc1)Cn2c(=O)c(c([nH]c2=O)[O-])[C@@H]3c4c(c5ccccc5[nH]4)CC[NH2+]3,COc1ccc(Cn2c(=O)[nH]c([O-])c([C@H]3[NH2+]CCc4c3[nH]c3ccccc43)c2=O)cc1,4.8800583
784,Cc1cc(c(o1)C)C(=O)NNC(=O)[C@]2(CC2(Cl)Cl)C,Cc1cc(C(=O)NNC(=O)[C@@]2(C)CC2(Cl)Cl)c(C)o1,1.8758756
785,CCN([C@@H]1CCS(=O)(=O)C1)S(=O)(=O)c2c(cn[nH]2)C(=O)[O-],CCN([C@@H]1CCS(=O)(=O)C1)S(=O)(=O)c1[nH]ncc1C(=O)[O-],2.9945464
786,C[C@@H]1C[C@@H](CN(C1)C(=O)Nc2ccc3c(c2)NC(=O)[C@@H](O3)C)C,C[C@@H]1C[C@H](C)CN(C(=O)Nc2ccc3c(c2)NC(=O)[C@H](C)O3)C1,4.051201
787,CCCn1c(c(c(c(c1=O)C#N)C)/C=C/2\C(=O)N(C(=S)S2)CCC(=O)[O-])N3CCC[C@@H](C3)C,CCCn1c(N2CCC[C@H](C)C2)c(/C=C2/SC(=S)N(CCC(=O)[O-])C2=O)c(C)c(C#N)c1=O,4.383319
788,CCN1[C@@H](NN[C@@H]1SCC(=O)N[C@@H](CC2=c3ccccc3=[NH+]C2)C(=O)[O-])c4cccs4,CCN1[C@@H](SCC(=O)N[C@@H](CC2=c3ccccc3=[NH+]C2)C(=O)[O-])NN[C@H]1c1cccs1,5.6094346
789,Cc1ccc(c2c1[C@@H](C(=O)N2CCCS(=O)(=O)C)N)C,Cc1ccc(C)c2c1[C@H](N)C(=O)N2CCCS(C)(=O)=O,4.3631315
790,Cc1c(scn1)C(=O)NC2CC[NH+](CC2)CN3C(=O)c4cccc(c4C3=O)N,Cc1ncsc1C(=O)NC1CC[NH+](CN2C(=O)c3cccc(N)c3C2=O)CC1,5.1283827
791,Cc1cccc2c1[nH]c(=O)c(c2)[C@H](c3nnnn3C(C)(C)C)N4CCN(CC4)c5nc6ccccc6s5,Cc1cccc2cc([C@H](c3nnnn3C(C)(C)C)N3CCN(c4nc5ccccc5s4)CC3)c(=O)[nH]c12,6.4327803
792,COc1ccc(cc1OCc2ccccc2F)[C@H]3CC(=O)Nc4c3sc(n4)N,COc1ccc([C@H]2CC(=O)Nc3nc(N)sc32)cc1OCc1ccccc1F,5.942907
793,c1csc(n1)CNS(=O)(=O)C2=CN=C(C2)C(=O)NC[C@@H]3N=CCS3,O=C(NC[C@@H]1N=CCS1)C1=NC=C(S(=O)(=O)NCc2nccs2)C1,6.5113683
794,c1ccc2c(c1)ccc(n2)C(=O)N3C[C@@H](C4(C3)CC[NH2+]CC4)C(=O)NC5CC5,O=C(NC1CC1)[C@H]1CN(C(=O)c2ccc3ccccc3n2)CC12CC[NH2+]CC2,5.0588875
795,C[C@]1(C(=O)N(C(=O)N1)NC(=O)CSc2nnc(n2C)[C@H]3COc4ccccc4O3)c5ccccc5,Cn1c(SCC(=O)NN2C(=O)N[C@](C)(c3ccccc3)C2=O)nnc1[C@H]1COc2ccccc2O1,1.1625826
796,CC[NH2+][C@H](c1ccc2c(c1)[nH]c(=O)[nH]2)c3ccc(cn3)Br,CC[NH2+][C@H](c1ccc2[nH]c(=O)[nH]c2c1)c1ccc(Br)cn1,5.7798457
797,c1ccc(cc1)Cn2c(c(c(=O)[nH]c2=O)N(Cc3ccccc3)C(=O)c4cccc(c4)n5cnnn5)N,Nc1c(N(Cc2ccccc2)C(=O)c2cccc(-n3cnnn3)c2)c(=O)[nH]c(=O)n1Cc1ccccc1,7.306935
798,Cc1cc(c(cc1[C@H](C)[NH2+]Cc2c(nn(c2C)CCO)C)OC)OC,COc1cc(C)c([C@H](C)[NH2+]Cc2c(C)nn(CCO)c2C)cc1OC,2.24995
799,CCc1ccccc1N2[C@@H](NN[C@@H]2SCc3[nH]c(=O)c4ccc(cc4n3)C(=O)[O-])N5CCOCC5,CCc1ccccc1N1[C@@H](SCc2nc3cc(C(=O)[O-])ccc3c(=O)[nH]2)NN[C@H]1N1CCOCC1,4.569894
800,CCOCCCNC(=O)NNC(=O)c1ccccc1SCC(=O)NC(C)C,CCOCCCNC(=O)NNC(=O)c1ccccc1SCC(=O)NC(C)C,5.546621
801,CCN(Cc1nccn1C)C(=O)c2ccc([nH+]c2)N3CCC[C@@H]3c4ccccn4,CCN(Cc1nccn1C)C(=O)c1ccc(N2CCC[C@@H]2c2ccccn2)[nH+]c1,4.727738
802,CCCOc1c(=O)c2c(cc(cc2oc1c3ccc(c(c3)OCCO)OCCO)OCCO)O,CCCOc1c(-c2ccc(OCCO)c(OCCO)c2)oc2cc(OCCO)cc(O)c2c1=O,5.2047253
803,CCOC(=O)NC12c3ccccc3C(c4c1cccc4)[C@@H]([C@H]2C(=O)[O-])C(=O)[O-],CCOC(=O)NC12c3ccccc3C(c3ccccc31)[C@H](C(=O)[O-])[C@H]2C(=O)[O-],1.7151695
804,Cc1ccc(c2c1cc(c(=O)[nH]2)[C@@H](c3nnnn3CCOC)N4CCN(CC4)c5ccc(cc5)[N+](=O)[O-])C,COCCn1nnnc1[C@H](c1cc2c(C)ccc(C)c2[nH]c1=O)N1CCN(c2ccc([N+](=O)[O-])cc2)CC1,2.4401479
805,CCC[C@@]1(CCCN(C1)C(=O)c2cccc(c2)N)C(=O)[O-],CCC[C@]1(C(=O)[O-])CCCN(C(=O)c2cccc(N)c2)C1,4.323174
806,CC(C)(C(=O)N1CCC2(CC1)C(=O)NC(=O)N2)[NH3+],CC(C)([NH3+])C(=O)N1CCC2(CC1)NC(=O)NC2=O,4.644463
807,Cc1cccn2c1nc3c(c2=O)cc(c([n+]3CC=C)N)C(=O)NC[C@@H]4CCCO4,C=CC[n+]1c(N)c(C(=O)NC[C@@H]2CCCO2)cc2c(=O)n3cccc(C)c3nc21,5.0076427
808,Cc1ccc(cc1NC(=O)CCc2c(nc([nH]c2=O)SC)C)C(=O)N,CSc1nc(C)c(CCC(=O)Nc2cc(C(N)=O)ccc2C)c(=O)[nH]1,6.1926007
809,COc1cc(cc2c1C(=O)[C@H]([C@@H](O2)c3ccc(c(c3)O)O)O)O[C@@H]4[C@@H]([C@@H]([C@@H]([C@@H](O4)CO)O)O)O,COc1cc(O[C@H]2O[C@@H](CO)[C@@H](O)[C@@H](O)[C@H]2O)cc2c1C(=O)[C@@H](O)[C@H](c1ccc(O)c(O)c1)O2,7.3906956
810,C[C@H]([C@@H]1[C@H]2CC(=C(N2C1=O)C(=O)[O-])c3ccc4cccc(c4c3)C[n+]5ccc(cc5)N)O,C[C@@H](O)[C@H]1C(=O)N2C(C(=O)[O-])=C(c3ccc4cccc(C[n+]5ccc(N)cc5)c4c3)C[C@H]12,5.3456707
811,Cc1ccccc1CN2c3ccccc3[C@](C2=O)(CC(=O)c4cccc(c4)N)O,Cc1ccccc1CN1C(=O)[C@](O)(CC(=O)c2cccc(N)c2)c2ccccc21,5.7895164
812,CC1CCC(CC1)(C(=O)[O-])NC(=O)N2CCC[NH2+]CC2,CC1CCC(NC(=O)N2CCC[NH2+]CC2)(C(=O)[O-])CC1,4.8003135
813,CCC(C)(C)C1CCC2(CC1)C(=O)N(C(=O)N2)CC(=O)NNC(=O)NC(C)C,CCC(C)(C)C1CCC2(CC1)NC(=O)N(CC(=O)NNC(=O)NC(C)C)C2=O,5.611606
814,CC(=O)N1CCC(CC1)[NH+]2CCC(CC2)(Cc3ccccc3Cl)CO,CC(=O)N1CCC([NH+]2CCC(CO)(Cc3ccccc3Cl)CC2)CC1,4.6640387
815,CO[C@H]1C[C@H]([NH2+]C1)C(=O)N2CCC(CC2)C(=O)[O-],CO[C@@H]1C[NH2+][C@H](C(=O)N2CCC(C(=O)[O-])CC2)C1,5.3886347
816,c1ccc2c(c1)C(=O)N([C@H](N2)SCc3[nH]c(=O)c4ccc(cc4n3)C(=O)[O-])c5ccccc5Cl,O=C([O-])c1ccc2c(=O)[nH]c(CS[C@H]3Nc4ccccc4C(=O)N3c3ccccc3Cl)nc2c1,5.8698397
817,Cc1ccc(cc1)CO[C@H]2C[C@@](C[C@H]([C@H]2O)O)(C(=O)NCC3CC3)OCc4ccccc4C,Cc1ccc(CO[C@H]2C[C@](OCc3ccccc3C)(C(=O)NCC3CC3)C[C@@H](O)[C@H]2O)cc1,7.588514
818,CC(C)N/C(=C(\C#N)/C(=O)c1cc(nc2c1cnn2C(C)C)c3ccco3)/[O-],CC(C)N/C([O-])=C(\C#N)C(=O)c1cc(-c2ccco2)nc2c1cnn2C(C)C,4.415278
819,C[C@H](C(=O)NC(=O)NC1CC1)Sc2[nH]c(c(n2)c3cccs3)c4cccs4,C[C@@H](Sc1nc(-c2cccs2)c(-c2cccs2)[nH]1)C(=O)NC(=O)NC1CC1,4.464285
820,CCOCc1ccccc1NC(=O)C(=O)N[C@H]2CCCN(C2)c3ncccn3,CCOCc1ccccc1NC(=O)C(=O)N[C@H]1CCCN(c2ncccn2)C1,5.019042
821,C[C@H](CCCC(C)C)NC(=O)CSc1nc2cc(ccc2c(=O)n1CCO)C(=O)[O-],CC(C)CCC[C@@H](C)NC(=O)CSc1nc2cc(C(=O)[O-])ccc2c(=O)n1CCO,5.744152
822,CCN(CCCNC=C1C(=O)NC(=S)NC1=O)c2ccccc2,CCN(CCCNC=C1C(=O)NC(=S)NC1=O)c1ccccc1,6.12681
823,CCCC(=O)O[C@@H]1[C@H]2[C@@H](CO[P@@](=O)(O2)[O-])O[C@@H]1n3cnc4c3nc([nH]c4=O)N,CCCC(=O)O[C@@H]1[C@@H]2OP(=O)([O-])OC[C@H]2O[C@@H]1n1cnc2c(=O)[nH]c(N)nc21,4.648557
824,c1cc(c(cc1N)C(=O)OCc2nc(c3c4c(sc3n2)CCCCC4)N)Cl,Nc1ccc(Cl)c(C(=O)OCc2nc(N)c3c4c(sc3n2)CCCCC4)c1,5.196643
825,c1ccc2c(c1)n(c(=O)o2)C[C@H]3CC(=O)NCc4c3sc(n4)N,Nc1nc2c(s1)[C@@H](Cn1c(=O)oc3ccccc31)CC(=O)NC2,6.777501
826,Cc1cccc(c1NC(=O)NCC2(CCCC2)C)C(=O)N3CCSCC3,Cc1cccc(C(=O)N2CCSCC2)c1NC(=O)NCC1(C)CCCC1,4.4456725
827,Cc1cc2c(c(=O)n1CCO)[C@@H](C(=C(O2)N)C#N)c3ccccc3F,Cc1cc2c(c(=O)n1CCO)[C@H](c1ccccc1F)C(C#N)=C(N)O2,2.7425933
828,C[C@@](c1ccccc1)(C(=O)[O-])NC(=O)[C@@H]2C[NH2+]CCO2,C[C@](NC(=O)[C@@H]1C[NH2+]CCO1)(C(=O)[O-])c1ccccc1,3.8153274
829,c1cc(c2c(c1)OCCO2)NC(=O)NCc3ccc(s3)Cl,O=C(NCc1ccc(Cl)s1)Nc1cccc2c1OCCO2,4.3893566
830,C[C@@H]1CCC2=C(C1)[C@H](NN2c3[nH]c4ccccc4n3)C(=O)[O-],C[C@@H]1CCC2=C(C1)[C@@H](C(=O)[O-])NN2c1nc2ccccc2[nH]1,3.163023
831,c1cc(sc1)CN([C@@H](c2ccc(cc2)F)C(=O)NC[C@@H]3CCCO3)C(=O)c4c(c(ns4)C(=O)N)N,NC(=O)c1nsc(C(=O)N(Cc2cccs2)[C@H](C(=O)NC[C@@H]2CCCO2)c2ccc(F)cc2)c1N,1.609893
832,COc1ccc(cc1)[C@@H]2C/C(=C/3\C(=O)N=C(N(C3=O)Cc4ccccc4)[O-])/NN2,COc1ccc([C@@H]2C/C(=C3\C(=O)N=C([O-])N(Cc4ccccc4)C3=O)NN2)cc1,6.0450544
833,Cc1csc(n1)N2CCN(CC2)C(=O)NNC(=O)c3c(c4ccccc4o3)C,Cc1csc(N2CCN(C(=O)NNC(=O)c3oc4ccccc4c3C)CC2)n1,4.719122
834,CCO[C@H](c1ccccc1)C(=O)NCC2(CCOCC2)C(=O)N,CCO[C@@H](C(=O)NCC1(C(N)=O)CCOCC1)c1ccccc1,5.9466066
835,Cc1c(non1)OCC[NH2+]C[C@@]2(CCCN(C2=O)C)O,Cc1nonc1OCC[NH2+]C[C@]1(O)CCCN(C)C1=O,1.4734704
836,C[C@H]1CN(C[C@@H](O1)C)S(=O)(=O)CCNC(=O)N[C@@H](C)Cn2cc[nH+]c2,C[C@@H](Cn1cc[nH+]c1)NC(=O)NCCS(=O)(=O)N1C[C@H](C)O[C@@H](C)C1,3.9675684
837,Cc1ccc(c(c1)[N+](=O)[O-])NC(=O)C(=O)NC[C@@H](c2ccco2)N3CCN(CC3)c4ccc(cc4)OC,COc1ccc(N2CCN([C@@H](CNC(=O)C(=O)Nc3ccc(C)cc3[N+](=O)[O-])c3ccco3)CC2)cc1,6.029799
838,Cc1c2cc(cnc2[nH]n1)C(=O)NNC(=O)[C@@H]3CCCO3,Cc1n[nH]c2ncc(C(=O)NNC(=O)[C@@H]3CCCO3)cc12,4.2684712
839,CCCCn1c(c(c(=O)[nH]c1=O)N(Cc2ccco2)C(=O)CC(c3ccccc3)c4ccccc4)N,CCCCn1c(N)c(N(Cc2ccco2)C(=O)CC(c2ccccc2)c2ccccc2)c(=O)[nH]c1=O,5.416998
840,c1ccc(cc1)C[NH2+]C[C@H](COCC2CCC(CC2)COC[C@@H](C[NH2+]Cc3ccccc3)O)O,O[C@H](C[NH2+]Cc1ccccc1)COCC1CCC(COC[C@H](O)C[NH2+]Cc2ccccc2)CC1,9.304073
841,CCCN1C(=C([C@H](NC1=O)c2cccc(c2)NC(=O)Nc3ccccc3OCC)C(=O)OC)C,CCCN1C(=O)N[C@H](c2cccc(NC(=O)Nc3ccccc3OCC)c2)C(C(=O)OC)=C1C,2.580097
842,C[NH+]1C[C@@H]2[C@H](C1)[C@](N[C@@H]2c3cccc(c3)n4cccn4)(CCO)CO,C[NH+]1C[C@H]2[C@@H](c3cccc(-n4cccn4)c3)N[C@](CO)(CCO)[C@H]2C1,5.9825983
843,CCNC(=O)[C@H](C)NC(=O)Nc1c(cccc1C(=O)N2CCCC2)C,CCNC(=O)[C@H](C)NC(=O)Nc1c(C)cccc1C(=O)N1CCCC1,4.7213993
844,CN1C(=O)/C(=C\c2c[nH]c3c2cccc3)/C(=NC1=O)O,CN1C(=O)N=C(O)/C(=C/c2c[nH]c3ccccc23)C1=O,3.638095
845,CCc1ncc(s1)CN(C)C(=O)c2ccc3c(c2)[nH]c(=O)[nH]3,CCc1ncc(CN(C)C(=O)c2ccc3[nH]c(=O)[nH]c3c2)s1,3.6782246
846,c1c2c(sc1C(=O)N[C@H]3CCCN(C3)CC(=O)N)CCCCC2,NC(=O)CN1CCC[C@H](NC(=O)c2cc3c(s2)CCCCC3)C1,6.137516
847,c1cc(cc(c1)OC[C@@H](/C=C/[C@H]2[C@@H](C[C@H]([C@H]2C/C=C\CCCC(=O)NC(CO)CO)O)O)O)C(F)(F)F,O=C(CCC/C=C\C[C@H]1[C@@H](/C=C/[C@@H](O)COc2cccc(C(F)(F)F)c2)[C@H](O)C[C@H]1O)NC(CO)CO,7.424567
848,COc1cc(cc(c1OCC(=O)[O-])Br)/C=N/NC(=O)Cc2csc(n2)N,COc1cc(/C=N/NC(=O)Cc2csc(N)n2)cc(Br)c1OCC(=O)[O-],5.4483004
849,Cc1c(sc2c1c(=O)[nH]c(n2)CS[C@@H](C)C(=O)Nc3nc(cs3)c4c[nH]c5c4cccc5)C,Cc1sc2nc(CS[C@@H](C)C(=O)Nc3nc(-c4c[nH]c5ccccc45)cs3)[nH]c(=O)c2c1C,5.078385
850,Cc1ccc(cc1)c2nnc(n2CC(=O)[O-])SCC(=O)Nc3c(ccs3)C(=O)N,Cc1ccc(-c2nnc(SCC(=O)Nc3sccc3C(N)=O)n2CC(=O)[O-])cc1,5.5345697
851,COc1ccc2ccccc2c1/C=C\3/C(=O)NC(=S)N3,COc1ccc2ccccc2c1/C=C1\NC(=S)NC1=O,3.8625102
852,CCCCn1c2c(c(=O)[nH]c1=O)n(c(n2)C[NH+]3CCCC[C@H]3C(=O)N)C,CCCCn1c(=O)[nH]c(=O)c2c1nc(C[NH+]1CCCC[C@H]1C(N)=O)n2C,6.1782303
853,CS(=O)(=O)CC[C@H](C(=O)[O-])NC(=O)NCC[C@@H]1CCCO1,CS(=O)(=O)CC[C@@H](NC(=O)NCC[C@@H]1CCCO1)C(=O)[O-],4.0848165
854,C1CS(=O)(=O)C[C@@H]1N(CC(=O)[O-])C(=O)c2c(non2)N,Nc1nonc1C(=O)N(CC(=O)[O-])[C@@H]1CCS(=O)(=O)C1,1.7068335
855,CC1=C([C@@H](N2C(=N1)N=C(N2)CCCO)c3ccc(cc3)Br)C(=O)N,CC1=C(C(N)=O)[C@H](c2ccc(Br)cc2)N2NC(CCCO)=NC2=N1,5.098862
856,Cc1ccccc1Nc2c(c(ncn2)NCc3ccc(cc3)Cl)N,Cc1ccccc1Nc1ncnc(NCc2ccc(Cl)cc2)c1N,5.278379
857,c1cc(ccc1N2CC[C@@H](C2)CN/C(=[NH+]/C[C@@H]3CCCO3)/N)Br,N/C(NC[C@H]1CCN(c2ccc(Br)cc2)C1)=[NH+]\C[C@@H]1CCCO1,6.6883698
858,CCN(Cc1ccncc1)Cc2c(ccc(n2)NN)Cl,CCN(Cc1ccncc1)Cc1nc(NN)ccc1Cl,5.7764006
859,CC[C@]1(CCCN(C1)C(=O)N(CC(=O)N)C(C)C)C(=O)[O-],CC[C@@]1(C(=O)[O-])CCCN(C(=O)N(CC(N)=O)C(C)C)C1,2.7336612
860,C[C@H]1CCCc2c1c3c4ncnn4c(nc3s2)NC[C@H](C)O,C[C@H](O)CNc1nc2sc3c(c2c2ncnn12)[C@@H](C)CCC3,3.9235597
861,CC(C)(C)c1ccccc1OCCNC(=O)NCCCN2CCOC2=O,CC(C)(C)c1ccccc1OCCNC(=O)NCCCN1CCOC1=O,5.4758043
862,c1ccc2=[NH+]CC(=c2c1)C[C@H](C(=O)[O-])NC(=O)CS[C@@H]3NN[C@@H](O3)c4ccc5c(c4)OCO5,O=C(CS[C@@H]1NN[C@H](c2ccc3c(c2)OCO3)O1)N[C@H](CC1=c2ccccc2=[NH+]C1)C(=O)[O-],6.1109614
863,COc1cc(cc(c1OCC(=O)[O-])Cl)/C=N/NC(=S)N,COc1cc(/C=N/NC(N)=S)cc(Cl)c1OCC(=O)[O-],2.9918392
864,CC(=O)N[C@H](CC(=O)N[C@H]1CCCc2c1ccc(=O)[nH]2)c3c(cccc3F)F,CC(=O)N[C@H](CC(=O)N[C@H]1CCCc2[nH]c(=O)ccc21)c1c(F)cccc1F,6.291721
865,C[C@@H](c1cccc2c1cccc2)NC(=O)NNC(=O)C(=O)NC3CC3,C[C@H](NC(=O)NNC(=O)C(=O)NC1CC1)c1cccc2ccccc12,5.5899568
866,c1cc2c(cc1C(=O)[O-])nc([nH]c2=O)CS[C@H]3Nc4cc(ccc4C(=O)N3C5CCCCC5)Cl,O=C([O-])c1ccc2c(=O)[nH]c(CS[C@H]3Nc4cc(Cl)ccc4C(=O)N3C3CCCCC3)nc2c1,5.1556296
867,c1c(c[nH]c1C(=O)NCc2[n-]nnn2)Br,O=C(NCc1nnn[n-]1)c1cc(Br)c[nH]1,0.30246517
868,COc1cc(cc(c1O)OC)[C@@H]2[C@H]3[C@@H](C(=NC3=O)[O-])[C@@]([NH2+]2)(CO)C(=O)[O-],COc1cc([C@H]2[NH2+][C@](CO)(C(=O)[O-])[C@@H]3C([O-])=NC(=O)[C@@H]23)cc(OC)c1O,4.294182
869,C[NH+](C)[C@H]1[C@@H]2C[C@@H]3Cc4c(ccc(c4C5=NN=C([C@@H]35)[C@@]2(C(=C(C1=O)C(=O)N)[O-])O)O)N(C)C,CN(C)c1ccc(O)c2c1C[C@H]1C[C@H]3[C@H]([NH+](C)C)C(=O)C(C(N)=O)=C([O-])[C@@]3(O)C3=NN=C2[C@@H]31,7.7395306
870,C[C@@]1(C(=O)Nc2ccccc2S1)C(=O)Nc3cnn(c3)Cc4c(cccc4Cl)F,C[C@@]1(C(=O)Nc2cnn(Cc3c(F)cccc3Cl)c2)Sc2ccccc2NC1=O,6.6219835
871,c1cc2c(c(c1)Cl)NC(=O)[C@]23[C@@H]4[C@H]([C@@H](N3)CCC(=O)[O-])C(=O)N(C4=O)C[C@H]5CCCO5,O=C([O-])CC[C@@H]1N[C@@]2(C(=O)Nc3c(Cl)cccc32)[C@H]2C(=O)N(C[C@H]3CCCO3)C(=O)[C@@H]12,5.743447
872,c1ccc(c(c1)C2=NCc3cnc(n3-c4c2cc(cc4)Cl)CO[C@H]5[C@H]([C@@H]([C@@H]([C@H](O5)C(=O)[O-])O)O)O)F,O=C([O-])[C@H]1O[C@@H](OCc2ncc3n2-c2ccc(Cl)cc2C(c2ccccc2F)=NC3)[C@@H](O)[C@H](O)[C@@H]1O,6.5840507
873,C[C@H]1CN(CC[NH+]1C)Cc2cccc(c2)C3=NC(=O)CC(=N3)c4ccncc4,C[C@H]1CN(Cc2cccc(C3=NC(=O)CC(c4ccncc4)=N3)c2)CC[NH+]1C,5.382957
874,Cc1c(cc(n1CCNC(=O)C)c2csc(n2)c3cccc(c3)Cl)C(=O)N,CC(=O)NCCn1c(-c2csc(-c3cccc(Cl)c3)n2)cc(C(N)=O)c1C,4.395533
875,C1CCC(CC1)NC(=O)N[C@@H]2[C@H]3CO[C@H](O3)[C@@H]([C@H]2O)N4CCOCC4,O=C(NC1CCCCC1)N[C@H]1[C@H](O)[C@@H](N2CCOCC2)[C@@H]2OC[C@H]1O2,4.78889
876,C[C@H]([C@@H](C1=N/C(=C\C2=C3C(=[NH2+])C=CC=C3[N-]C2)/C(=O)N1CCO)N)O,C[C@@H](O)[C@H](N)C1=N/C(=C\C2=C3C(=[NH2+])C=CC=C3[N-]C2)C(=O)N1CCO,5.1350713
877,C[C@H](C(=O)NC1CC1)[NH+]2CCN(CC2)S(=O)(=O)c3cn(c(=O)n(c3=O)C)C,C[C@H](C(=O)NC1CC1)[NH+]1CCN(S(=O)(=O)c2cn(C)c(=O)n(C)c2=O)CC1,3.3275695
878,CCCn1c(c(c(=O)[nH]c1=O)C(=O)CN2C[C@H](Oc3c2cccc3)C(=O)N4CCCCC4)N,CCCn1c(N)c(C(=O)CN2C[C@@H](C(=O)N3CCCCC3)Oc3ccccc32)c(=O)[nH]c1=O,4.678436
879,COCCCNC(=O)NNC(=O)[C@@H]1CC(=O)N(C1)c2ccc3c(c2)CCC3,COCCCNC(=O)NNC(=O)[C@@H]1CC(=O)N(c2ccc3c(c2)CCC3)C1,5.4537373
880,c1ccc(cc1)CC(=O)NNc2c(c(ncn2)NCCC3=CCCCC3)N,Nc1c(NCCC2=CCCCC2)ncnc1NNC(=O)Cc1ccccc1,5.3166733
881,CN(C1(CCCCC1)C[NH3+])S(=O)(=O)c2c[nH]nc2,CN(C1(C[NH3+])CCCCC1)S(=O)(=O)c1cn[nH]c1,0.2583251
882,c1c(nc(s1)N2CCNC2=O)CC(=O)NCC(F)(F)F,O=C(Cc1csc(N2CCNC2=O)n1)NCC(F)(F)F,4.0786057
883,CCOc1ccc(cc1)c2n[nH]c(=S)n2CCC(=O)NNC(=O)[C@H](C)Oc3ccc(cc3)OCC,CCOc1ccc(O[C@@H](C)C(=O)NNC(=O)CCn2c(-c3ccc(OCC)cc3)n[nH]c2=S)cc1,5.027685
884,CC(C)[C@H](c1ccc(cc1)Cl)NC(=O)C(=O)Nc2c(ccs2)C(=O)N,CC(C)[C@@H](NC(=O)C(=O)Nc1sccc1C(N)=O)c1ccc(Cl)cc1,5.84188
885,C[C@H](C(=O)Nc1cc(n[nH]1)c2cccs2)n3ccnc3,C[C@H](C(=O)Nc1cc(-c2cccs2)n[nH]1)n1ccnc1,4.942168
886,C[C@@]1(C(=O)NC(=O)N(C1=O)C)[C@@]2(C(=NC(=O)N(C2=O)C)[O-])C,CN1C(=O)NC(=O)[C@](C)([C@@]2(C)C(=O)N(C)C(=O)N=C2[O-])C1=O,4.1423492
887,CCCNC(=O)CN1CCN(CC1)C(=O)C2(CCCC2)[NH3+],CCCNC(=O)CN1CCN(C(=O)C2([NH3+])CCCC2)CC1,5.2479744
888,c1c(nc([nH]c1=O)SCC[C@H]2CCC[NH2+]C2)N,Nc1cc(=O)[nH]c(SCC[C@H]2CCC[NH2+]C2)n1,3.89674
889,CCCCNC(=O)CN1CCN(CC1)C(=O)c2c(c(c([nH]2)C)C(=O)OC)C,CCCCNC(=O)CN1CCN(C(=O)c2[nH]c(C)c(C(=O)OC)c2C)CC1,2.7694817
890,Cc1cc(c(c(c1)C)NC(=O)[C@@H](C)Sc2nnc(n2[C@H](C(C)C)C(=O)[O-])c3cccs3)C,Cc1cc(C)c(NC(=O)[C@@H](C)Sc2nnc(-c3cccs3)n2[C@@H](C(=O)[O-])C(C)C)c(C)c1,6.302603
891,CCOc1cc(ccc1OCC(=O)N)[C@H]2C(=C(NC(=O)N2)C)C(=O)Nc3ccccc3C,CCOc1cc([C@@H]2NC(=O)NC(C)=C2C(=O)Nc2ccccc2C)ccc1OCC(N)=O,6.0297627
892,COCCn1cc(cn1)NC(=O)NC2(CCCC2)C(=O)[O-],COCCn1cc(NC(=O)NC2(C(=O)[O-])CCCC2)cn1,4.5028768
893,CC(=O)c1cccc(c1)Nc2c(c(ncn2)NCc3ccc(cc3)Cl)N,CC(=O)c1cccc(Nc2ncnc(NCc3ccc(Cl)cc3)c2N)c1,5.393574
894,c1cc(ccc1c2ccc(c(=O)n2CCCO)C(=O)[O-])[N+](=O)[O-],O=C([O-])c1ccc(-c2ccc([N+](=O)[O-])cc2)n(CCCO)c1=O,4.607477
895,Cc1cc(n2cc(nc2n1)C[NH+](C)CC(=O)N(C)C)C,Cc1cc(C)n2cc(C[NH+](C)CC(=O)N(C)C)nc2n1,3.9949908
896,CCCn1c2ccccc2c(=O)c(c1[O-])C(=O)Nn3c(nc4ccccc4c3=O)CC,CCCn1c([O-])c(C(=O)Nn2c(CC)nc3ccccc3c2=O)c(=O)c2ccccc21,4.027585
897,C1CCC2(CC1)C(=O)N(C(=O)N2)NC(=O)CN3CCNC(=O)C3,O=C1CN(CC(=O)NN2C(=O)NC3(CCCCC3)C2=O)CCN1,4.883796
898,CCn1cc(cc1C(=O)[O-])S(=O)(=O)N[C@H]2CCC[C@@H](C2)O,CCn1cc(S(=O)(=O)N[C@H]2CCC[C@H](O)C2)cc1C(=O)[O-],4.709092
899,Cn1c2ccccc2c(=O)c(c1[O-])[C@H]3[C@@H]4C(=NN3)N(C(=NC4=O)[N-][NH3+])c5ccccc5,Cn1c([O-])c([C@@H]2NN=C3[C@@H]2C(=O)N=C([N-][NH3+])N3c2ccccc2)c(=O)c2ccccc21,6.6134834
900,c1ccc(cc1)[C@H]2C[C@@H]2Nc3cn[nH]c(=O)c3Cl,O=c1[nH]ncc(N[C@H]2C[C@@H]2c2ccccc2)c1Cl,4.5080895
901,c1cc(cc(c1)OCCCN/C(=N/CCNC(=O)c2ccc(cc2)N=[N+]=[N-])/NC#N)C[NH+]3CCCCC3,N#CN/C(=N\CCNC(=O)c1ccc(N=[N+]=[N-])cc1)NCCCOc1cccc(C[NH+]2CCCCC2)c1,1.7489005
902,CC(COC(=O)[C@H]1CCC(=O)N1)(O)O,CC(O)(O)COC(=O)[C@H]1CCC(=O)N1,3.6517086
903,Cc1c(c(n[nH]1)O)[C@@H](c2ccc(o2)c3ccc(cc3)C(=O)OC(C)C)c4c(n[nH]c4O)C,Cc1n[nH]c(O)c1[C@H](c1ccc(-c2ccc(C(=O)OC(C)C)cc2)o1)c1c(O)n[nH]c1C,5.2295628
904,c1cc(c(=O)[nH]c1)C(=O)Nc2nc(cs2)CCC(=O)Nc3ccc(cc3)C(=O)N,NC(=O)c1ccc(NC(=O)CCc2csc(NC(=O)c3ccc[nH]c3=O)n2)cc1,5.4317274
905,C[C@@H](CN1CC2=C(C1=O)[C@H](NC(=O)N2)c3ccc(cc3)Cl)O,C[C@H](O)CN1CC2=C(C1=O)[C@@H](c1ccc(Cl)cc1)NC(=O)N2,3.9460948
906,Cc1ccc(c(c1)NC(=O)NCc2cccc(c2)C(=O)NC[C@@H]3CCCO3)F,Cc1ccc(F)c(NC(=O)NCc2cccc(C(=O)NC[C@@H]3CCCO3)c2)c1,5.95717
907,CC[NH+]1CCN2c3cccc(c3C[C@@]4([C@@H]2C1)C(=NC(=O)N(C4=O)CCc5ccc(c(c5)OC)OC)[O-])Cl,CC[NH+]1CCN2c3cccc(Cl)c3C[C@@]3(C(=O)N(CCc4ccc(OC)c(OC)c4)C(=O)N=C3[O-])[C@@H]2C1,5.351593
908,c1cc2c(cc1C(=O)Nc3cc(ccc3N4CCCCC4)C(=O)N)COC2,NC(=O)c1ccc(N2CCCCC2)c(NC(=O)c2ccc3c(c2)COC3)c1,4.865413
909,CC[NH+]1CCC(CC1)NC(=O)Nc2cc(c[nH]c2=O)C(F)(F)F,CC[NH+]1CCC(NC(=O)Nc2cc(C(F)(F)F)c[nH]c2=O)CC1,4.3455367
910,c1cc(c(cc1NC(=O)C[C@]2(CCSC2)C(=O)[O-])C(=O)N)F,NC(=O)c1cc(NC(=O)C[C@@]2(C(=O)[O-])CCSC2)ccc1F,4.97366
911,CCCC[C@@H](C(=O)[O-])n1c(cc(=O)c(c1CN(C)C)O)CO,CCCC[C@@H](C(=O)[O-])n1c(CO)cc(=O)c(O)c1CN(C)C,1.51004
912,Cc1ccsc1C(=O)NNC(=O)NCc2c(noc2C)C,Cc1ccsc1C(=O)NNC(=O)NCc1c(C)noc1C,2.9868526
913,Cc1cc(cc(c1Cl)C)O[C@@H](c2cnn(c2)C)[C@@H](C)[NH3+],Cc1cc(O[C@@H](c2cnn(C)c2)[C@@H](C)[NH3+])cc(C)c1Cl,1.5684664
914,Cc1cccc(n1)NC(=O)[C@@H]2CCCN(C2)C(=O)c3cc(cc4c3nc[nH]4)F,Cc1cccc(NC(=O)[C@@H]2CCCN(C(=O)c3cc(F)cc4[nH]cnc34)C2)n1,5.458166
915,c1ccn2c(c1)nc(c2S(=O)(=O)NC3CCC(CC3)[NH3+])Cl,[NH3+]C1CCC(NS(=O)(=O)c2c(Cl)nc3ccccn23)CC1,5.02934
916,COc1c(csc1Cl)C(=O)N2C[C@@H](C3(C2)CC[NH2+]CC3)C(=O)NCc4cn5ccccc5n4,COc1c(C(=O)N2C[C@H](C(=O)NCc3cn4ccccc4n3)C3(CC[NH2+]CC3)C2)csc1Cl,5.5851946
917,CC(C)[NH+]1CC[C@@H](C1)CNc2ccc(cc2C(F)(F)F)N,CC(C)[NH+]1CC[C@H](CNc2ccc(N)cc2C(F)(F)F)C1,3.8602686
918,CCc1c(sc(c1C(=O)N)NC(=O)[C@@H](C)Oc2ccccc2C)C,CCc1c(C)sc(NC(=O)[C@@H](C)Oc2ccccc2C)c1C(N)=O,4.7666836
919,c1cc(cc(c1)F)N([C@H](c2ccco2)C(=O)NC[C@H]3CCCO3)C(=O)c4c(c(ns4)C(=O)N)N,NC(=O)c1nsc(C(=O)N(c2cccc(F)c2)[C@@H](C(=O)NC[C@H]2CCCO2)c2ccco2)c1N,1.4197692
920,c1cc(ccc1CS[C@H]2NN[C@@H](N2N)[C@@H]3C=C(N=N3)c4ccc(cc4)F)[N+](=O)[O-],NN1[C@@H](SCc2ccc([N+](=O)[O-])cc2)NN[C@@H]1[C@@H]1C=C(c2ccc(F)cc2)N=N1,7.6506248
921,C[C@@H]([C@H]1CCCO1)[NH2+][C@@]2(CCc3c2cccc3)C(=O)[O-],C[C@H]([NH2+][C@]1(C(=O)[O-])CCc2ccccc21)[C@H]1CCCO1,2.7689965
922,Cc1cs/c(=N\S(=O)(=O)Cc2ccc(cc2)C(=S)N)/[nH]1,Cc1cs/c(=N\S(=O)(=O)Cc2ccc(C(N)=S)cc2)[nH]1,5.7042713
923,CCN(CC(=O)NC(C)C)C(=O)C(=O)N1CCC[NH2+]CC1,CCN(CC(=O)NC(C)C)C(=O)C(=O)N1CCC[NH2+]CC1,4.363579
924,c1cc(ccc1N2C(=O)/C(=C\NN3CCCCC3)/C(=O)NC2=O)I,O=C1NC(=O)N(c2ccc(I)cc2)C(=O)/C1=C\NN1CCCCC1,4.706107
925,CCOc1cc(ccc1Oc2c(cnc(n2)Cl)F)/C=N/NC(=O)C(c3ccccc3)(c4ccccc4)O,CCOc1cc(/C=N/NC(=O)C(O)(c2ccccc2)c2ccccc2)ccc1Oc1nc(Cl)ncc1F,6.7575903
926,CCn1c2ccc(cc2nc1CN(C)C3CC[NH+](CC3)C4CCOCC4)F,CCn1c(CN(C)C2CC[NH+](C3CCOCC3)CC2)nc2cc(F)ccc21,4.5948825
927,CNC(=O)NNC(=O)c1cccn1c2cccc(c2)I,CNC(=O)NNC(=O)c1cccn1-c1cccc(I)c1,4.8433733
928,c1ccc2c(c1)C[C@@H](N(C2)C(=O)CSc3nnc(n3C4CC4)c5c[nH]c6c5cccc6)C(=O)[O-],O=C([O-])[C@H]1Cc2ccccc2CN1C(=O)CSc1nnc(-c2c[nH]c3ccccc23)n1C1CC1,5.732498
929,CCCS(=O)(=O)Nc1ccc(n(c1=O)CC(=O)NC[C@@H]2CCc3c(sc(n3)N)C2)C,CCCS(=O)(=O)Nc1ccc(C)n(CC(=O)NC[C@@H]2CCc3nc(N)sc3C2)c1=O,6.405289
930,C[C@@H](C(=O)c1c(n(c(=O)n(c1=O)C)C)N)Sc2nnc(o2)c3c[nH]c4c3cccc4,C[C@H](Sc1nnc(-c2c[nH]c3ccccc23)o1)C(=O)c1c(N)n(C)c(=O)n(C)c1=O,3.708902
931,CCCSc1nc2n(n1)[C@H](C(=C(N2)C)C(=O)N)c3cc(c(c(c3)Br)OCC)OCC,CCCSc1nc2n(n1)[C@@H](c1cc(Br)c(OCC)c(OCC)c1)C(C(N)=O)=C(C)N2,6.587118
932,c1cc2c(cc1NC(=O)CSc3nc([nH]n3)N/N=C/c4ccc(cc4O)O)OCCO2,O=C(CSc1n[nH]c(N/N=C/c2ccc(O)cc2O)n1)Nc1ccc2c(c1)OCCO2,3.5409179
933,c1ccc2c(c1)OC[C@H](O2)C(=O)N3CCN(CC3)C(=O)COc4ccc5c(c4)c(=O)n6c(n5)CCC6,O=C(COc1ccc2nc3n(c(=O)c2c1)CCC3)N1CCN(C(=O)[C@@H]2COc3ccccc3O2)CC1,4.7625113
934,CC(C)n1ccnc(c1=O)Nc2cc(ccc2Cl)N,CC(C)n1ccnc(Nc2cc(N)ccc2Cl)c1=O,4.1937723
935,CN([C@@H]1C[NH2+]C[C@H]1O)C(=O)c2cc(ccc2[N+](=O)[O-])F,CN(C(=O)c1cc(F)ccc1[N+](=O)[O-])[C@@H]1C[NH2+]C[C@H]1O,2.789549
936,CN1Cc2ccccc2C[C@@H]1CNc3c4c([nH]cn4)ncn3,CN1Cc2ccccc2C[C@@H]1CNc1ncnc2[nH]cnc12,4.8234224
937,CN1[C@@H]2[C@H](N=C1Oc3ccc(cc3OC)/C=C/c4cc(nc(n4)[O-])C(F)(F)F)N(C(=O)N(C2=O)C)C,COc1cc(/C=C/c2cc(C(F)(F)F)nc([O-])n2)ccc1OC1=N[C@H]2[C@H](C(=O)N(C)C(=O)N2C)N1C,5.214491
938,CC(=O)N1CCN(CC1)C(=O)CC[C@H]2C(=O)Nc3ccccc3C(=O)N2,CC(=O)N1CCN(C(=O)CC[C@@H]2NC(=O)c3ccccc3NC2=O)CC1,4.7284966
939,CC(=O)NCc1ccc(o1)c2csc(n2)NC(=O)Cn3ccc(=O)[nH]c3=O,CC(=O)NCc1ccc(-c2csc(NC(=O)Cn3ccc(=O)[nH]c3=O)n2)o1,4.8424253
940,Cc1cc(no1)NC(=O)C2=C(N(C(=S)N[C@H]2c3cc(c(cc3OC)OC)OC)c4ccccc4)C,COc1cc(OC)c([C@@H]2NC(=S)N(c3ccccc3)C(C)=C2C(=O)Nc2cc(C)on2)cc1OC,1.555461
941,CC[N+]1(CCC[C@@H](C1)OC(=O)C(c2ccccc2)(c3ccccc3)O)C,CC[N+]1(C)CCC[C@H](OC(=O)C(O)(c2ccccc2)c2ccccc2)C1,4.3159585
942,CCCCN1c2ccccc2[C@H]([C@H](C1=O)C(=O)N/N=C(\C)/[C@@H]3C(=c4ccccc4=[NH+]C3=O)O)O,CCCCN1C(=O)[C@H](C(=O)N/N=C(\C)[C@H]2C(=O)[NH+]=c3ccccc3=C2O)[C@H](O)c2ccccc21,2.3253245
943,CN1CCN([C@H](C1)c2ccccc2)C(=O)C/C(=N/O)/N,CN1CCN(C(=O)C/C(N)=N/O)[C@@H](c2ccccc2)C1,7.002401
944,C[NH+](C)CCNC(=O)CN1CC[NH+](CC1)[C@H](c2c[nH]c3c2cc(cc3)CO)C(=O)[O-],C[NH+](C)CCNC(=O)CN1CC[NH+]([C@@H](C(=O)[O-])c2c[nH]c3ccc(CO)cc23)CC1,7.671127
945,Cc1ccc(cc1C)NC(=O)C[C@@H]2NN[C@@H](N2C)SCc3[nH]c(=O)c4ccccc4n3,Cc1ccc(NC(=O)C[C@@H]2NN[C@H](SCc3nc4ccccc4c(=O)[nH]3)N2C)cc1C,4.3226256
946,Cc1ccc(o1)[C@H]2C(C(=NC(=C2C(=O)Nc3ccccc3OC)C)SCC(=O)Nc4nccs4)C#N,COc1ccccc1NC(=O)C1=C(C)N=C(SCC(=O)Nc2nccs2)C(C#N)[C@@H]1c1ccc(C)o1,1.0402712
947,C[C@H](C(=O)N)n1c2c(ccc(c2F)F)nc1SCC(=O)[O-],C[C@H](C(N)=O)n1c(SCC(=O)[O-])nc2ccc(F)c(F)c21,5.6570296
948,C[C@H]1C(=c2ccccc2=[NH+]1)C(=O)[C@@H](C)N3CCN(CC3)c4ccc(cc4)O,C[C@@H]1[NH+]=c2ccccc2=C1C(=O)[C@@H](C)N1CCN(c2ccc(O)cc2)CC1,6.2134967
949,COC(=O)c1c(c2cc(cnc2n1CCCc3ccccc3)NC[C@@H](CO)O)NC(=O)[C@@H]4CCOC4,COC(=O)c1c(NC(=O)[C@@H]2CCOC2)c2cc(NC[C@H](O)CO)cnc2n1CCCc1ccccc1,6.4938164
950,c1cc(ncc1C(=O)N2CCC(CC2)CN3CCCC3=O)N4CCC(CC4)[NH3+],[NH3+]C1CCN(c2ccc(C(=O)N3CCC(CN4CCCC4=O)CC3)cn2)CC1,4.4591293
951,Cc1ccc(cc1Nc2c3c(nc(n2)N)n(c(n3)C)C)C(=O)N,Cc1ccc(C(N)=O)cc1Nc1nc(N)nc2c1nc(C)n2C,4.58649
952,Cc1nnc2n1nc(s2)CCC(=O)N3C[C@@H](N([C@H](C3)C)CC[NH+](C)C)C,Cc1nnc2sc(CCC(=O)N3C[C@H](C)N(CC[NH+](C)C)[C@@H](C)C3)nn12,3.6574402
953,Cc1ccc(cc1)C[C@@H]2CCCN(C2)C(=O)C(=O)Nc3cc(ccc3C)C(=O)N,Cc1ccc(C[C@@H]2CCCN(C(=O)C(=O)Nc3cc(C(N)=O)ccc3C)C2)cc1,6.3071613
954,C[C@@H](c1ccc(cc1)Br)NC(=O)[C@@H]2CN(CC23CC[NH2+]CC3)C(=O)c4ccccc4OC(=O)C,CC(=O)Oc1ccccc1C(=O)N1C[C@@H](C(=O)N[C@@H](C)c2ccc(Br)cc2)C2(CC[NH2+]CC2)C1,6.1580763
955,Cc1c(c(n(n1)C(C)C)C)/C=N/Nc2nnc(n2N)SCC(=O)Nc3nnc(s3)SCC(C)C,Cc1nn(C(C)C)c(C)c1/C=N/Nc1nnc(SCC(=O)Nc2nnc(SCC(C)C)s2)n1N,1.6872634
956,CCOC(=O)C[NH2+][C@H](C1CCCCC1)C(=O)N2CC[C@H]2C(=O)NCc3ccc(cc3)C(=[NH2+])NO,CCOC(=O)C[NH2+][C@@H](C(=O)N1CC[C@H]1C(=O)NCc1ccc(C(=[NH2+])NO)cc1)C1CCCCC1,7.226004
957,Cc1cccc2c1ncn(c2=O)CC(=O)NNC(=S)NC,CNC(=S)NNC(=O)Cn1cnc2c(C)cccc2c1=O,2.2440097
958,CCC1CCC(CC1)NC(=O)C2(CCOCC2)/C(=N/O)/N,CCC1CCC(NC(=O)C2(/C(N)=N/O)CCOCC2)CC1,6.2797194
959,CCCCn1c(c(c(=O)[nH]c1=O)N(CCCC)C(=O)c2cc(nc3c2c(nn3C)C)c4ccco4)N,CCCCN(C(=O)c1cc(-c2ccco2)nc2c1c(C)nn2C)c1c(N)n(CCCC)c(=O)[nH]c1=O,2.4692564
960,c1ccc2c(c1)C(=O)CCN2C(=O)CCc3c(nc(s3)N)c4cccs4,Nc1nc(-c2cccs2)c(CCC(=O)N2CCC(=O)c3ccccc32)s1,5.376929
961,CC[C@@]1(C(=O)N(C(=O)N1)NC(=O)CSc2[nH]cc(n2)c3ccc(cc3)F)c4ccccc4,CC[C@@]1(c2ccccc2)NC(=O)N(NC(=O)CSc2nc(-c3ccc(F)cc3)c[nH]2)C1=O,3.1079009
962,CCC1(C(=O)N(c2cc(ccc2O1)N)CCC(=S)N)CC,CCC1(CC)Oc2ccc(N)cc2N(CCC(N)=S)C1=O,3.6674206
963,Cc1ccc(c(c1)NC(=O)[C@H](C)Sc2nnc(n2N)c3ccoc3C)OC,COc1ccc(C)cc1NC(=O)[C@H](C)Sc1nnc(-c2ccoc2C)n1N,3.5423784
964,COc1ccc(cc1)C(=O)C2=C(C(=O)N([C@H]2c3ccc(cc3Cl)Cl)CCOCCO)[O-],COc1ccc(C(=O)C2=C([O-])C(=O)N(CCOCCO)[C@H]2c2ccc(Cl)cc2Cl)cc1,5.1885514
965,C[NH+]1CC[C@H](C1)NC(=O)N(CC(=O)[O-])[C@@H]2CCS(=O)(=O)C2,C[NH+]1CC[C@@H](NC(=O)N(CC(=O)[O-])[C@@H]2CCS(=O)(=O)C2)C1,4.1812534
966,CC1(O[C@H]2[C@@H](O1)[C@@H](O[C@@H]2C(=O)NC)n3cnc4c3ncnc4N)C,CNC(=O)[C@H]1O[C@@H](n2cnc3c(N)ncnc32)[C@@H]2OC(C)(C)O[C@@H]21,4.3701887
967,Cc1cnn(c1)CC(=O)N(Cc2[nH+]ccn2C)C3CC3,Cc1cnn(CC(=O)N(Cc2[nH+]ccn2C)C2CC2)c1,0.27291864
968,CC1=NC2=C([C@H](C1C(=O)OCC(C)C)c3cc(c(c(c3)OC)[O-])[N+](=O)[O-])C(=O)C[C@@H](C2)c4cccs4,COc1cc([C@@H]2C3=C(C[C@@H](c4cccs4)CC3=O)N=C(C)C2C(=O)OCC(C)C)cc([N+](=O)[O-])c1[O-],6.299927
969,c1ccc(cc1)C[C@@]2([C@H]3[C@@H]([C@@H](N2)c4ccc(cc4)F)C(=O)NC3=O)C(=O)[O-],O=C1NC(=O)[C@@H]2[C@H]1[C@H](c1ccc(F)cc1)N[C@@]2(Cc1ccccc1)C(=O)[O-],5.7786355
970,Cc1c[nH+]c(c(c1OC)C)C[S@](=O)c2nnc(o2)C,COc1c(C)c[nH+]c(C[S@](=O)c2nnc(C)o2)c1C,3.2569609
971,c1cc(oc1)[C@H]2[C@@H](C(=O)NC(=S)N2)C#N,N#C[C@@H]1C(=O)NC(=S)N[C@H]1c1ccco1,4.9765515
972,C[C@@H]([C@@]1([C@@H]2[C@@H]([C@@H]([NH2+]1)/C=C/c3ccccc3)C(=O)N(C2=O)C4CCCCC4)C(=O)[O-])O,C[C@H](O)[C@@]1(C(=O)[O-])[NH2+][C@@H](/C=C/c2ccccc2)[C@H]2C(=O)N(C3CCCCC3)C(=O)[C@@H]21,7.043851
973,c1ccc2c(c1)nc(s2)[C@@](c3cnn(c3N)Cc4ccccn4)(C(F)(F)F)O,Nc1c([C@](O)(c2nc3ccccc3s2)C(F)(F)F)cnn1Cc1ccccn1,6.104681
974,Cc1c(n2c3c(=O)[nH]c(=O)n(c3nc2n1CC[NH+]4CCC(CC4)C(=O)N)C)C,Cc1c(C)n2c3c(=O)[nH]c(=O)n(C)c3nc2n1CC[NH+]1CCC(C(N)=O)CC1,5.2282677
975,C[C@@H]1CCc2c(sc(c2C(=O)N[C@H]3CCS(=O)(=O)C3)NC[C@@H](COc4ccccc4)O)C1,C[C@@H]1CCc2c(sc(NC[C@H](O)COc3ccccc3)c2C(=O)N[C@H]2CCS(=O)(=O)C2)C1,6.6437225
976,CCOc1ccc(cc1)c2c(sc3c2c(nc(n3)C)N[C@H]([C@H](C)O)C(=O)[O-])C,CCOc1ccc(-c2c(C)sc3nc(C)nc(N[C@@H](C(=O)[O-])[C@H](C)O)c23)cc1,4.2594585
977,Cc1ccc(cc1)[C@@H](CC(=O)NN2C(=O)C3(CCCCC3)NC2=O)NC(=O)C,CC(=O)N[C@H](CC(=O)NN1C(=O)NC2(CCCCC2)C1=O)c1ccc(C)cc1,4.16505
978,Cc1ccc(cc1C)NC(=O)C2=C3N(C(=O)[C@@H](S3)CC(=O)OC)C(=C([C@@H]2c4ccccc4Cl)C#N)N,COC(=O)C[C@@H]1SC2=C(C(=O)Nc3ccc(C)c(C)c3)[C@@H](c3ccccc3Cl)C(C#N)=C(N)N2C1=O,3.8672354
979,CC1(COCCN1[C@@H](C[NH3+])c2ccc3c(c2)OCO3)C,CC1(C)COCCN1[C@@H](C[NH3+])c1ccc2c(c1)OCO2,1.0401044
980,c1ccc(c(c1)c2ccc(o2)C(=O)N3C[C@@H](C4(C3)CC[NH2+]CC4)C(=O)NCCn5cccn5)F,O=C(NCCn1cccn1)[C@H]1CN(C(=O)c2ccc(-c3ccccc3F)o2)CC12CC[NH2+]CC2,5.983385
981,CCOc1ccc(cc1)c2nnc(n2CC(=O)[O-])S[C@@H](C)C(=O)NC(=O)NC(C)C,CCOc1ccc(-c2nnc(S[C@@H](C)C(=O)NC(=O)NC(C)C)n2CC(=O)[O-])cc1,6.79223
982,CC1=C([C@](C(=N1)[O-])(C(F)(F)F)NC(=O)c2cccc(c2)[N+](=O)[O-])C(=O)C,CC(=O)C1=C(C)N=C([O-])[C@]1(NC(=O)c1cccc([N+](=O)[O-])c1)C(F)(F)F,4.5641837
983,CCCN(Cc1ccccn1)C(=O)c2cc(cc(c2)OCCCON=C(N)N)C,CCCN(Cc1ccccn1)C(=O)c1cc(C)cc(OCCCON=C(N)N)c1,3.9547517
984,Cc1c2c([nH]n1)NC(=O)CS[C@@H]2c3cc(c(c(c3)OC)O)OC,COc1cc([C@H]2SCC(=O)Nc3[nH]nc(C)c32)cc(OC)c1O,1.6097472
985,c1cc2c(c(c1)c3ccc(cn3)C(=O)N)O[C@H](C2)CNC(=O)[C@@H]4CCCO4,NC(=O)c1ccc(-c2cccc3c2O[C@@H](CNC(=O)[C@@H]2CCCO2)C3)nc1,4.6215615
986,c1cc(cc(c1)C2=NO[C@@H](N2)c3ccc(cc3F)F)c4ccn[nH]4,Fc1ccc([C@@H]2NC(c3cccc(-c4ccn[nH]4)c3)=NO2)c(F)c1,4.704028
987,CC1=CC2=NC(=O)C[C@](N2C=C1)(C)C(=O)NCc3c4c([nH]n3)CCCC4,CC1=CC2=NC(=O)C[C@](C)(C(=O)NCc3n[nH]c4c3CCCC4)N2C=C1,4.706661
988,c1cc2c(cc1Cl)c(c[nH]2)CCN3C[C@@H](CC3=O)C(=O)N[C@H]4NN[C@@H](S4)C(F)(F)F,O=C(N[C@H]1NN[C@H](C(F)(F)F)S1)[C@@H]1CC(=O)N(CCc2c[nH]c3ccc(Cl)cc23)C1,5.735454
989,CC(C)(C)SCCNC(=O)NNC(=O)[C@H]1COc2ccccc2O1,CC(C)(C)SCCNC(=O)NNC(=O)[C@H]1COc2ccccc2O1,5.01961
990,CCOc1cc(ccc1O)[C@H]2c3c(n[nH]c3C(=O)N2CCc4ccc(cc4)OC)c5c(cc(cc5O)C)C,CCOc1cc([C@H]2c3c(-c4c(C)cc(C)cc4O)n[nH]c3C(=O)N2CCc2ccc(OC)cc2)ccc1O,5.8166814
991,Cc1cc[n+](c(c1)NC2CCCCC2)C(=O)C3CCN(CC3)C(=O)c4ccsc4,Cc1cc[n+](C(=O)C2CCN(C(=O)c3ccsc3)CC2)c(NC2CCCCC2)c1,6.2141175
