,mol_name,SMILES,PLANET_affinity
0,ACTIVE_0033,NS(=O)(=O)c1ccc(CCNC(=O)CN(CC(=O)[O-])S(=O)(=O)c2ccc(-c3ccccc3)cc2)cc1,8.356053
1,ACTIVE_0002,NS(=O)(=O)c1ccc(CCNC(=O)Cc2ccccc2)cc1,5.5953727
2,ACTIVE_0003,NS(=O)(=O)c1ccc(C(=O)NCCC(=O)N[C@@H](Cc2c[nH+]c[nH]2)C(=O)[O-])cc1,5.7512527
3,ACTIVE_0004,NS(=O)(=O)c1nnc(NC(=O)CCNS(=O)(=O)c2c(F)c(F)c(F)c(F)c2F)s1,8.637878
4,ACTIVE_0005,NS(=O)(=O)c1ccc(C(=O)NCC2CCCCC2)cc1,5.3226194
5,ACTIVE_0006,C[C@H]1CC[N@H+](CCC(=O)Nc2ccc(S(N)(=O)=O)cc2)CC1,6.009199
6,ACTIVE_0007,COCC[NH+](CCOC)Cc1cc2cc(S(N)(=O)=O)sc2s1,5.408248
7,ACTIVE_0008,NS(=O)(=O)c1nc2ccc(OC(=O)CN(CCN(CC(=O)[O-])c3ccccc3O)c3ccccc3O)cc2s1,4.3093214
8,ACTIVE_0037,NS(=O)(=O)c1ccc(NC(=O)Cc2cccs2)cc1,6.0674214
9,ACTIVE_0010,NS(=O)(=O)c1ccc([N-]S(=O)(=O)c2ccc([N-]S(=O)(=O)c3c(F)c(F)c(F)c(F)c3F)cc2)cc1,10.073598
10,ACTIVE_0011,Cn1nc(S(N)(=O)=O)s/c1=N/C(=O)CCSSCCC(=O)Nc1sc(S([NH-])(=O)=O)[nH+][n+]1C,5.4907765
11,ACTIVE_0012,N[C@@H](Cc1ccccc1)C(=O)NCCOCCOCCNC(=O)c1ccc(S(N)(=O)=O)cc1,3.9185479
12,ACTIVE_0013,NS(=O)(=O)c1nnc(NC(=O)CC[NH2+]Cc2cc(=O)oc3cc(Cl)ccc23)s1,9.032944
13,ACTIVE_0014,Cc1cc(=O)oc2cc(OS(N)(=O)=O)ccc12,5.662945
14,ACTIVE_0015,NS(=O)(=O)c1ccc(CC/[NH+]=C/c2ccccc2F)cc1,5.9184136
15,ACTIVE_0016,NS(=O)(=O)c1ccc(NC(=S)/N=C2/C=CC(=C3c4ccc(O)cc4Oc4cc(O)ccc43)C(C(=O)[O-])=C2)c(F)c1,8.688603
16,ACTIVE_0017,NS(=O)(=O)c1nnc(NC(=O)CCNC(=O)CN(CCN(CC(=O)[O-])c2ccccc2O)c2ccccc2O)s1,5.797821
17,ACTIVE_0018,C[C@H](CCC(=O)OCCc1ccc(S(N)(=O)=O)cc1)[C@H]1CC[C@H]2[C@H]3[C@@H](O)C[C@@H]4C[C@H](O)CC[C@]4(C)[C@H]3CC[C@]12C,6.1008
18,ACTIVE_0019,Cc1ncc(CO)c(CNc2nc(NCc3c(CO)c[nH+]c(C)c3[O-])nc(Nc3ccc(S(N)(=O)=O)cc3)n2)c1O,9.651439
19,ACTIVE_0020,NS(=O)(=O)[N-]c1cccc(C(=O)c2ccccc2)c1,8.1261015
20,ACTIVE_0021,Cc1cc(-c2ccccc2)cc(C)[n+]1Cc1ccc(S(N)(=O)=O)cc1,6.255225
21,ACTIVE_0022,NS(=O)(=O)c1nnc(NC(=O)CN2CCN(Cc3ccccc3)CC2)s1,8.160449
22,ACTIVE_0023,NS(=O)(=O)c1cc2cc(C[NH2+]Cc3ccccn3)sc2o1,6.338606
23,ACTIVE_0024,CCCCCC/C(=N\N)c1csc(S(N)(=O)=O)c1,5.6179624
24,ACTIVE_0025,NS(=O)(=O)c1cc2c(cc1[S-])NCNS2(=O)=O,7.8092537
25,ACTIVE_0026,[NH-]S(=O)(=O)c1nnc(NN2C(=O)c3cccnc3C2=O)s1,7.605136
26,ACTIVE_0027,NS(=O)(=O)c1ccc(CCNC(=O)c2cccc(C(=O)[O-])n2)cc1,6.672201
27,ACTIVE_0028,CC(=O)Nc1nnc(S([NH-])(=O)=O)s1,5.6423798
28,ACTIVE_0029,CN1CCN(N/[NH+]=C(\[S-])Nc2ccc(S(N)(=O)=O)cc2)CC1,6.2948008
29,ACTIVE_0030,[NH-]S(=O)(=O)c1nnc(NC(=O)CCSSCCC(=O)Nc2nnc(S(N)(=O)=O)s2)s1,5.9576664
30,ACTIVE_0031,CC(=O)OC[C@H]1O[C@@H](SNCc2ccc(S(N)(=O)=O)cc2)[C@H](OC(C)=O)[C@@H](OC(C)=O)[C@H]1OC(C)=O,5.1920824
31,ACTIVE_0032,NS(=O)(=O)c1ccc(CCNCc2ccccc2F)cc1,6.3179355
32,ACTIVE_0034,Nc1nc(Nc2ccc(S(N)(=O)=O)cc2)cc[nH+]1,7.0437374
33,ACTIVE_0035,CCOC(=O)c1c(C(=O)Nc2nnc(S(N)(=O)=O)s2)nn(-c2cccc(N)c2)c1-c1ccccc1,6.041332
34,ACTIVE_0036,Cc1cc(-c2ccccc2)cc(C)[n+]1CC(=O)Nc1nnc(S([NH-])(=O)=O)s1,6.9872174
35,ACTIVE_0038,Cc1cc(-c2ccccc2)cc(-c2ccccc2)[n+]1-c1ccc(S(N)(=O)=O)cc1,5.704893
36,ACTIVE_0039,Cc1onc(-c2ccccc2)c1-c1ccc(S(N)(=O)=O)cc1,6.017179
37,ACTIVE_0040,Cc1ccc(-c2cc(C(F)(F)F)nn2-c2ccc(S(N)(=O)=O)cc2)cc1,7.3747134
38,ACTIVE_0041,CCCCO[C@@H]1CS(=O)(=O)c2cc(S(N)(=O)=O)ccc21,5.6384916
39,ACTIVE_0042,COCCNC(=O)c1cc(S(N)(=O)=O)ccc1SCCc1ccccc1,5.8187513
40,ACTIVE_0043,NS(=O)(=O)c1ccc(CNS(=O)(=O)[C@@H]2O[C@H](CO)[C@@H](O[C@H]3O[C@H](CO)[C@@H](O)[C@H](O)[C@H]3O)[C@H](O)[C@H]2O)cc1,8.319458
41,ACTIVE_0044,CCc1cc(-c2ccccc2)cc(-c2ccccc2)[n+]1-c1ccc(S(=O)(=O)[N-]c2nnc(S([NH-])(=O)=O)s2)cc1,8.4028425
42,ACTIVE_0045,CC(C)(C)c1ccc(S(=O)(=O)CNc2ccc(S(N)(=O)=O)cc2)cc1,7.5280304
43,ACTIVE_0046,NS(=O)(=O)Nc1ccc2ccccc2c1,7.328145
44,ACTIVE_0047,Cn1[nH+]c(S([NH-])(=O)=O)s/c1=N/C(=O)c1c(F)c(F)cc(F)c1F,8.833025
45,ACTIVE_0048,NS(=O)(=O)c1nnc(NC(=O)CCNC(=O)c2cccc(C(=O)[O-])n2)s1,6.8561
46,ACTIVE_0049,NS(=O)(=O)c1ccc(C(=O)NNC(=O)Nc2ccc(Oc3ccccc3)cc2)cc1,6.0716743
47,ACTIVE_0050,Nc1ccc(N=Nc2cccc(S(N)(=O)=O)c2)cc1,6.5583415
48,ACTIVE_0051,NS(=O)(=O)c1cc2c(s1)S(=O)(=O)CC(=O)N2,7.493843
49,ACTIVE_0052,[NH-]S(=O)(=O)c1nnc([N-]S(=O)(=O)c2cc(F)c(N)c(Br)c2)s1,8.593543
50,ACTIVE_0053,Cn1nc(S(N)(=O)=O)s/c1=N/SC(=S)N1CCOCC1,6.343567
51,ACTIVE_0054,[NH-]S(=O)(=O)c1nnc([N-]S(=O)(=O)c2ccc(NCc3cc(=O)oc4cc(Cl)ccc34)cc2)s1,8.936776
52,ACTIVE_0055,NS(=O)(=O)c1cc(C(=O)N2CCCC2)c(Cl)cc1[S-],5.87695
53,ACTIVE_0056,Cc1cc(C)[n+](CCc2ccc(S(N)(=O)=O)cc2)c(C)c1C,3.3845782
54,ACTIVE_0057,N[C@@H](Cc1ccccc1)C(=O)Nc1nnc(S(N)(=O)=O)s1,8.445627
55,ACTIVE_0058,NS(=O)(=O)c1ccc(C(=O)NCC(=O)NCC(=O)N[C@H](Cc2ccc3ccccc3c2)C(=O)[O-])cc1,6.032322
56,ACTIVE_0059,CNC(=O)COC(=O)[C@@H]1CCCN1C(=S)Nc1ccc(S(N)(=O)=O)cc1,4.054281
57,ACTIVE_0060,NS(=O)(=O)c1ccc(NC(=O)c2cc3ccccc3oc2=O)cc1,7.398675
58,ACTIVE_0061,CCNC(=O)c1cc(S(N)(=O)=O)ccc1Sc1ccccc1,7.8029785
59,ACTIVE_0062,NS(=O)(=O)Oc1ccc(Oc2ccccc2)cc1,6.6847644
60,ACTIVE_0063,Cc1cc(-c2ccccc2)cc(C)[n+]1CC(=O)Nc1ccc(S(=O)(=O)/N=c2/sc(S([NH-])(=O)=O)[nH+]n2C)cc1,4.2441707
61,ACTIVE_0064,NS(=O)(=O)c1ccc(NC(=S)/[NH+]=C2/C=CC(=C3c4ccc(O)cc4Oc4cc(O)ccc43)C(C(=O)[O-])=C2)c(F)c1,9.119041
62,ACTIVE_0065,NS(=O)(=O)c1ccc(CNC(=O)Nc2c(F)c(F)c(F)c(F)c2F)cc1,7.2243176
63,ACTIVE_0066,[NH-]S(=O)(=O)c1nnc(NC(=O)CCNS(=O)(=O)c2c(F)c(F)c(F)c(F)c2F)s1,8.329542
64,ACTIVE_0067,NS(=O)(=O)c1ccc(C(=O)NCC(=O)NCC(=O)NCC(=O)N[C@H](Cc2ccc(Cl)cc2)C(=O)[O-])cc1,5.487664
65,ACTIVE_0068,NS(=O)(=O)c1nnc(NC(=O)CCSSCCC(=O)Nc2nnc(S(N)(=O)=O)s2)s1,6.423225
66,ACTIVE_0069,NS(=O)(=O)c1ccc(C(=O)NCCC(=O)N[C@@H](Cc2c[nH]cn2)C(=O)[O-])cc1,5.614694
67,ACTIVE_0070,NS(=O)(=O)c1ccc(NC(=O)CC[NH+]2CCOCC2)cc1,5.2699594
68,ACTIVE_0071,NS(=O)(=O)N(Cc1ccccc1)Cc1ccccc1,3.4159281
69,ACTIVE_0072,CO[C@H]1O[C@H](Cn2cc(CNC(=O)c3ccc(S(N)(=O)=O)cc3)nn2)[C@@H](OC(C)=O)[C@H](OC(C)=O)[C@H]1OC(C)=O,4.467979
70,ACTIVE_0073,NS(=O)(=O)c1ccc(Sc2c(F)c(F)cc(F)c2F)nc1,9.754607
71,ACTIVE_0074,NS(=O)(=O)c1ccc(CNc2[nH]c(=O)[nH]c(=O)[nH+]2)cc1,6.968689
72,ACTIVE_0075,C[C@H](CCC(=O)NCCc1ccc(S(N)(=O)=O)cc1)[C@H]1CC[C@H]2[C@H]3C(=O)C[C@@H]4CC(=O)CC[C@]4(C)[C@H]3CC(=O)[C@]12C,7.7538915
73,ACTIVE_0076,NS(=O)(=O)c1ccc(Nc2[nH]c(=O)[nH]c(=O)[nH+]2)cc1,7.2971277
74,ACTIVE_0077,NS(=O)(=O)c1ccc2c(c1)C=CS2(=O)=O,6.180517
75,ACTIVE_0078,NS(=O)(=O)c1ccc(CCNC(=O)c2cc3ccccc3oc2=O)cc1,6.7851005
76,ACTIVE_0079,NS(=O)(=O)c1cc2c(s1)S[C@@H](CCO)CN2,5.587737
77,ACTIVE_0080,CCC[C@H]1C[C@H]([NH2+]CC)c2cc(S(N)(=O)=O)sc2S1(=O)=O,4.820338
78,ACTIVE_0081,[NH-]S(=O)(=O)c1nnc(NC(=O)c2cccc(C(=O)[O-])n2)s1,6.4336314
79,ACTIVE_0082,[NH-]S(=O)(=O)c1nnc(NC(=O)C[C@]23C[C@H]4C[C@H](C[C@H](C4)C2)C3)s1,6.935917
80,ACTIVE_0083,NS(=O)(=O)c1nnc(NC(=O)CCN2C(=O)c3cccnc3C2=O)s1,5.522935
81,ACTIVE_0084,NS(=O)(=O)c1ccc(CNC(=S)/[NH+]=C2/C=CC(=C3c4ccc(O)cc4Oc4cc(O)ccc43)C(C(=O)[O-])=C2)cc1,9.169226
82,ACTIVE_0085,[NH-]S(=O)(=O)c1nnc([N-]S(=O)(=O)c2ccc(NC(=S)NNc3c(F)c(F)c(F)c(F)c3F)cc2)s1,8.156723
83,ACTIVE_0086,CCCCc1ccc(COC(=O)CNC(=O)CNC(=O)CNC(=O)c2ccc(S(N)(=O)=O)cc2)cc1,4.7977533
84,ACTIVE_0087,Cc1cc(C)[n+](CC(=O)OCCc2ccc(S(N)(=O)=O)cc2)c(C)c1,1.8686564
85,ACTIVE_0088,Cc1cc(C)[n+](CC(=O)Nc2ccc3nc(S(N)(=O)=O)sc3c2)c(C)c1,7.2382827
86,ACTIVE_0089,Cn1[nH+]c(S([NH-])(=O)=O)s/c1=N/C(=O)CCCCC(F)(F)C(F)(F)F,6.197523
87,ACTIVE_0090,NS(=O)(=O)c1cc2c(s1)S(=O)(=O)[C@@H](CC[NH+]1CCOCC1)CN2,5.619751
88,ACTIVE_0091,Cn1nc(S(N)(=O)=O)s/c1=N\Cc1cc(=O)oc2cc(Cl)ccc12,9.146436
89,ACTIVE_0092,NS(=O)(=O)c1ccc(NS(=O)(=O)c2ccc(NSC(=S)N3CCOCC3)cc2)cc1,7.6617184
90,ACTIVE_0093,NS(=O)(=O)c1ccc2[nH]c(-c3cscn3)nc2c1,6.230804
91,ACTIVE_0094,NS(=O)(=O)c1ccc(NC(=O)CCCC[NH+]2CCOCC2)cc1,4.627983
92,ACTIVE_0095,NS(=O)(=O)c1ccc(N/C([S-])=[NH+]\CCc2ccccn2)cc1,6.2099156
93,ACTIVE_0096,C[C@]12CC[C@@H]3c4ccc(OS(N)(=O)=O)cc4CC[C@@H]3[C@@H]1CC[C@@H]2OS(N)(=O)=O,7.680322
94,ACTIVE_0097,NS(=O)(=O)c1ccc(NC(=O)CN(CCN(CC(=O)[O-])c2ccccc2O)c2ccccc2O)c(Br)c1,2.374043
95,ACTIVE_0098,NS(=O)(=O)c1ccc(CCOC(=O)CN(CCN(CC(=O)[O-])c2ccccc2O)c2ccccc2O)cc1,1.040889
96,ACTIVE_0099,COCCN(CCOC)CC[C@@H]1CNc2cc(S(N)(=O)=O)sc2S1(=O)=O,4.6921487
97,ACTIVE_0100,Cc1ccc2cccc(Oc3ccncc3S(N)(=O)=O)c2n1,8.058767
98,ACTIVE_0101,C[C@@H]1CC=NN1c1ccncc1S(N)(=O)=O,1.357199
99,ACTIVE_0102,NS(=O)(=O)c1ccc(NC(=O)CC[N@H+]2CC[C@H](Cc3ccccc3)CC2)cc1,7.9677815
100,ACTIVE_0103,NS(=O)(=O)c1ccc(NC(=O)Cc2cccc[nH+]2)cc1,6.6516676
101,ACTIVE_0104,NS(=O)(=O)c1ccc(CCNc2[nH]c(=O)[nH]c(=O)[nH+]2)cc1,6.606172
102,ACTIVE_0105,C[C@H](CCC(=O)Nc1nnc(S([NH-])(=O)=O)s1)[C@H]1CC[C@H]2[C@H]3[C@@H](O)C[C@@H]4C[C@H](O)CC[C@]4(C)[C@H]3CC[C@]12C,6.83816
103,ACTIVE_0106,NS(=O)(=O)N[C@H]1[C@H]2C[C@@H]3C[C@H](C2)C[C@H]1C3,6.3529973
104,ACTIVE_0107,Cc1cc(-c2ccccc2)cc(C)[n+]1CC(=O)NCCc1ccc(S(N)(=O)=O)cc1,6.1373463
105,ACTIVE_0108,NS(=O)(=O)c1nnc([N-]S(=O)(=O)c2ccc(NC(=O)[C@H]3[C@@H](C(=O)[O-])[C@@H]4C=C[C@H]3C4)cc2)s1,9.188763
106,ACTIVE_0109,NS(=O)(=O)c1nnc(N2C(=O)c3cccnc3C2=O)s1,7.6917915
107,ACTIVE_0110,Cc1cc(C)[n+](CC(=O)Nc2sc(S([NH-])(=O)=O)[nH+][n+]2C)c(C)c1,2.354336
108,ACTIVE_0111,Cc1cc(-c2ccccc2)cc(C)[n+]1CC(=O)NCc1ccc(S(N)(=O)=O)cc1,6.308861
109,ACTIVE_0112,NS(=O)(=O)c1ccc(Sc2c(F)c(F)cc(F)c2F)c(C(=O)NCCc2ccccn2)c1,9.761688
110,ACTIVE_0113,NS(=O)(=O)c1nc2ccc(N3C(=O)c4cccnc4C3=O)cc2s1,7.5505276
111,ACTIVE_0114,Cn1nc(S(N)(=O)=O)s/c1=N/C(=O)CCCCC(F)(F)C(F)(F)F,6.5378284
112,ACTIVE_0115,NS(=O)(=O)c1cc2cc(CN3CCS(=O)CC3)sc2s1,7.2984266
113,ACTIVE_0116,COc1ccc(S(=O)(=O)N(CC(=O)NO)O[C@H]2[C@@H]3C[C@H]4C[C@@H](C3)C[C@@H]2C4)cc1,4.6233025
114,ACTIVE_0117,CCNC(=O)c1cc(S(N)(=O)=O)ccc1SC1CCCC1,4.0041747
115,ACTIVE_0118,NS(=O)(=O)c1cc2cc(C(=O)NCCN3CCSCC3)sc2s1,5.928686
116,ACTIVE_0119,NS(=O)(=O)c1cc(C(=O)[O-])c(NCc2ccco2)cc1Cl,7.690995
117,ACTIVE_0120,CC[N@H+](Cc1cc(=O)oc2cc(Cl)ccc12)[C@@H]1C[C@@H](C)S(=O)(=O)c2sc(S(N)(=O)=O)cc21,6.4754467
118,ACTIVE_0121,[NH-]S(=O)(=O)c1nnc(NC(=O)CN(CCN(CC(=O)[O-])c2ccccc2O)c2ccccc2O)s1,1.255438
119,ACTIVE_0122,NS(=O)(=O)c1cc2cc(CN3CCOCC3)sc2o1,5.998313
120,ACTIVE_0123,Cn1[nH+]c(S([NH-])(=O)=O)s/c1=N\C(=O)c1cccc(C(=O)[O-])n1,6.955457
121,ACTIVE_0124,[NH-]S(=O)(=O)c1nnc(NC(=O)CN2CC[NH+](Cc3ccccc3)CC2)s1,8.1631975
122,ACTIVE_0125,[NH-]S(=O)(=O)c1nnc(NC(=O)CCNC(=O)c2c(F)c(F)c(F)c(F)c2F)s1,7.0724025
123,ACTIVE_0126,CC1CCN(N(CCCC(=O)Nc2ccc(S(N)(=O)=O)cc2)[N@H+]2CC[C@H](C)CC2)CC1,5.8617816
124,ACTIVE_0127,Cn1[nH+]c(S([NH-])(=O)=O)s/c1=N/SC(=S)N1CCOCC1,5.6650047
125,ACTIVE_0128,NS(=O)(=O)c1ccc(CC/[NH+]=C(\[S-])NNCCN2CCOCC2)cc1,6.091871
126,ACTIVE_0129,NS(=O)(=O)c1ccc(C(=O)N[C@H](Cc2ccc3ccccc3c2)C(=O)[O-])cc1,6.7198706
127,ACTIVE_0130,C=CCn1c(SCC(=O)Nc2ccc(S(N)(=O)=O)cc2)nc2sc3c(c2c1=O)CCCC3,4.554636
128,ACTIVE_0131,NS(=O)(=O)c1cnc(Sc2c(F)c(F)cc(F)c2F)c(C(=O)NCc2ccccn2)c1,10.086078
129,ACTIVE_0132,NS(=O)(=O)c1ccc(CNS(=O)(=O)c2ccc(NC(=O)c3c(F)c(F)cc(F)c3F)cc2)cc1,7.2329235
130,ACTIVE_0133,NS(=O)(=O)c1nnc(NC(=O)CN(CCN(CC(=O)[O-])c2ccccc2O)c2ccccc2O)s1,2.0825956
131,ACTIVE_0134,NS(=O)(=O)c1ccc(CCNC(=O)Nc2ccc(Cl)c(Cl)c2)cc1,6.561105
132,ACTIVE_0135,Cc1cc(C)[n+](CC(=O)Oc2ccc3nc(S(N)(=O)=O)sc3c2)c(C)c1,7.7570724
133,ACTIVE_0136,C#CCNc1nc(Nc2ccc(S(N)(=O)=O)cc2)ncc1Br,6.347394
134,ACTIVE_0137,CC[NH2+][C@H]1CN(CCCOC)S(=O)(=O)c2sc(S([NH-])(=O)=O)cc21,6.240195
135,ACTIVE_0138,NS(=O)(=O)c1ccc(CC/[NH+]=C(\[S-])N[C@H](CO)[C@@H](O)c2ccc([N+](=O)[O-])cc2)cc1,7.490952
136,ACTIVE_0139,CCN(SC(=S)N1CCOCC1)[C@@H]1C[C@@H](C)S(=O)(=O)c2sc(S(N)(=O)=O)cc21,4.6880503
137,ACTIVE_0140,CSc1ccncc1S(N)(=O)=O,3.0551627
138,ACTIVE_0141,Cn1[nH+]c(S([NH-])(=O)=O)s/c1=N/S(=O)(=O)c1ccc([N-]S(=O)(=O)c2c(F)c(F)c(F)c(F)c2F)cc1,11.311295
139,ACTIVE_0142,NS(=O)(=O)N1CCCCCC1,3.9967046
140,ACTIVE_0143,NS(=O)(=O)c1ccc(NS(=O)(=O)c2ccc(NC(=O)c3c(F)c(F)c(F)c(F)c3F)cc2)cc1,8.545454
141,ACTIVE_0144,NS(=O)(=O)c1ccc(NC(=O)CCCN2CCOCC2)cc1,5.09396
142,ACTIVE_0145,COCC[NH+](CCOC)Cc1cc2sc(S(N)(=O)=O)cc2s1,5.758914
143,ACTIVE_0146,COCC[NH+](CCOC)CC[C@@H]1CNc2cc(S(N)(=O)=O)sc2S1(=O)=O,5.3386097
144,ACTIVE_0147,NS(=O)(=O)c1cc2c(s1)SCCC2=O,5.637611
145,ACTIVE_0148,Cn1[nH+]c(S([NH-])(=O)=O)s/c1=N/S(=O)(=O)c1ccc(NSC(=S)N2CCOCC2)cc1,6.9038186
146,ACTIVE_0149,Cc1cc(-c2ccccc2)cc(C)[n+]1CC(=O)Nc1nccc(Nc2ccc(S(N)(=O)=O)cc2)n1,7.545409
147,ACTIVE_0150,NS(=O)(=O)c1cc([C@@]2(O)NC(=O)c3ccccc32)ccc1Cl,7.3182416
148,ACTIVE_0151,NS(=O)(=O)c1ccc(SCc2ccccc2)c(C(=O)NCc2ccccc2)c1,8.145799
149,ACTIVE_0152,NS(=O)(=O)c1ccc(C(=O)NNC(=O)Nc2ccc(-c3ccccc3)cc2)cc1,6.1433535
150,ACTIVE_0153,NS(=O)(=O)c1ccc(-n2cc(CS(=O)(=O)[C@@H]3O[C@H](CO)[C@@H](O)[C@H](O)[C@H]3O)nn2)cc1,6.9018116
151,ACTIVE_0154,C[NH+]1CCN(N/[NH+]=C(\[S-])Nc2ccc(S(N)(=O)=O)cc2)CC1,5.784384
152,ACTIVE_0155,Cn1[nH+]c(S([NH-])(=O)=O)s/c1=N/S(=O)(=O)c1ccc(NC(=O)c2c(F)c(F)c(F)c(F)c2F)cc1,9.761722
153,ACTIVE_0156,NS(=O)(=O)c1ccc(-c2cn([C@@H]3O[C@H](CO)[C@@H](O[C@H]4O[C@H](CO)[C@@H](O)[C@H](O)[C@H]4O)[C@H](O)[C@H]3O)nn2)cc1,7.094648
154,ACTIVE_0157,Cc1cc(C)[n+](-c2ccc(S(=O)(=O)[N-]c3nnc(S([NH-])(=O)=O)s3)cc2)c(C)c1,9.493495
155,ACTIVE_0158,NS(=O)(=O)c1cc2cc(C[NH2+]CC3CC3)sc2s1,4.8391175
156,ACTIVE_0159,C[C@H](CCC(=O)OCc1ccc(S(N)(=O)=O)cc1)[C@H]1CC[C@H]2[C@H]3[C@@H](O)C[C@@H]4C[C@H](O)CC[C@]4(C)[C@H]3CC[C@]12C,6.3629975
157,ACTIVE_0160,NS(=O)(=O)c1ccc(C(=O)N[C@@H](Cc2c[nH+]c[nH]2)C(=O)N[C@@H](Cc2ccccc2)C(=O)[O-])cc1,6.9984446
158,ACTIVE_0161,[NH-]S(=O)(=O)c1nnc(N[S@@](=O)c2ccc([N+](=O)[O-])cc2)s1,7.6243353
159,ACTIVE_0162,[NH-]S(=O)(=O)c1nnc(NC(=O)c2ccccc2)s1,7.799524
160,ACTIVE_0163,Cc1c2cc(c(C)[n+]1-c1ccc(S(=O)(=O)[N-]c3nnc(S([NH-])(=O)=O)s3)cc1)CCCCCCCCC2,8.2285
161,ACTIVE_0164,NS(=O)(=O)c1ccc(NC(=O)CCCCN2CCOCC2)cc1,4.8905663
162,ACTIVE_0165,NS(=O)(=O)c1nnc([N-]S(=O)(=O)c2ccc(NC(=S)NCC[NH+]3CCOCC3)cc2)s1,7.5336
163,ACTIVE_0166,NS(=O)(=O)c1ccc(C(=O)NC(=O)c2ccco2)cc1,6.384816
164,ACTIVE_0167,NS(=O)(=O)c1cc2c(s1)[C@@H](O)CC[S@@]2=O,5.753631
165,ACTIVE_0168,Cc1cc(-c2ccccc2)cc(C)[n+]1CC(=O)Nc1ccc(S(=O)(=O)[N-]c2ccc(S(N)(=O)=O)cc2)cc1,5.7282896
166,ACTIVE_0169,NS(=O)(=O)c1ccc(Nc2nc(Oc3ccccc3)nc(Oc3ccccc3)n2)cc1,8.171231
167,ACTIVE_0170,[NH-]S(=O)(=O)c1nnc(NC(=O)[C@H](Cc2ccccc2)NC(=O)OCc2ccccc2)s1,6.066899
168,ACTIVE_0171,NS(=O)(=O)c1ccc(CCNS(=O)(=O)[C@@H]2O[C@H](CO)[C@@H](O[C@@H]3O[C@H](CO)[C@H](O)[C@H](O)[C@H]3O)[C@H](O)[C@H]2O)cc1,8.910795
169,ACTIVE_0172,C[C@H](CCC(=O)Nc1nnc(S(N)(=O)=O)s1)[C@H]1CC[C@H]2[C@H]3C(=O)C[C@@H]4CC(=O)CC[C@]4(C)[C@H]3CC(=O)[C@]12C,8.72789
170,ACTIVE_0173,Cc1cc(-c2ccccc2)cc(C)[n+]1CC(=O)Oc1ccc2nc(S(N)(=O)=O)sc2c1,8.359103
171,ACTIVE_0174,NS(=O)(=O)c1ccc(C(=O)N[C@@H](Cc2c[nH+]c[nH]2)C(=O)NCC(=O)[O-])cc1,6.15194
172,ACTIVE_0175,NS(=O)(=O)c1ccc(NNCc2cc(=O)oc3cc(Cl)ccc23)cc1,8.275439
173,ACTIVE_0176,NS(=O)(=O)c1ccc(-n2cc(CO[C@@H]3O[C@H](CO)[C@@H](O)[C@H]3O)nn2)cc1,5.213205
174,ACTIVE_0177,NS(=O)(=O)c1ccc(C(=O)N[C@@H](Cc2c[nH]cn2)C(=O)NCC(=O)[O-])cc1,5.9946146
175,ACTIVE_0178,NNC(=O)c1[nH]c2ccc(S(N)(=O)=O)cc2c1-c1ccccc1,8.541216
176,ACTIVE_0179,NS(=O)(=O)c1ccc2c(c1)CC[C@@H]2NC(=O)C1CCCCC1,6.009177
177,ACTIVE_0180,NS(=O)(=O)c1ccc(CCNc2nc(Oc3ccccc3)nc(Oc3ccccc3)n2)cc1,7.7653775
178,ACTIVE_0181,NS(=O)(=O)c1ccc([N-]S(=O)(=O)c2ccc(NC(=O)c3c(F)c(F)c(F)c(F)c3F)cc2)cc1,8.61839
179,ACTIVE_0182,NS(=O)(=O)c1cc2c(s1)S(=O)(=O)[C@@H](CCN1CCOCC1)CN2,5.826914
180,ACTIVE_0183,N#Cc1c(N)n(-c2cccc(S(N)(=O)=O)c2)c2nc3ccccc3nc12,4.466855
181,ACTIVE_0184,NS(=O)(=O)c1ccc(Nc2ccnc(/N=C/c3coc4ccccc4c3=O)n2)cc1,7.4629507
182,ACTIVE_0185,NS(=O)(=O)c1cc2c(s1)C(=O)CCS2,5.5108895
183,ACTIVE_0186,Cc1cc(C)[n+](CC(=O)Nc2nnc(S([NH-])(=O)=O)s2)c(C)c1,5.6401553
184,ACTIVE_0187,C[C@@]12CC[C@@H]3c4ccc(OS(N)(=O)=O)cc4CC[C@@H]3[C@@H]1CCC2=O,6.987146
185,ACTIVE_0188,NS(=O)(=O)c1ccc(C(=O)NCCOCCOCCNC(=O)[C@@H]([NH3+])Cc2ccccc2)cc1,4.172179
186,ACTIVE_0189,Cc1cc2c(cc1Cl)SC(N/[NH+]=c1\cc[nH]cc1S(N)(=O)=O)=NS2(=O)=O,10.651027
187,ACTIVE_0190,NS(=O)(=O)c1cc2cc(C(=O)NCC[NH+]3CCOCC3)sc2s1,5.7458553
188,ACTIVE_0191,N[C@H](Cc1ccccc1)C(=O)NC(=S)NCCc1ccc(S(N)(=O)=O)cc1,7.4869833
189,ACTIVE_0192,NS(=O)(=O)c1ccc(CNc2nc(NCCN3CC[NH2+]CC3)nc(NCCN3CC[NH2+]CC3)n2)cc1,7.323167
190,ACTIVE_0193,NS(=O)(=O)c1nnc(N[S@@](=O)c2ccc([N+](=O)[O-])cc2)s1,8.0264
191,ACTIVE_0194,CC(C)c1cc(-c2ccccc2)cc(C(C)C)[n+]1-c1ccc(S(N)(=O)=O)cc1,7.5036755
192,ACTIVE_0195,NS(=O)(=O)c1ccc(CCONC(=O)c2cccc(C(=O)[O-])n2)cc1,6.602305
193,ACTIVE_0196,NS(=O)(=O)c1ccc(COC(=O)CN(CCN(CC(=O)[O-])c2ccccc2O)c2ccccc2O)cc1,1.1869946
194,ACTIVE_0197,COCCN(CCOC)Cc1cc2cc(S(N)(=O)=O)oc2s1,5.286085
195,ACTIVE_0198,Cc1ccc(S(=O)(=O)/N=C(\[O-])Nc2c(S(N)(=O)=O)cc(S(N)(=O)=O)c(Cl)c2Cl)cc1,9.698767
196,ACTIVE_0199,NS(=O)(=O)c1ccc(C[n+]2c(-c3ccccc3)cccc2-c2ccccc2)cc1,0.46462905
197,ACTIVE_0200,Cc1[nH+]cc(CO)c(CNc2nc(NCc3c(CO)c[nH+]c(C)c3[O-])nc(Nc3ccc(S(N)(=O)=O)cc3)n2)c1[O-],9.680127
198,ACTIVE_0201,CCOC(=O)c1c(C(=O)Nc2nnc(S([NH-])(=O)=O)s2)nn(-c2cccc(N)c2)c1-c1ccccc1,6.284158
199,ACTIVE_0202,NS(=O)(=O)c1ccc(CCNC(=O)CCCNc2ccn([O-])c(=O)n2)cc1,5.7110214
200,ACTIVE_0203,CC(C)CNC(=O)C[C@H]1Sc2sc(S(N)(=O)=O)cc2NC1=O,5.301846
201,ACTIVE_0204,NS(=O)(=O)[N-]c1ccc2ccccc2c1,7.542329
202,ACTIVE_0205,NS(=O)(=O)c1ccc(CCNCc2ccc(S(=O)(=O)[O-])o2)cc1,7.424461
203,ACTIVE_0206,COc1ccc(S(=O)(=O)N(CC(=O)NO)OCc2ccc(OCc3ccccc3)cc2)cc1,7.1952333
204,ACTIVE_0207,COCCN(CCOC)Cc1cc2cc(S(N)(=O)=O)sc2s1,5.6680574
205,ACTIVE_0208,[NH-]S(=O)(=O)c1nnc(NC(=O)[C@@H](N)Cc2ccccc2)s1,7.698291
206,ACTIVE_0209,Cn1[nH+]c(S([NH-])(=O)=O)s/c1=N\S(=O)(=O)c1c(F)c(F)c(F)c(F)c1F,9.722797
207,ACTIVE_0210,NS(=O)(=O)c1nnc([N-]S(=O)(=O)c2ccc([N-]S(=O)(=O)c3c(F)c(F)c(F)c(F)c3F)cc2)s1,10.003882
208,ACTIVE_0211,NS(=O)(=O)c1cc2cc(C[NH+]3CCSCC3)sc2s1,5.9791718
209,ACTIVE_0212,NS(=O)(=O)c1ccc([N+](=O)[O-])cc1,6.6641955
210,ACTIVE_0213,NS(=O)(=O)c1ccc(NC(=O)CN2CCOCC2)cc1,5.548302
211,ACTIVE_0214,NS(=O)(=O)c1ccc(N/C([S-])=[NH+]/Nc2ccccc2F)cc1,6.565535
212,ACTIVE_0215,CCc1cc(-c2ccccc2)cc(-c2ccccc2)[n+]1-c1ccc(S(=O)(=O)[N-]c2nnc(S(N)(=O)=O)s2)cc1,9.067822
213,ACTIVE_0216,NS(=O)(=O)c1ccc(C(=O)NNC(=O)Nc2ccc([C@]34C[C@H]5C[C@H](C[C@H](C5)C3)C4)cc2)cc1,7.9690437
214,ACTIVE_0217,NS(=O)(=O)c1[nH+]c2ccc([N-]S(=O)(=O)C(F)(F)C(F)(F)C(F)(F)C(F)(F)F)cc2s1,7.4210253
215,ACTIVE_0218,COCCOCCN(CCOC)[C@H](Cc1ccc(F)cc1)c1cc2cc(S(N)(=O)=O)sc2s1,2.457407
216,ACTIVE_0219,Cc1cc(C)[n+](CC(=O)NNc2ccc(S(N)(=O)=O)cc2)c(C)c1,3.8767223
217,ACTIVE_0220,C[C@H](CCC(=O)Oc1ccc2nc(S(N)(=O)=O)sc2c1)[C@H]1CC[C@H]2[C@H]3CC[C@@H]4C[C@H](O)CC[C@]4(C)[C@H]3CC[C@]12C,7.2308097
218,ACTIVE_0221,CN1CCN(NC(=S)Nc2ccc(S(=O)(=O)[N-]c3nnc(S(N)(=O)=O)s3)cc2)CC1,8.577782
219,ACTIVE_0222,NS(=O)(=O)c1ccc(CNC(=O)c2cccc(C(=O)[O-])n2)cc1,6.9900513
220,ACTIVE_0223,NS(=O)(=O)c1nc2ccc(OC(=O)c3c(F)c(F)c(F)c(F)c3F)cc2s1,8.793661
221,ACTIVE_0224,NS(=O)(=O)c1cc2cc(N3CCSCC3)sc2s1,6.855328
222,ACTIVE_0225,C[C@H](CCC(=O)OCCc1ccc(S(N)(=O)=O)cc1)[C@H]1CC[C@H]2[C@H]3C(=O)C[C@@H]4CC(=O)CC[C@]4(C)[C@H]3CC(=O)[C@]12C,7.64615
223,ACTIVE_0226,C[C@H](NC(=O)OCc1ccccc1)C(=O)Nc1nnc(S([NH-])(=O)=O)s1,6.052677
224,ACTIVE_0227,CC1(C)O[C@H]2[C@@H]3OS(=O)(=O)O[C@@H]3CO[C@@]2(COS(N)(=O)=O)O1,5.6109056
225,ACTIVE_0228,NS(=O)(=O)c1ccc(C(=O)NCc2cccc3ccccc23)cc1,7.2352715
226,ACTIVE_0229,Cn1nc(S(N)(=O)=O)s/c1=N/C(=O)CN(CCN(CC(=O)[O-])c1ccccc1O)c1ccccc1O,1.5160713
227,ACTIVE_0230,Nc1c(F)cc(S(=O)(=O)[N-]c2nnc(S(N)(=O)=O)s2)cc1Br,9.20711
228,ACTIVE_0231,NS(=O)(=O)c1nnc(NC(=O)c2cccc(C(=O)[O-])n2)s1,6.8689737
229,ACTIVE_0232,NS(=O)(=O)c1ccc(COC(=O)c2c(F)c(F)c(F)c(F)c2F)cc1,7.1006465
230,ACTIVE_0233,CCCC(CCC)C(=O)N[C@@H]1Cc2ccc(S(N)(=O)=O)cc2C1,5.9631877
231,ACTIVE_0234,NS(=O)(=O)c1ccc(C(=O)NNC(=O)Nc2ccc([N+](=O)[O-])cc2)cc1,7.829441
232,ACTIVE_0235,NS(=O)(=O)c1ccc(NC(=S)N[C@@H](Cc2cnc[nH]2)C(=O)N[C@H](Cc2ccccc2)C(=O)[O-])cc1,6.7539806
233,ACTIVE_0236,N[C@@H](C(=O)NCCOCCOCCNC(=O)c1ccc(S(N)(=O)=O)cc1)C(=O)[C@H](N)Cc1ccccc1,5.0203996
234,ACTIVE_0237,NS(=O)(=O)Oc1ccc(-c2ccccc2)cc1,7.286861
235,ACTIVE_0238,NS(=O)(=O)c1nnc(NSC(=S)N2CCOCC2)s1,6.90869
236,ACTIVE_0239,NS(=O)(=O)c1ccc(COS(=O)(=O)c2c(F)c(F)c(F)c(F)c2F)cc1,7.9387674
237,ACTIVE_0240,COCC[NH+](CCOC)Cc1cc2cc(S(N)(=O)=O)oc2s1,4.7411194
238,ACTIVE_0241,CCN(C(=O)c1ccc(CO[N+](=O)[O-])cc1)[C@H]1C[C@H](C)S(=O)(=O)c2sc(S(N)(=O)=O)cc21,9.985793
239,ACTIVE_0242,NS(=O)(=O)c1nnc(NC(=O)CCNC(=O)c2c(F)c(F)c(F)c(F)c2F)s1,7.347354
240,ACTIVE_0243,NS(=O)(=O)c1ccc(CNc2nc(Oc3ccccc3)nc(Oc3ccccc3)n2)cc1,7.898627
241,ACTIVE_0244,[NH-]S(=O)(=O)c1nnc([N-]S(=O)(=O)c2ccc([N-]S(=O)(=O)c3c(F)c(F)c(F)c(F)c3F)cc2)s1,9.706523
242,ACTIVE_0245,Cc1cc2c(cc1Cl)SC(N/N=c1\cc[n-]cc1S(N)(=O)=O)=NS2(=O)=O,8.349306
243,ACTIVE_0246,Cc1cc(C)[n+](CC(=O)NCCC(=O)Nc2nnc(S([NH-])(=O)=O)s2)c(C)c1,6.7861366
244,ACTIVE_0247,NS(=O)(=O)c1cnccc1Sc1cccc[n+]1[O-],7.9502425
245,ACTIVE_0248,[NH-]S(=O)(=O)c1nnc(NC(=O)CCN2C(=O)c3cccnc3C2=O)s1,5.3783836
246,ACTIVE_0249,Cc1cc(C)[n+](CC(=O)OCc2ccc(S(N)(=O)=O)cc2)c(C)c1,1.591777
247,ACTIVE_0250,NS(=O)(=O)c1ccc(NC(=O)CCCCCNc2ccn([O-])c(=O)n2)cc1,5.9933023
248,ACTIVE_0251,NS(=O)(=O)c1ccc(-n2cc(CO[C@@H]3O[C@H](CO)[C@@H](O[C@@H]4O[C@H](CO)[C@@H](O)[C@H](O)[C@H]4O)[C@H](O)[C@H]3O)nn2)cc1,6.965141
249,ACTIVE_0252,Cc1cc(C)[n+](Cc2ccc(S(N)(=O)=O)cc2)c(C)c1C,5.909695
250,ACTIVE_0253,Cc1cc(C)[n+](CC(=O)Nc2ccc(S(=O)(=O)[N-]c3nnc(S(N)(=O)=O)s3)cc2)c(C)c1,5.3066697
251,ACTIVE_0254,C[C@H](CCC(=O)NCc1ccc(S(N)(=O)=O)cc1)[C@H]1CC[C@H]2[C@H]3C(=O)C[C@@H]4CC(=O)CC[C@]4(C)[C@H]3CC(=O)[C@]12C,7.7500153
252,ACTIVE_0255,C[NH+]1CCN(CCC(=O)Nc2nnc(S([NH-])(=O)=O)s2)CC1,5.667544
253,ACTIVE_0256,NS(=O)(=O)c1ccc(CCNC(=O)CN(CC(=O)[O-])S(=O)(=O)c2ccc(Oc3ccccc3)cc2)cc1,8.304121
254,ACTIVE_0257,NS(=O)(=O)c1ccc(/N=C/c2coc3ccccc3c2=O)cc1,6.3521624
255,ACTIVE_0258,Cc1cc(C)[n+](-c2ccc(S(=O)(=O)[N-]c3nnc(S(N)(=O)=O)s3)cc2)c(C)c1,9.985524
256,ACTIVE_0259,NS(=O)(=O)c1nnc(NC(=O)Nc2c(F)c(F)c(F)c(F)c2F)s1,7.8454285
257,ACTIVE_0260,CC[N@@H+]1CCC[C@@H]1CNC(=O)c1cc(S(N)(=O)=O)ccc1OC,5.50504
258,ACTIVE_0261,[NH-]S(=O)(=O)c1nnc(NC(=O)CN2CCOCC2)s1,6.4684834
259,ACTIVE_0262,NS(=O)(=O)c1nnc([N-]S(=O)(=O)c2ccc(NC(=S)N[C@H](O)[C@H](O)c3ccc([N+](=O)[O-])cc3)cc2)s1,8.880036
260,ACTIVE_0263,NS(=O)(=O)c1ccc2c(c1)C[C@@H](NC(=O)c1c(F)c(F)c(F)c(F)c1F)C2,8.220435
261,ACTIVE_0264,NS(=O)(=O)c1cc2c(s1)[C@@H](O)CCS2,6.021355
262,ACTIVE_0265,NS(=O)(=O)c1ccc(CC/[NH+]=C(\[S-])NNCC[NH+]2CCOCC2)cc1,5.879252
263,ACTIVE_0266,NS(=O)(=O)c1ccc(CCN/C([S-])=[NH+]/NCCCN2CC[NH+](CCC[NH3+])CC2)cc1,5.6523466
264,ACTIVE_0267,NS(=O)(=O)c1ccc(NC(=S)N[C@H](Cc2cnc[nH]2)C(=O)NCC(=O)[O-])cc1,6.1089773
265,ACTIVE_0268,NS(=O)(=O)c1ccc(CNSC(=S)N2CCOCC2)cc1,5.6301527
266,ACTIVE_0269,Cc1cc2c(cc1Cl)SC(N/N=c1\cc[nH]cc1S(N)(=O)=O)=NS2(=O)=O,8.049732
267,ACTIVE_0270,NS(=O)(=O)c1ccc(C(=O)NCC(=O)NCC(=O)NCC(=O)N2CCC[C@@H]2C(=O)[O-])cc1,4.850799
268,ACTIVE_0271,NS(=O)(=O)c1ccc(CC/[NH+]=C(\[S-])NNc2ccccc2F)cc1,6.35094
269,ACTIVE_0272,NS(=O)(=O)c1ccc(NC(=S)N[C@H](Cc2c[nH]c3ccccc23)C(=O)[O-])cc1,6.159244
270,ACTIVE_0273,CC(C)(C)C(=O)Oc1ccc2cc(S(N)(=O)=O)oc2c1,5.6400404
271,ACTIVE_0274,NS(=O)(=O)c1ccc(Sc2ccccc2)c(C(=O)NCc2ccccc2)c1,8.745175
272,ACTIVE_0275,NS(=O)(=O)c1ccc(C(=O)NCC(=O)N[C@H](Cc2ccc3ccccc3c2)C(=O)[O-])cc1,6.459035
273,ACTIVE_0276,NS(=O)(=O)c1ccc(Sc2ccccc2)c(C(=O)NCc2ccccn2)c1,8.864449
274,ACTIVE_0277,[NH-]S(=O)(=O)c1nnc(NC(=O)CN2CCN(Cc3ccccc3)CC2)s1,7.7420073
275,ACTIVE_0278,[NH-]S(=O)(=O)c1nnc([N-]S(=O)(=O)c2ccc(NC(=S)NN3CCOCC3)cc2)s1,7.9225173
276,ACTIVE_0279,NS(=O)(=O)c1cc2c(s1)SCC[C@@H]2O,5.9780517
277,ACTIVE_0280,O=S1(=O)C=Cc2ccc(S(=O)(=O)NCC3CC3)cc21,4.798397
278,ACTIVE_0281,[NH-]S(=O)(=O)c1nnc(NC(=O)CCNSC(=S)N2CCOCC2)s1,4.959829
279,ACTIVE_0282,NS(=O)(=O)c1nnc([N-]S(=O)(=O)c2ccc(NC(=S)NN3CCOCC3)cc2)s1,8.276011
280,ACTIVE_0283,NS(=O)(=O)c1ccc(CONC(=O)c2cccc(C(=O)[O-])n2)cc1,6.832264
281,ACTIVE_0284,NS(=O)(=O)c1ccc(N2CCCCS2(=O)=O)cc1,7.1711545
282,ACTIVE_0285,C[C@H](CCC(=O)NCc1ccc(S(N)(=O)=O)cc1)[C@H]1CC[C@H]2[C@H]3[C@@H](O)C[C@@H]4C[C@H](O)CC[C@]4(C)[C@H]3CC[C@]12C,6.4136777
283,ACTIVE_0286,NS(=O)(=O)c1ccc(C(=O)N[C@@H](Cc2cnc[nH]2)C(=O)N[C@@H](Cc2ccccc2)C(=O)[O-])cc1,6.8614745
284,ACTIVE_0287,NS(=O)(=O)c1ccc(NC(=O)CCCNc2ccn([O-])c(=O)n2)cc1,6.548302
285,ACTIVE_0288,[NH-]S(=O)(=O)c1nnc(N2C(=O)c3cccnc3C2=O)s1,7.641052
286,ACTIVE_0289,[NH-]S(=O)(=O)c1nnc([N-]S(=O)(=O)c2ccc(NC(=O)c3c(F)c(F)c(F)c(F)c3F)cc2)s1,8.298584
287,ACTIVE_0290,CCN(C(=O)c1cccnc1C(=O)[O-])[C@@H]1C[C@@H](C)S(=O)(=O)c2sc(S(N)(=O)=O)cc21,7.9692383
288,ACTIVE_0291,NS(=O)(=O)c1nnc([N-]S(=O)(=O)c2ccc(NC(=S)NNc3c(F)c(F)c(F)c(F)c3F)cc2)s1,8.435961
289,ACTIVE_0292,[NH-]S(=O)(=O)c1nnc([N-]S(=O)(=O)c2ccc(NC(=S)NCCN3CC[NH2+]CC3)cc2)s1,7.735519
290,ACTIVE_0293,Cc1cc(-c2ccccc2)cc(C)[n+]1CC(=O)/N=c1/sc(S([NH-])(=O)=O)[nH+]n1C,6.2957773
291,ACTIVE_0294,NS(=O)(=O)c1ccc(NC(=O)CCSSCCC(=O)Nc2ccc(S(N)(=O)=O)cc2Cl)c(Cl)c1,5.259803
292,ACTIVE_0295,NS(=O)(=O)c1ccc(CNC(=O)c2cc3ccccc3oc2=O)cc1,6.6341457
293,ACTIVE_0296,NS(=O)(=O)c1ccc(-[n+]2c(-c3ccccc3)cc(-c3ccccc3)cc2-c2ccccc2)cc1,1.3618358
294,ACTIVE_0297,NS(=O)(=O)c1nc2ccc(ONC(=O)c3cccc(C(=O)[O-])n3)cc2s1,6.8015256
295,ACTIVE_0298,NS(=O)(=O)c1ccc(CCNC(=O)CN(CCN(CC(=O)[O-])c2ccccc2O)c2ccccc2O)cc1,2.9386232
296,ACTIVE_0299,NS(=O)(=O)c1ccc(C(=O)NCC(=O)NCC(=O)OCc2ccccc2)cc1,6.048066
297,ACTIVE_0300,COc1ccc(CNC(=O)c2cc(S(N)(=O)=O)cnc2Sc2ccc(F)c(F)c2)cc1,9.59637
298,ACTIVE_0301,Cn1nc(S(N)(=O)=O)s/c1=N/C(=O)c1c(F)c(F)cc(F)c1F,9.319008
299,ACTIVE_0302,NS(=O)(=O)c1nnc(-c2ccccc2Cl)s1,8.594327
300,ACTIVE_0303,NS(=O)(=O)c1ccc(Oc2ccccc2)c(C(=O)NCc2ccccc2)c1,8.6763525
301,ACTIVE_0304,NS(=O)(=O)c1ccc(C(=O)NCC(=O)NCC(=O)NCC(=O)NCC(=O)OCc2ccccc2)cc1,4.142404
302,ACTIVE_0305,NS(=O)(=O)c1ccc(C(=O)OCc2cn([C@@H]3OC[C@@H](O)[C@@H](O)[C@@H]3O)nn2)cc1,5.909232
303,ACTIVE_0306,NS(=O)(=O)c1cc2cc(C(=O)NCC[NH+]3CCSCC3)sc2s1,5.7454677
304,ACTIVE_0307,Cc1cc(C)[n+](CC(=O)NCc2ccc(S(N)(=O)=O)cc2)c(C)c1,4.239695
305,ACTIVE_0308,NS(=O)(=O)c1ccc(CN2C(=O)c3cccnc3C2=O)cc1,5.5957317
306,ACTIVE_0309,[NH-]S(=O)(=O)c1nnc(NC(=O)[C@@H]([NH3+])Cc2ccccc2)s1,6.2305837
307,ACTIVE_0310,NS(=O)(=O)c1ccc(CC[n+]2c(-c3ccccc3)cc(-c3ccccc3)cc2-c2ccccc2)cc1,1.7291746
308,ACTIVE_0311,NS(=O)(=O)c1ccc([N-]S(=O)(=O)c2c(F)c(F)cc(F)c2F)c(F)c1,9.722395
309,ACTIVE_0312,Cc1ncc(CO)c(CNc2nc(NCc3ccc(S(N)(=O)=O)cc3)nc(NCc3c(CO)c[nH+]c(C)c3[O-])n2)c1O,9.234751
310,ACTIVE_0313,C[NH+]1CCN(CCC(=O)Nc2ccc(S(N)(=O)=O)cc2)CC1,5.250451
311,ACTIVE_0314,NS(=O)(=O)c1c[n-]cc/c1=N\NC1=NS(=O)(=O)c2cnccc2S1,8.231573
312,ACTIVE_0315,NS(=O)(=O)c1ccc(C(=O)NCC(=O)NCC(=O)N[C@H](Cc2ccc(Cl)cc2)C(=O)[O-])cc1,6.131846
313,ACTIVE_0316,NS(=O)(=O)c1ccc(-n2cc(CO)nn2)cc1,6.38572
314,ACTIVE_0317,C[C@H](CCC(=O)NCCc1ccc(S(N)(=O)=O)cc1)[C@H]1CC[C@H]2[C@H]3[C@@H](O)C[C@@H]4C[C@H](O)CC[C@]4(C)[C@H]3CC[C@]12C,6.243225
315,ACTIVE_0318,[NH-]S(=O)(=O)c1nnc(-c2ccccc2Cl)s1,8.092574
316,ACTIVE_0319,NS(=O)(=O)c1cnccc1SCc1ccccc1,8.271854
317,ACTIVE_0320,C[C@H](CCC(=O)Nc1sc(S([NH-])(=O)=O)n[n+]1C)[C@H]1CC[C@H]2[C@H]3[C@@H](O)C[C@@H]4C[C@H](O)CC[C@]4(C)[C@H]3CC[C@]12C,6.599656
318,ACTIVE_0321,CN1CC[NH+](CCC(=O)Nc2ccc(S(N)(=O)=O)cc2)CC1,5.7741575
319,ACTIVE_0322,Cc1cc(C)[n+](CC(=O)NCCC(=O)Nc2nnc(S(N)(=O)=O)s2)c(C)c1,7.17088
320,ACTIVE_0323,C[C@H](CCC(=O)Nc1nnc(S(N)(=O)=O)s1)[C@H]1CC[C@H]2[C@H]3[C@@H](O)C[C@@H]4C[C@H](O)CC[C@]4(C)[C@H]3CC[C@]12C,7.187214
321,ACTIVE_0324,NS(=O)(=O)c1ccc(NC(=O)c2c(F)c(F)cc(F)c2F)c(F)c1,8.10516
322,ACTIVE_0325,[NH-]S(=O)(=O)N(Cc1ccccc1)Cc1ccccc1,1.9199657
323,ACTIVE_0326,CC(=O)OC[C@H]1O[C@H](n2cc(-c3ccc(S(N)(=O)=O)cc3)nn2)[C@@H](OC(C)=O)[C@@H](OC(C)=O)[C@@H]1OC(C)=O,4.7889795
324,ACTIVE_0327,NS(=O)(=O)c1nnc(NC(=O)Cc2ccccc2)s1,7.790523
325,ACTIVE_0328,NS(=O)(=O)c1ccc(CCNSC(=S)N2CCOCC2)cc1,5.6932316
326,ACTIVE_0329,C[NH+]1CCN(CC(=O)Nc2nnc(S(N)(=O)=O)s2)CC1,6.188845
327,ACTIVE_0330,NS(=O)(=O)c1ccc(CNC(=O)Cc2cccs2)cc1,5.770284
328,ACTIVE_0331,NS(=O)(=O)c1ccc(CNS(=O)(=O)[C@@H]2O[C@H](C(=O)[O-])[C@H](O)[C@H](O)[C@H]2O)cc1,8.023263
329,ACTIVE_0332,CC(C)(C)c1ccc(/C=[NH+]/Cc2ccc(S(N)(=O)=O)cc2)cc1,7.642129
330,ACTIVE_0333,NS(=O)(=O)c1ccc(NC(=S)NCCC(=O)N[C@H](Cc2c[nH+]c[nH]2)C(=O)[O-])cc1,5.7457895
331,ACTIVE_0334,N#Cc1ccc(Cn2cncn2)cc1-c1ccc(OS(N)(=O)=O)c(Cl)c1,7.9525137
332,ACTIVE_0335,NS(=O)(=O)c1ccc2c(c1)S(=O)(=O)C[C@H]2OCc1ccccc1,7.681025
333,ACTIVE_0336,NS(=O)(=O)c1ccc(CCNC(=O)CCCCCNc2ccn([O-])c(=O)n2)cc1,5.8090906
334,ACTIVE_0337,Cc1cc(-c2ccccc2)cc(C)[n+]1CC(=O)Nc1sc(S([NH-])(=O)=O)[nH+][n+]1C,7.212995
335,ACTIVE_0338,NS(=O)(=O)c1ccc(NC(=O)CCN2CCOCC2)cc1,5.3260617
336,ACTIVE_0339,NS(=O)(=O)c1ccc(CCNc2cc[nH+]cc2S(N)(=O)=O)cc1,9.573148
337,ACTIVE_0340,NS(=O)(=O)c1ccc(-n2cc(CS[C@@H]3O[C@H](CO)[C@@H](O)[C@H](O)[C@H]3O)nn2)cc1,5.7352448
338,ACTIVE_0341,Cc1ccc(S(=O)(=O)/N=C(\[O-])Nc2nnc(S([NH-])(=O)=O)s2)cc1,7.922694
339,ACTIVE_0342,CC1(C)O[C@H]2[C@@H]3OC4(CCCCC4)O[C@@H]3CO[C@@]2(COS(N)(=O)=O)O1,5.309092
340,ACTIVE_0343,Cn1nc(S(N)(=O)=O)s/c1=N/C(=O)CCSSCCC(=O)/N=c1/sc(S([NH-])(=O)=O)[nH+]n1C,5.4222994
341,ACTIVE_0344,NS(=O)(=O)c1ccc(CCNS(=O)(=O)c2ccc(NC(=O)c3c(F)c(F)cc(F)c3F)cc2)cc1,7.614779
342,ACTIVE_0345,[NH-]S(=O)(=O)c1nnc(NC(=O)CC[NH2+]Cc2cc(=O)oc3cc(Cl)ccc23)s1,8.790958
343,ACTIVE_0346,C[NH+]1CCN(CC(=O)Nc2nnc(S([NH-])(=O)=O)s2)CC1,5.9853
344,ACTIVE_0347,CC(C)[C@@H](C(=O)N1C[C@H]2CC[C@H](CC2)C1)n1cc(-c2ccc(S(N)(=O)=O)cc2)nn1,6.282041
345,ACTIVE_0348,NS(=O)(=O)c1ccc(NC(=O)Cc2ccccn2)cc1,6.2494354
346,ACTIVE_0349,Cc1cc(C)[n+](CC(=O)Nc2ccc(S(=O)(=O)Nc3cccc(S(N)(=O)=O)c3)cc2)c(C)c1,5.7805867
347,ACTIVE_0350,NS(=O)(=O)c1nc2ccc(OCCOS(=O)(=O)c3c(F)c(F)c(F)c(F)c3F)cc2s1,8.929037
348,ACTIVE_0351,NS(=O)(=O)c1nnc([N-]S(=O)(=O)c2ccc(NC(=S)NCCN3CCOCC3)cc2)s1,7.700979
349,ACTIVE_0352,NS(=O)(=O)c1ccc(NC(=O)CCC[NH+]2CCOCC2)cc1,4.784467
350,ACTIVE_0353,NS(=O)(=O)c1ccc(C(=O)NCC(=O)NCC(=O)NCC(=O)N[C@H](Cc2ccc3ccccc3c2)C(=O)[O-])cc1,5.2051306
351,ACTIVE_0354,NS(=O)(=O)c1ccc(S(=O)(=O)Nc2cccc3[nH]cc(Cl)c23)cc1,7.9726615
352,ACTIVE_0355,NN(/[NH+]=C(\[S-])NCCc1ccc(S(N)(=O)=O)cc1)c1c(F)c(F)c(F)c(F)c1F,7.8608694
353,ACTIVE_0356,NS(=O)(=O)c1nnc([N-]S(=O)(=O)c2ccc(NSC(=S)N3CCOCC3)cc2)s1,7.9753184
354,ACTIVE_0357,NS(=O)(=O)c1ccc(NC(=S)N[C@@H](Cc2c[nH]c[nH+]2)C(=O)N[C@H](Cc2ccccc2)C(=O)[O-])cc1,6.774272
355,ACTIVE_0358,NS(=O)(=O)c1ccc(NC(=O)CCN2CC[NH+](Cc3ccccc3)CC2)cc1,7.0371857
356,ACTIVE_0359,Cc1cc(-c2ccccc2)cc(C)[n+]1-c1ccc(S(=O)(=O)[N-]c2nnc(S(N)(=O)=O)s2)cc1,9.331033
357,ACTIVE_0360,NS(=O)(=O)c1ccc(CCNCc2cc(=O)oc3cc(Cl)ccc23)cc1,7.469814
358,ACTIVE_0361,Cc1cc(-c2ccccc2)cc(-c2ccccc2)[n+]1CCc1ccc(S(N)(=O)=O)cc1,4.4695945
359,ACTIVE_0362,NS(=O)(=O)c1nc2ccc(OCCONC(=O)c3cccc(C(=O)[O-])n3)cc2s1,6.4362726
360,ACTIVE_0363,NS(=O)(=O)c1nnc(NN2C(=O)c3cccnc3C2=O)s1,7.64242
361,ACTIVE_0364,NS(=O)(=O)c1cc2c(s1)C(=O)CCS2(=O)=O,6.390085
362,ACTIVE_0365,NS(=O)(=O)c1ccc(C(=O)NCc2cccnc2)cc1,6.449727
363,ACTIVE_0366,[NH-]S(=O)(=O)c1nnc([N-]S(=O)(=O)Cc2ccccc2)s1,7.4911284
364,ACTIVE_0367,COc1ccc(CNCc2cc(S(N)(=O)=O)cnc2Sc2ccc(F)c(F)c2)cc1,9.611151
365,ACTIVE_0368,NS(=O)(=O)c1ccc(C(=O)NCc2ccccn2)cc1,6.3275404
366,ACTIVE_0369,COc1ccc(C[NH2+]Cc2cc(S(N)(=O)=O)cnc2Sc2ccc(F)c(F)c2)cc1,9.112377
367,ACTIVE_0370,NS(=O)(=O)c1ccc(CCNC(=O)C[N@H+](CC(=O)N[O-])Cc2ccccc2)cc1,4.583503
368,ACTIVE_0371,COc1ccc(CCCNC(=O)c2cc(S(N)(=O)=O)cnc2Sc2c(F)c(F)cc(F)c2F)cc1,9.515419
369,ACTIVE_0372,NS(=O)(=O)c1ccc(CCNC(=O)c2ccc(S(N)(=O)=O)cc2)cc1,8.831389
370,ACTIVE_0373,[NH-]S(=O)(=O)c1nnc(NCc2cc(=O)oc3cc(Cl)ccc23)s1,8.0603695
371,ACTIVE_0374,NS(=O)(=O)c1ccc(C[NH2+]Cc2cc(=O)oc3cc(Cl)ccc23)cc1,4.1416817
372,ACTIVE_0375,NS(=O)(=O)c1nnc(NC(=O)[C@@H]([NH3+])Cc2ccccc2)s1,7.4984736
373,ACTIVE_0376,NS(=O)(=O)c1cc(C(=O)c2ccccc2)cs1,9.323657
374,ACTIVE_0377,C[C@H](CCC(=O)/N=c1\sc(S([NH-])(=O)=O)[nH+]n1C)[C@H]1CC[C@H]2[C@H]3C(=O)C[C@@H]4CC(=O)CC[C@]4(C)[C@H]3CC(=O)[C@]12C,8.139533
375,ACTIVE_0378,NS(=O)(=O)c1ccc(CNS(=O)(=O)c2c(F)c(F)cc(F)c2F)cc1,7.4119673
376,ACTIVE_0379,NS(=O)(=O)c1cc2c(s1)[S@](=O)CC[C@@H]2O,6.013515
377,ACTIVE_0380,NS(=O)(=O)c1cnccc1Sc1ccncc1S(N)(=O)=O,8.837525
378,ACTIVE_0381,NS(=O)(=O)c1ccc(CCNC(=S)/[NH+]=C2/C=CC(=C3c4ccc(O)cc4Oc4cc(O)ccc43)C(C(=O)[O-])=C2)cc1,9.360771
379,ACTIVE_0382,NS(=O)(=O)c1ccc(C(=O)OC/C=C/COC(=O)c2ccccc2)cc1,3.1525803
380,ACTIVE_0383,NS(=O)(=O)c1nc2ccc(OCCOC(=O)c3c(F)c(F)c(F)c(F)c3F)cc2s1,7.0537534
381,ACTIVE_0384,NS(=O)(=O)c1ccc(/N=C/c2ccccc2)cc1,6.240048
382,ACTIVE_0385,Cc1[nH+]cc(CO)c(CNc2nc(NCc3ccc(S(N)(=O)=O)cc3)nc(NCc3c(CO)c[nH+]c(C)c3[O-])n2)c1[O-],9.1122
383,ACTIVE_0386,CC(C)(C)c1ccc(S(=O)(=O)CCNc2ccc(S(N)(=O)=O)cc2)cc1,7.3740845
384,ACTIVE_0387,NS(=O)(=O)OCC1Oc2ccccc2O1,0.5936383
385,ACTIVE_0388,CC1(C)O[C@@H]2[C@@H](CO[C@@]3(CNC(=S)NCCc4ccc(S(N)(=O)=O)cc4)OC(C)(C)O[C@@H]23)O1,6.108971
386,ACTIVE_0389,Cn1cccc1/C=N/Cc1ccc(S(N)(=O)=O)cc1,5.300694
387,ACTIVE_0390,NS(=O)(=O)c1ccc(CCNC(=O)C[N@H+](CC(=O)NO)Cc2ccccc2)cc1,5.5648694
388,ACTIVE_0391,[NH-]S(=O)(=O)c1nnc([N-]S(=O)(=O)c2ccc(NC(=S)Nc3ccccc3F)cc2)s1,7.1343555
389,ACTIVE_0392,NS(=O)(=O)c1ccc(NC(=O)CC[NH+]2CCN(Cc3ccccc3)CC2)cc1,7.633285
390,ACTIVE_0393,NS(=O)(=O)c1ccc(Sc2ccccn2)c(C(=O)NCc2ccccn2)c1,8.177782
391,ACTIVE_0394,NS(=O)(=O)c1ccc(CCNC(=O)CCSSCCC(=O)NCCc2ccc(S(N)(=O)=O)cc2)cc1,4.327089
392,ACTIVE_0395,NS(=O)(=O)c1cnccc1Sc1nc2ccc([N+](=O)[O-])cc2s1,7.571757
393,ACTIVE_0396,Cc1cc(C)[n+](CC(=O)Nc2nccc(Nc3ccc(S(N)(=O)=O)cc3)n2)c(C)c1,7.381731
394,ACTIVE_0397,COc1cc2c(cc1OC)[C@@H](c1ccc([N+](=O)[O-])cc1)N(S([NH-])(=O)=O)CC2,5.826259
395,ACTIVE_0398,NS(=O)(=O)c1ccc(CCNC(=O)c2sc3ccccc3c2Cl)cc1,7.454867
396,ACTIVE_0399,NS(=O)(=O)c1cc2c(s1)[S@](=O)CC(=O)N2,6.33369
397,ACTIVE_0400,C[C@H](NC(=O)OCc1ccccc1)C(=O)Nc1nnc(S(N)(=O)=O)s1,6.5859303
398,ACTIVE_0401,NS(=O)(=O)c1c[nH]cc/c1=N\NC1=NS(=O)(=O)c2cnccc2S1,8.154695
399,ACTIVE_0402,C[C@H](CCC(=O)/N=c1\sc(S([NH-])(=O)=O)[nH+]n1C)[C@H]1CC[C@H]2[C@H]3[C@@H](O)C[C@@H]4C[C@H](O)CC[C@]4(C)[C@H]3CC[C@]12C,7.0344653
400,ACTIVE_0403,CC1(C)O[C@H]2[C@@H]3OS(=O)(=O)O[C@@H]3CC[C@@]2(COS(N)(=O)=O)O1,6.1938567
401,ACTIVE_0404,Cc1cc(-c2ccccc2)cc(C)[n+]1CC(=O)NCCC(=O)Nc1nnc(S([NH-])(=O)=O)s1,7.013856
402,ACTIVE_0405,NS(=O)(=O)c1ccc(NC(=S)N2CCC[C@@H]2C(=O)NCC(=O)NCC(=O)[O-])cc1,5.526498
403,ACTIVE_0406,Cc1cc(C)[n+](-c2ccc(S(N)(=O)=O)cc2)c(C)c1C,7.2982163
404,ACTIVE_0407,NNc1nc(NN)nc(Nc2ccc(S(N)(=O)=O)cc2)n1,7.6048093
405,ACTIVE_0408,C[C@H]1CC[N@H+](CC(=O)Nc2nnc(S(N)(=O)=O)s2)CC1,7.1982026
406,ACTIVE_0409,NS(=O)(=O)c1ccc(CCNc2ccncc2S(N)(=O)=O)cc1,9.609963
407,ACTIVE_0410,[NH-]S(=O)(=O)c1cc2c(s1)S(=O)(=O)N(c1cccc(O)c1)C(CN1CCOCC1)=C2,8.155011
408,ACTIVE_0411,[NH-]S(=O)(=O)c1nnc(NC(=O)c2ccco2)s1,7.4226456
409,ACTIVE_0412,NS(=O)(=O)c1nnc([N-]S(=O)(=O)c2ccc(NC(=S)Nc3ccccc3F)cc2)s1,7.43014
410,ACTIVE_0413,NS(=O)(=O)c1nnc(NC(=O)[C@H](Cc2ccccc2)NC(=O)OCc2ccccc2)s1,6.9354496
411,ACTIVE_0414,Cc1cc(C)[n+](CC(=O)Nc2c(S(N)(=O)=O)cc(S(N)(=O)=O)c(Cl)c2Cl)c(C)c1,6.9106016
412,ACTIVE_0415,NS(=O)(=O)c1ccc(C(=O)NC[C@]23C[C@H]4C[C@H](C[C@H](C4)C2)C3)cc1,5.9162617
413,ACTIVE_0416,NS(=O)(=O)c1nnc([N-]S(=O)(=O)c2ccc(NC(=S)NCCN3CC[NH2+]CC3)cc2)s1,7.9324217
414,ACTIVE_0417,NS(=O)(=O)Cc1noc2ccccc12,6.7869253
415,ACTIVE_0418,Cc1cc(-c2ccccc2)cc(C)[n+]1CC(=O)Nc1ccc(S(=O)(=O)Nc2ccc(S(N)(=O)=O)cc2)cc1,6.351934
416,ACTIVE_0419,[NH-]S(=O)(=O)c1nnc(NC(=O)Cc2ccccc2)s1,7.3780365
417,ACTIVE_0420,NS(=O)(=O)c1nnc([N-]S(=O)(=O)c2ccc(NC(=O)c3c(F)c(F)c(F)c(F)c3F)cc2)s1,8.561428
418,ACTIVE_0421,Cn1cccc1/C=[NH+]/Cc1ccc(S(N)(=O)=O)cc1,5.68509
419,ACTIVE_0422,NS(=O)(=O)c1ccc2c(c1)C[C@@H](NC(=O)C1CCCCC1)C2,6.5811367
420,ACTIVE_0423,NS(=O)(=O)c1ccc(C(=O)NCc2cn([C@@H]3O[C@H](CO)[C@H](O)[C@H](O)[C@H]3O)nn2)cc1,6.750666
421,ACTIVE_0424,NS(=O)(=O)c1ccc(NC(=S)NCCC(=O)N[C@H](Cc2cnc[nH]2)C(=O)[O-])cc1,5.731387
422,ACTIVE_0425,NS(=O)(=O)c1cnccc1Oc1ccc(F)cc1,6.978133
423,ACTIVE_0426,NS(=O)(=O)c1ccc(CC/[NH+]=C/c2ccc(S(=O)(=O)[O-])o2)cc1,7.0980988
424,ACTIVE_0427,NS(=O)(=O)c1ccc(CCNC(=O)Cc2cccs2)cc1,5.6875606
425,ACTIVE_0428,NS(=O)(=O)c1ccc(C(=O)NCCC(=O)N[C@@H](Cc2cnc[nH]2)C(=O)[O-])cc1,5.741363
426,ACTIVE_0429,C[n+]1[nH+]c(S([NH-])(=O)=O)sc1NC(=O)CCCCC(F)(F)C(F)(F)F,6.9499907
427,ACTIVE_0430,NS(=O)(=O)c1nnc(NC(=O)CN2CCOCC2)s1,6.846304
428,ACTIVE_0431,NS(=O)(=O)c1ccc(CNC(=O)Cc2ccccc2)cc1,5.865924
429,ACTIVE_0432,NS(=O)(=O)c1[nH+]c2ccc([N-]S(=O)(=O)c3c(F)c(F)c(F)c(F)c3F)cc2s1,10.319164
430,ACTIVE_0433,Nc1nccc(Nc2ccc(S(N)(=O)=O)cc2)n1,6.76584
431,ACTIVE_0434,Cn1nc(S(N)(=O)=O)s/c1=N/C(=O)c1ccco1,7.989002
432,ACTIVE_0435,Cc1cc(-c2ccccc2)cc(C)[n+]1CC(=O)Nc1ccc(S(=O)(=O)[N-]c2nnc(S(N)(=O)=O)s2)cc1,6.950532
433,ACTIVE_0436,[NH-]S(=O)(=O)c1nnc([N-]S(=O)(=O)c2ccc(NC(=S)N[C@H](O)[C@H](O)c3ccc([N+](=O)[O-])cc3)cc2)s1,8.573847
434,ACTIVE_0437,NS(=O)(=O)c1ccc(Nc2ccnc([N-]S(=O)(=O)c3c(F)c(F)c(F)c(F)c3F)n2)cc1,9.379819
435,ACTIVE_0438,CNC(=O)COc1ccc(COC(=O)[C@H](C)NC(=S)Nc2ccc(S(N)(=O)=O)cc2)cc1,4.579427
436,ACTIVE_0439,NS(=O)(=O)c1nnc(NC(=O)c2ccco2)s1,7.4853163
437,ACTIVE_0440,Cn1[nH+]c(S([NH-])(=O)=O)s/c1=N\S(=O)(=O)c1ccc(NCc2cc(=O)oc3cc(Cl)ccc23)cc1,10.2368555
438,ACTIVE_0441,NS(=O)(=O)c1ccc(-n2cc(C[S@](=O)[C@@H]3O[C@H](CO)[C@H](O)[C@H](O)[C@H]3O)nn2)cc1,6.642164
439,ACTIVE_0442,Cc1cc(-c2ccccc2)cc(C)[n+]1CC(=O)OCCc1ccc(S(N)(=O)=O)cc1,4.1276493
440,ACTIVE_0443,C[C@@H](NC(=S)Nc1ccc(S(N)(=O)=O)cc1)C(=O)N[C@H](Cc1ccccc1)C(=O)[O-],6.359154
441,ACTIVE_0444,NS(=O)(=O)OCCOc1ccc(-n2ccnc2)cc1,5.2063613
442,ACTIVE_0445,NS(=O)(=O)c1ccc(NS(=O)(=O)c2ccc(NCc3cc(=O)oc4cc(Cl)ccc34)cc2)cc1,9.043937
443,ACTIVE_0446,Cc1cc(-c2ccccc2)cc(C)[n+]1CC(=O)Nc1ccc(S(=O)(=O)[N-]c2nnc(S([NH-])(=O)=O)s2)cc1,6.1135144
444,ACTIVE_0447,NS(=O)(=O)c1ccc(NS(=O)(=O)c2ccc([N-]S(=O)(=O)c3c(F)c(F)c(F)c(F)c3F)cc2)cc1,9.792011
445,ACTIVE_0448,NS(=O)(=O)c1nc2ccc(OS(=O)(=O)c3c(F)c(F)c(F)c(F)c3F)cc2s1,9.941494
446,ACTIVE_0449,NS(=O)(=O)c1nc2ccc([N-]S(=O)(=O)C(F)(F)C(F)(F)C(F)(F)C(F)(F)F)cc2s1,7.20156
447,ACTIVE_0450,NS(=O)(=O)c1ccc(NC(=O)Cc2ccncc2)cc1,6.552345
448,ACTIVE_0451,CC(=O)Nc1nnc(S(N)(=O)=O)s1,6.1751122
449,ACTIVE_0452,Cc1cc(-c2ccccc2)cc(C)[n+]1CCc1ccc(S(N)(=O)=O)cc1,5.972167
450,ACTIVE_0453,N[C@@H](C(=O)NCCOCCOCCNC(=O)c1ccc(S(N)(=O)=O)cc1)C(=O)[C@H]([NH3+])Cc1ccccc1,5.4324784
451,ACTIVE_0454,C[NH+]1CCN([NH2+]/N=C(\[S-])NCCc2ccc(S(N)(=O)=O)cc2)CC1,5.2228026
452,ACTIVE_0455,NS(=O)(=O)c1nc2ccc(NC(=O)CN(CCN(CC(=O)[O-])c3ccccc3O)c3ccccc3O)cc2s1,4.495353
453,ACTIVE_0456,NS(=O)(=O)c1nnc([N-]S(=O)(=O)Cc2ccccc2)s1,7.815707
454,ACTIVE_0457,C[C@H]1CC[N@H+](CC(=O)Nc2nnc(S([NH-])(=O)=O)s2)CC1,6.998577
455,ACTIVE_0458,NS(=O)(=O)c1ccc(NC(=O)Cc2ccccc2)c(Cl)c1,7.093617
456,ACTIVE_0459,[NH-]S(=O)(=O)c1nnc([N-]S(=O)(=O)c2ccc(NC(=O)[C@H]3[C@@H](C(=O)[O-])[C@@H]4C=C[C@H]3C4)cc2)s1,8.652636
457,ACTIVE_0460,C[NH+]1CCN(NC(=S)Nc2ccc(S(=O)(=O)[N-]c3nnc(S(N)(=O)=O)s3)cc2)CC1,8.217339
458,ACTIVE_0461,NS(=O)(=O)c1ccc(NC(=S)Nc2ccc(-c3c4ccc(=O)cc-4oc4cc(O)ccc34)c(C(=O)[O-])c2)cc1,8.573042
459,ACTIVE_0462,NS(=O)(=O)c1ccc(NC(=S)N[C@@H](Cc2c[nH]cn2)C(=O)N[C@H](Cc2ccccc2)C(=O)[O-])cc1,6.62437
460,ACTIVE_0463,Cc1cc(-c2ccccc2)cc(C)[n+]1CC(=O)OCc1ccc(S(N)(=O)=O)cc1,3.8634198
461,ACTIVE_0464,NS(=O)(=O)c1ccc(C/[NH+]=C/c2coc3ccccc3c2=O)cc1,6.6759925
462,ACTIVE_0465,Cn1cccc1/C=[NH+]/CCc1ccc(S(N)(=O)=O)cc1,4.6595883
463,ACTIVE_0466,NS(=O)(=O)c1ccc(NC(=S)N[C@@H](C(=O)[O-])[C@H](O)c2ccccc2)cc1,6.5230837
464,ACTIVE_0467,NS(=O)(=O)c1ccc(C(=O)NCc2ccccc2)cc1,6.9549
465,ACTIVE_0468,NS(=O)(=O)c1nnc(NC(=O)CN2CC[NH+](Cc3ccccc3)CC2)s1,8.532587
466,ACTIVE_0469,[NH-]S(=O)(=O)c1nnc(NC(=O)Nc2c(F)c(F)c(F)c(F)c2F)s1,7.6958833
467,ACTIVE_0470,CC1(C)O[C@@H]2[C@@H](CO[C@@]3(COS(N)(=O)=O)OC(C)(C)O[C@@H]23)O1,4.776449
468,ACTIVE_0471,C[C@H](CCC(=O)Nc1sc(S([NH-])(=O)=O)n[n+]1C)[C@H]1CC[C@H]2[C@H]3C(=O)C[C@@H]4CC(=O)CC[C@]4(C)[C@H]3CC(=O)[C@]12C,7.8673315
469,ACTIVE_0472,Cc1ccc(S(=O)(=O)/N=C(\[O-])Nc2nnc(S(N)(=O)=O)s2)cc1,7.9751277
470,ACTIVE_0473,C[C@H](CCC(=O)Nc1nnc(S([NH-])(=O)=O)s1)[C@H]1CC[C@H]2[C@H]3C(=O)C[C@@H]4CC(=O)CC[C@]4(C)[C@H]3CC(=O)[C@]12C,8.185257
471,ACTIVE_0474,COc1ccc2c(CC(=O)Nc3ccc(S(N)(=O)=O)cc3)cc(=O)oc2c1,7.8258066
472,ACTIVE_0475,C[C@H](NC(=O)c1ccc(S(N)(=O)=O)cc1)C(=O)N[C@@H](Cc1ccccc1)C(=O)[O-],6.176884
473,ACTIVE_0476,CCN(C(=O)c1cccc(C(=O)[O-])n1)[C@@H]1C[C@@H](C)S(=O)(=O)c2sc(S(N)(=O)=O)cc21,8.473093
474,ACTIVE_0477,NS(=O)(=O)c1ccc(C(=O)N[C@H](C(=O)NCC(=O)NCC(=O)OCc2ccccc2)c2ccccc2)cc1,6.5229816
475,ACTIVE_0478,[NH-]S(=O)(=O)c1nnc([N-]S(=O)(=O)c2ccc(NSC(=S)N3CCOCC3)cc2)s1,7.2578816
476,ACTIVE_0479,NS(=O)(=O)c1nc2ccc([N-]S(=O)(=O)c3c(F)c(F)c(F)c(F)c3F)cc2s1,9.5151005
477,ACTIVE_0480,Cc1cc(-c2ccccc2)cc(C)[n+]1CC(=O)Nc1ccc2nc(S(N)(=O)=O)sc2c1,7.7078114
478,ACTIVE_0481,NS(=O)(=O)c1ccc(S(=O)(=O)[N-]c2cccc3[nH]cc(Cl)c23)cc1,7.9038815
479,ACTIVE_0482,Cn1[nH+]c(S([NH-])(=O)=O)s/c1=N/C(=O)CCSSCCC(=O)/N=c1/sc(S([NH-])(=O)=O)[nH+]n1C,5.8186355
480,ACTIVE_0483,NS(=O)(=O)c1ccc(N/C([S-])=[NH+]/NCCC[NH+]2CCN(CCC[NH3+])CC2)cc1,5.725812
481,ACTIVE_0484,NS(=O)(=O)c1ccc(/N=C\c2ncc[nH]2)cc1,5.9840903
482,ACTIVE_0485,NS(=O)(=O)c1ccc(C(=O)NNC(=O)Nc2ccc(Cc3ccccc3)cc2)cc1,6.73974
483,ACTIVE_0486,Cc1ccccc1-c1cn(-c2ccc(S(N)(=O)=O)cc2)nn1,6.9970717
484,ACTIVE_0487,[NH-]S(=O)(=O)c1nnc(NC(=O)Cc2cccs2)s1,7.192119
485,ACTIVE_0488,Cc1cc(C)[n+](CC(=O)Nc2ccc(S(=O)(=O)[N-]c3nnc(S([NH-])(=O)=O)s3)cc2)c(C)c1,4.2258677
486,ACTIVE_0489,NS(=O)(=O)c1nnc(NC(=O)Cc2cccs2)s1,7.434992
487,ACTIVE_0490,NS(=O)(=O)c1ccc(Nc2ccnc(NC(=O)c3c(F)c(F)c(F)c(F)c3F)n2)cc1,8.234546
488,ACTIVE_0491,NS(=O)(=O)c1ccc(CCNC(=O)CN(CC(=O)NO)Cc2ccccc2)cc1,7.033342
489,ACTIVE_0492,C[n+]1nc(S(N)(=O)=O)sc1NCc1cc(=O)oc2cc(Cl)ccc12,9.996951
490,DECOY_0001,C[C@@H]1CCC[C@@](CO)(NS(=O)(=O)c2cc(F)ccc2N)C1,1.3923943
491,DECOY_0002,O=C1COc2ccc(-c3csc(NS(=O)(=O)c4cc(C(=O)[O-])cs4)n3)cc2N1,6.5682216
492,DECOY_0003,O=C([O-])c1cc(NS(=O)(=O)N2CCOCC2)ccc1N1CCC([NH+]2CCCCC2)CC1,5.9455757
493,DECOY_0004,O=C1CCCN1c1ccc(S(=O)(=O)Nc2c(O)oc3ccccc3/c2=[NH+]\C2CCCC2)cc1,1.2298212
494,DECOY_0005,C[N@@H+]1CC[C@H](NS(=O)(=O)c2cc(NN)ccc2[N+](=O)[O-])C1,4.360585
495,DECOY_0006,CC(C)N(CCO)S(=O)(=O)c1cncc(C#CC[NH3+])c1,0.3837795
496,DECOY_0007,C[C@H](NS(=O)(=O)c1c(N)cccc1F)c1ccncc1,3.1870503
497,DECOY_0008,CC(C)N(CCO)S(=O)(=O)c1ccc(N)cc1C#N,0.18837556
498,DECOY_0009,O=C1[NH+]=c2cc3c(cc2=C[C@H]1CN(C[C@@H]1CCCO1)S(=O)(=O)c1ccc2c(c1)OCCO2)OCCO3,3.939332
499,DECOY_0010,Cc1noc(C)c1S(=O)(=O)N1CCC[N@H+]([C@H](C)C(=O)Nc2sccc2C(N)=O)CC1,8.142396
500,DECOY_0011,Cc1cc([C@H](C)NS(=O)(=O)c2c(C)n[nH]c2C)c(C)o1,0.7384406
501,DECOY_0012,O=C1Cc2cc(-c3csc(NS(=O)(=O)c4cc(C(=O)[O-])ccc4Br)n3)ccc2N1,7.0093627
502,DECOY_0013,O=S(=O)(c1cc[nH]c1)N1CCC([C@H]2CCC[NH2+]2)CC1,2.6419196
503,DECOY_0014,CC(C)n1cnc(S(=O)(=O)N2CCC[C@@H](C(=O)N3CCN(c4cccc[nH+]4)CC3)C2)c1,1.8127115
504,DECOY_0015,CC(C)[C@@H]1CC[C@@H](C)C[C@@]1([NH2+]CCNS(C)(=O)=O)C(=O)[O-],2.2171097
505,DECOY_0016,C[C@H]1CCCCN1S(=O)(=O)NCc1nc[nH]n1,3.9117904
506,DECOY_0017,Cc1nc(S(=O)(=O)N2CCN(C(=O)C(=O)NC(C)C)CC2)cn1C,2.2827015
507,DECOY_0018,Cc1nn(C)c(C)c1NS(=O)(=O)c1cn(C)nc1N,0.33589435
508,DECOY_0019,O=S1(=O)C[C@H](O)[C@@H](S(=O)(=O)NC[C@H](c2cccs2)S(=O)(=O)c2ccc3c(c2)OCO3)C1,6.262977
509,DECOY_0020,COC(=O)C1CCN(S(=O)(=O)N[C@H](C(=O)[O-])C2CC2)CC1,7.1990843
510,DECOY_0021,CC(C)NC(=O)CN1C(=O)c2ccc(N)cc2S1(=O)=O,5.0534315
511,DECOY_0022,[NH3+]C1(CNS(=O)(=O)[C@H]2CCS(=O)(=O)C2)CCCCC1,4.656346
512,DECOY_0023,Nc1ccc(S(=O)(=O)N[C@@]2(C(F)(F)F)N=C([O-])N(C3CCCC3)C2=O)cc1,4.0924354
513,DECOY_0024,Cc1n[nH]c(C)c1NS(=O)(=O)c1c(Br)cc(N)cc1Br,6.178346
514,DECOY_0025,CCOC1CCN(S(=O)(=O)c2[nH]ncc2C(=O)[O-])CC1,5.108922
515,DECOY_0026,O=S(=O)(NC1CCCCC1)c1ccc2c(c1)[C@H]1C=CC[C@@H]1[C@H](c1ccc(O)cc1O)N2,6.7015944
516,DECOY_0027,O=C([O-])c1sccc1S(=O)(=O)N[C@H]1CCCC[C@@H]1O,4.934285
517,DECOY_0028,Cn1cc(S(=O)(=O)NCCNc2ncccc2C(F)(F)F)cc1C(N)=O,5.9779034
518,DECOY_0029,CO[C@H]1CN(c2cc(C)ccc2NS(=O)(=O)[O-])CCN1,5.507764
519,DECOY_0030,Cc1cc(Cl)c(S(=O)(=O)N2CCN(c3cccc(C)c3C)CC2)cc1OCC(N)=O,3.2716303
520,DECOY_0031,Cc1cc(N)cc(S(=O)(=O)NCC[C@@H]2CCCO2)c1C,4.548227
521,DECOY_0032,N#Cc1ccccc1S(=O)(=O)N1CCN(c2cc[nH+]cc2)CC1,2.2405677
522,DECOY_0033,Cc1noc(CCCNC(=O)C2=CN3CCS(=O)(=O)N=C3C=C2)n1,5.5891724
523,DECOY_0034,NC(=S)c1cccc(CS(=O)(=O)/N=c2\[nH]ccs2)c1,6.151726
524,DECOY_0035,CS(=O)(=O)N1CCC(NC(=O)Nc2cn[nH]c2)CC1,5.9550667
525,DECOY_0036,CC[C@@H]1CCCC[C@@H]1NS(=O)(=O)c1cc(Br)cnc1NN,2.6106226
526,DECOY_0037,CCN(C1(C[NH3+])CCCC1)S(=O)(=O)c1cn[nH]c1,0.00040344615
527,DECOY_0038,Cc1cc(C)c(S(=O)(=O)N2CCC(C(=O)N3C[C@H](C(=O)[O-])Oc4ccccc43)CC2)c(C)c1,4.5929747
528,DECOY_0039,Cn1cc(S(=O)(=O)N2CCC[C@@H]3CCCC[C@@H]32)c(N)n1,0.9587126
529,DECOY_0040,CS(=O)(=O)CCNS(=O)(=O)c1c(NN)nc2sccn12,4.8858953
530,DECOY_0041,Cc1cc[nH]/c(=N\S(=O)(=O)c2cnn(CC(=O)[O-])c2)c1,5.5191956
531,DECOY_0042,Nc1n[nH]cc1S(=O)(=O)N1CCC[C@@H]1c1ccsc1,0.20243418
532,DECOY_0043,Cc1cc2c(cc1S(=O)(=O)N1CCC[C@@H](C(=O)N3CCN(c4ccccc4F)CC3)C1)O[C@H](C)C(=O)N2,6.919658
533,DECOY_0044,Cc1csc(NS(=O)(=O)c2ccc3c(c2)NC(=O)[C@@H](C(=O)N2CCCCCC2)S3)n1,5.4791155
534,DECOY_0045,CC(=O)c1ccc(S(=O)(=O)N(CCCO)Cc2cc3cc4c(cc3[nH]c2=O)OCCO4)cc1,3.4389215
535,DECOY_0046,Nc1ncc(S(=O)(=O)N2CCN(CC(F)(F)F)CC2)cn1,5.02879
536,DECOY_0047,C[C@@H](CN(C)S(=O)(=O)C1CCOCC1)/C(N)=N/O,6.3563023
537,DECOY_0048,C[C@@H]1CC[C@H](C(N)=O)CN1S(=O)(=O)c1ccc(N)cc1Cl,6.9607162
538,DECOY_0049,CC1CCN(S(=O)(=O)N[C@@H](C(N)=S)C2CCCCC2)CC1,5.6877832
539,DECOY_0050,C[N@@H+]1CC[C@H](NS(=O)(=O)c2c(N)cc(Br)cc2Br)C1,5.315708
540,DECOY_0051,C[C@@H]1CCC[C@@](CO)(NS(=O)(=O)c2cn[nH]c2)C1,0.42307675
541,DECOY_0052,CC[N@H+]1CC[C@H](CNS(=O)(=O)c2cc(Br)cnc2N)C1,3.3967543
542,DECOY_0053,Cc1n[nH]c(C)c1S(=O)(=O)N1CCO[C@H](C(=O)[O-])C1,3.423493
543,DECOY_0054,COCCN([C@H](C)COC)S(=O)(=O)N1CCC[NH2+]CC1,0.54336625
544,DECOY_0055,CS(=O)(=O)NCCCNC(=O)CCCC[C@@H]1SC[C@H]2NC(=O)N[C@H]12,4.907811
545,DECOY_0056,Cc1c(N)cc(S(=O)(=O)N[C@@H](C)[C@@H]2CCCO2)cc1Cl,4.0585074
546,DECOY_0057,CCS(=O)(=O)NCCCNC(=O)NCc1ccccc1-n1cccn1,5.047222
547,DECOY_0058,O=S(=O)(c1cncc(Br)c1)N1CCCC[C@H]1[C@@H]1CCC[NH2+]1,2.6353016
548,DECOY_0059,Cn1cc(S(=O)(=O)NNC(=O)c2cc(Br)c[nH]2)cn1,5.575637
549,DECOY_0060,Cc1ccc(C)c(N2CCN(C(=O)CN(C)S(=O)(=O)c3ccc4c(c3)C(=O)NCC(=O)N4)CC2)c1,7.54616
550,DECOY_0061,[NH3+][C@H]1C[C@H]2CC[C@@H](C1)N2S(=O)(=O)CC(=O)[O-],4.1760774
551,DECOY_0062,C[NH+](C)CC(C)(C)CNS(=O)(=O)c1cc(Cl)cc(N)c1Br,2.5284398
552,DECOY_0063,O=C1Cc2cc(S(=O)(=O)NCC3(CO)CCOCC3)ccc2N1,4.7783093
553,DECOY_0064,COc1ccc2c3c1O[C@@H]1C[C@@H](O)C=C[C@]31CC[N@+]([O-])(CCCCN1C(=O)c3ccccc3S1(=O)=O)C2,6.8558874
554,DECOY_0065,CCS(=O)(=O)N(C)[C@H]1CC[N@H+]([C@@H](C)C(=O)N2CCC[C@H](C(N)=O)C2)CC1,3.161921
555,DECOY_0066,CC(C)(C)NC(=O)CCN(N)C1=NS(=O)(=O)c2ccccc21,4.9062567
556,DECOY_0067,CCCn1c(=O)[nH]c2cc([C@@H]3NO[C@H]([C@H](NS(=O)(=O)c4ccccc4)C(C)C)N3)ccc21,6.31123
557,DECOY_0068,CC(C)N1C(=O)C[C@@H]([NH2+]CCNS(C)(=O)=O)C1=O,4.3605847
558,DECOY_0069,O=C1NCCC[C@H]1NS(=O)(=O)c1ccc(Cl)s1,5.346443
559,DECOY_0070,CSc1cc2c([O-])n3c(nc-2cc1=O)-c1c(c2ccccc2n1S(=O)(=O)Oc1ccccc1)CC3,6.949265
560,DECOY_0071,CC(C)N(C)S(=O)(=O)N1CCSc2ccc(N)cc21,2.8985214
561,DECOY_0072,Cc1ccc(N2CCN(C(=O)[C@H](NS(=O)(=O)c3cccc4nsnc34)c3ccccc3)C[C@@H]2C)cc1,3.8204508
562,DECOY_0073,COc1ccc([N+](=O)[O-])cc1S(=O)(=O)NNC(=O)NCCCn1cc[nH+]c1,5.690832
563,DECOY_0074,Nc1nc2sccn2c1S(=O)(=O)N(CC(F)(F)F)C1CC1,0.8597612
564,DECOY_0075,CCOc1cc(S(=O)(=O)N2CCC[C@H](n3nc4ccccc4n3)C2)c(OCC)cc1-n1cnnn1,6.1575956
565,DECOY_0076,COC(=O)[C@@H](CC1=C2CC=CC=C2N=C1)NC(=O)[C@H]1CN(C(=O)NC(C)C)CCN1S(C)(=O)=O,7.10101
566,DECOY_0077,C=CCc1ccccc1OC[C@@H](O)C[N@@H+]1CCC[C@H](NS(C)(=O)=O)C1,6.0456247
567,DECOY_0078,O=c1[nH]cc(S(=O)(=O)N[C@H]2Nc3ccc([N+](=O)[O-])cc3S2)c(=O)[nH]1,5.628627
568,DECOY_0079,Cc1n[nH]c(C)c1NS(=O)(=O)C[C@@H]1CCC[NH2+]C1,3.31013
569,DECOY_0080,CNC(=O)NC(=O)[C@@H](C)Sc1nc2cc(S(=O)(=O)Nc3ccccc3OC)ccc2o1,5.133857
570,DECOY_0081,O=S1(=O)CC=C(S(=O)(=O)NC[C@@H](c2ccco2)S(=O)(=O)c2ccc3c(c2)OCCO3)C1,7.3109
571,DECOY_0082,Cc1cccc(N)c1S(=O)(=O)N1CCCC[C@H]1C,0.5005889
572,DECOY_0083,Cn1cnc(S(=O)(=O)N[C@H]2CCCCNC2=O)c1Cl,6.84575
573,DECOY_0084,CCCS(=O)(=O)N[C@H]1CC(C)(C)[C@@H]2C[C@@](C)(O)CC[C@]12CCC(=O)NCCc1c[nH]c2ccccc12,2.767787
574,DECOY_0085,Cc1csc(CNS(=O)(=O)c2c(N)cc(Br)cc2Br)n1,5.5143037
575,DECOY_0086,C[C@@H]1CO[C@@H](C)CN1S(=O)(=O)[C@@H]1CCC[NH2+]C1,0.15856099
576,DECOY_0087,[NH3+][C@@H]1CCCC[C@@H]1NS(=O)(=O)c1ccsc1C(=O)[O-],4.864894
577,DECOY_0088,CNc1nc2sccn2c1S(=O)(=O)NCc1nncn1C,5.6487684
578,DECOY_0089,CCCn1cc(S(=O)(=O)N2CCC(C(N)=O)CC2)c(N)n1,7.0368056
579,DECOY_0090,Cc1nnc(C2CCN(S(=O)(=O)c3ccc4[nH]c(=O)[nH]c4c3)CC2)o1,5.59509
580,DECOY_0091,COCCOc1cc(NS(=O)(=O)c2cc(C(=O)[O-])cc(C)c2C)c(C(=O)[O-])cc1OC,5.606282
581,DECOY_0092,O=C1CCN(S(=O)(=O)/C=C/c2ccccc2)CCN1,5.779402
582,DECOY_0093,Cc1cc2c(cc1S(=O)(=O)N1CCC[C@H](C(=O)Nc3ccc(F)c(Cl)c3)C1)O[C@H](C)C(=O)N2,8.222685
583,DECOY_0094,C[C@H]1[C@H](NC(=O)Cc2csc(NC=O)n2)C(=O)N1S(=O)(=O)[O-],3.0676959
584,DECOY_0095,Cc1cc(C(=O)[O-])cc(S(=O)(=O)NNC(=O)CCN2C[C@@H](C)O[C@@H](C)C2)c1C,5.274003
585,DECOY_0096,Nc1ccccc1CS(=O)(=O)NC[C@H]1CCS(=O)(=O)C1,4.063945
586,DECOY_0097,Cc1c(N)cccc1S(=O)(=O)N(CC(N)=O)C1CCCC1,4.9502015
587,DECOY_0098,Cc1n[nH]c(C)c1S(=O)(=O)N1CC[C@H](O)c2cc(Cl)ccc21,0.41554248
588,DECOY_0099,CCOCCCNC(=O)NNS(=O)(=O)c1cc(C(=O)[O-])cc2c1CCC2,5.010641
589,DECOY_0100,CCC[C@]1(C(=O)[O-])CCCN(C(=O)NCCS(N)(=O)=O)C1,6.9759145
590,DECOY_0101,Cc1ncc(CNS(=O)(=O)c2cc([N+](=O)[O-])ccc2N)s1,4.296958
591,DECOY_0102,CCCn1c(N)c(C(=O)CN2CCC[C@H](NS(C)(=O)=O)C2)c(=O)[nH]c1=O,6.780901
592,DECOY_0103,Cc1ccc2c(c1)S(=O)(=O)N=C(N1CCC(C(N)=O)CC1)N2,6.37572
593,DECOY_0104,O=C([O-])CCn1cc(S(=O)(=O)N[C@H]2CCCC[C@H]2O)cn1,6.083338
594,DECOY_0105,NNc1ncc(Br)cc1S(=O)(=O)N1CCO[C@@H]2CCC[C@@H]21,4.042624
595,DECOY_0106,CC[C@H]1Oc2cc(S(=O)(=O)N3CCC[C@H](C(=O)Nc4ccc(F)cc4C)C3)c(C)cc2NC1=O,7.510522
596,DECOY_0107,CS(=O)(=O)CCS(=O)(=O)NC1(C(N)=S)CCCCC1,6.4697742
597,DECOY_0108,CC(C)S(=O)(=O)C1=C2Nc3ccccc3C[N@@H+]2[C@H](C(=O)N(C)S(=O)(=O)Oc2ccccc2)C1,3.065279
598,DECOY_0109,CCS(=O)(=O)NCCNC(=O)NC[C@@H](O)c1ccc(OC(F)(F)F)cc1,5.9549093
599,DECOY_0110,Nc1n[nH]cc1S(=O)(=O)N1CC[N@H+]2CCCC[C@@H]2C1,1.6539255
600,DECOY_0111,Cc1c(Cl)cc(S(=O)(=O)N[C@H]2CCCNC2=O)cc1[N+](=O)[O-],6.619499
601,DECOY_0112,CC[C@@H](CO)NS(=O)(=O)c1cc(C(=O)[O-])n(C2CC2)c1,5.164177
602,DECOY_0113,CS(=O)(=O)[C@@H]1NN[C@H](CCCNS(=O)(=O)c2ccc3nc([O-])oc3c2)O1,5.117159
603,DECOY_0114,C[C@H](CNC(=O)[C@H]1CCCN(S(=O)(=O)c2ccc3[nH]c(=O)ccc3c2)C1)c1ccccc1,7.262307
604,DECOY_0115,C[C@@H](NS(=O)(=O)c1c(N)cc(Br)cc1Br)c1cccnc1,5.035177
605,DECOY_0116,CC(C)N1CCN(S(=O)(=O)c2ccc(NN)nc2)CC1,4.540929
606,DECOY_0117,C[C@H](NS(=O)(=O)c1cc([N+](=O)[O-])ccc1N)c1ccsc1,3.3076675
607,DECOY_0118,Cc1n[nH]c(C)c1S(=O)(=O)NC[C@@H]1CN(c2ccc(Cl)cc2)C(=O)O1,3.4409451
608,DECOY_0119,CC(C)NC(=O)NNC(=O)c1cc(S(=O)(=O)N2CCSCC2)c[nH]1,4.954891
609,DECOY_0120,CCCn1cc(S(=O)(=O)N2CCO[C@@H](C[NH3+])C2)nc1C,3.564152
610,DECOY_0121,Cc1ccc2cc(CNS(=O)(=O)c3c(C)n[nH]c3C)c(=O)[nH]c2c1C,3.2855573
611,DECOY_0122,O=C([O-])c1cc(S(=O)(=O)/N=c2/[nH]c(C3CC3)cs2)c[nH]1,4.7935967
612,DECOY_0123,Nc1ccc2c(c1)S(=O)(=O)N(CCn1cccn1)C2=O,5.341225
613,DECOY_0124,Cc1noc(C)c1S(=O)(=O)N1CC[NH+]([C@H](C)C(N)=O)CC1,1.1941612
614,DECOY_0125,CN(CCCn1cccn1)C(=O)[C@@]12C[NH2+]C[C@@H]1CN(S(C)(=O)=O)C2,1.1119864
615,DECOY_0126,N#CC1(NS(=O)(=O)c2cn[nH]c2)CCCC1,4.270677
616,DECOY_0127,CCS(=O)(=O)NCCCNC(=O)Cn1c([S-])nnc1-c1ccc(C)cc1,5.8764024
617,DECOY_0128,CCN(CC)S(=O)(=O)c1ccc2[nH]c(=O)cc(C(=O)N(C)[C@H]3CCS(=O)(=O)C3)c2c1,3.166318
618,DECOY_0129,Cc1cc(CS(=O)(=O)NC[C@H](O)c2ccc(N)cc2)no1,5.3942127
619,DECOY_0130,O=C(NCCc1n[nH]c(=S)n1C1CC1)C1=CN2CCS(=O)(=O)N=C2C=C1,4.9525123
620,DECOY_0131,C[C@H](NS(=O)(=O)c1cccc2c1CCNC2)[C@H]1CCCO1,4.5499487
621,DECOY_0132,COc1cc(NC(=O)[C@H]2CC=CC[C@@H]2C(=O)[O-])ccc1NS(C)(=O)=O,6.91138
622,DECOY_0133,CC(=O)c1cn(CCC(C)C)c(=O)c(C2=NS(=O)(=O)c3cc(N=[S@@](C)(=O)[O-])ccc3[N-]2)c1[O-],8.174822
623,DECOY_0134,O=[N+]([O-])c1ccc(O)c([C@H]2Nc3ccc(S(=O)(=O)NC4CCCCC4)cc3[C@@H]3C=CC[C@@H]23)c1,5.9763694
624,DECOY_0135,CCN(CC)S(=O)(=O)c1ccc(C)c(NC(=O)C2=NN([C@H]3CCS(=O)(=O)C3)C(=O)CC2)c1,6.267415
625,DECOY_0136,Cc1ccc(N)cc1S(=O)(=O)N1CCC[C@@H]1c1ccc[nH]1,0.07159885
626,DECOY_0137,NC(=O)CN(CC(N)=O)S(=O)(=O)c1ccsc1C(=O)[O-],4.3391604
627,DECOY_0138,C[C@H](NS(=O)(=O)c1cc(N)c(F)cc1Cl)c1ccccn1,4.925109
628,DECOY_0139,CCN(CCC[NH2+][C@H](C)C(=O)NCCC(C)C)S(C)(=O)=O,5.224069
629,DECOY_0140,Cc1[nH]ncc1S(=O)(=O)/N=c1/cccc(/C=C/C(=O)[O-])[nH]1,6.8573666
630,DECOY_0141,NC(=O)CN([C@@H]1CC[NH2+]C1)S(=O)(=O)C1CCS(=O)(=O)CC1,5.22382
631,DECOY_0142,C[C@@H](NS(=O)(=O)c1c(N)nc2sccn12)C(N)=O,5.9843187
632,DECOY_0143,CO[C@@H]1CCC[C@H]1NS(=O)(=O)c1c(N)nc2sccn12,4.168304
633,DECOY_0144,C[C@H]1CC=C(NS(=O)(=O)Cc2ccc(F)cc2)C(=O)N1CC(=O)NC[C@@H]1CCc2[nH]ncc2C1,3.9758658
634,DECOY_0145,C[NH2+]CCNS(=O)(=O)c1cn(C)c(=O)n(C)c1=O,4.879447
635,DECOY_0146,Cc1cc(NS(=O)(=O)c2ccc3c(c2)NC(=O)CO3)nn1C,3.7864885
636,DECOY_0147,COc1cc(OC)c(NS(=O)(=O)c2c(C)cc(C)c(N=[S@@](C)(=O)[O-])c2C)c(C(=O)[O-])c1,3.453309
637,DECOY_0148,Cn1ccc(NS(=O)(=O)c2c(Br)cc(N)cc2Br)n1,6.2972093
638,DECOY_0149,C[C@@H](NS(=O)(=O)c1ccccc1C#CCO)c1nnn[n-]1,0.026714306
639,DECOY_0150,CN1CCN(S(=O)(=O)c2ccc3[nH]c(=O)[nH]c(=O)c3c2)[C@H](c2ccccc2)C1,6.24659
640,DECOY_0151,CSCC[C@@H]([NH3+])/C([O-])=N/S(=O)(=O)OC[C@@H]1O[C@@H](N2C=NC3=C([NH3+])NC=N[C@@H]32)[C@@H](O)[C@H]1O,6.5319686
641,DECOY_0152,Cc1ccc(N)c(S(=O)(=O)N[C@H](C)c2ccncc2)c1C,5.447268
642,DECOY_0153,C[C@H](C[NH3+])CN1CCCN(S(=O)(=O)CCS(C)(=O)=O)CC1,2.9796712
643,DECOY_0154,C[C@H]1CCCN(S(=O)(=O)c2ccc3[nH]c(=O)cc(C(=O)NCCC4=CCCCC4)c3c2)C1,6.445803
644,DECOY_0155,COC[C@@H](O)CN(C)S(=O)(=O)c1c(NN)nc2sccn12,4.5347857
645,DECOY_0156,CC[C@H](C)NC(=O)[C@H]1CCCN(S(=O)(=O)c2cc3c(cc2C)NC(=O)[C@@H](CC)O3)C1,6.7761517
646,DECOY_0157,CCS(=O)(=O)N(C)CCC[NH2+]Cc1cn(C)c(=O)n(C)c1=O,5.134549
647,DECOY_0158,CCS(=O)(=O)NC1CCN(C(=O)Cn2cc(N)cn2)CC1,5.789616
648,DECOY_0159,CC[NH+]1CCN(C(=O)CC2CCN(S(=O)(=O)N(C)CCC#N)CC2)CC1,3.9859
649,DECOY_0160,CC1(C)C[C@H]1NS(=O)(=O)c1c(N)nc2sccn12,2.7259507
650,DECOY_0161,Nc1cc(Br)c(S(=O)(=O)N2CCC(CO)CC2)c(Br)c1,7.479546
651,DECOY_0162,CNS(=O)(=O)c1cccc([C@@H](C)NC(=O)[C@H]2C[C@@H]2c2ccccc2F)c1,5.5740113
652,DECOY_0163,CC[NH2+][C@](C)(CN1CCN(S(C)(=O)=O)CC1)C(=O)[O-],0.30948442
653,DECOY_0164,Cc1cc([C@@H](C)NS(=O)(=O)c2c(N)cccc2Cl)c(C)o1,1.2579781
654,DECOY_0165,CN(c1ccccc1)S(=O)(=O)c1c(NN)nc2sccn12,5.6695375
655,DECOY_0166,CC(=O)N1CCN(S(=O)(=O)c2[nH]ncc2C(=O)[O-])CC1,5.8358955
656,DECOY_0167,Cc1ccc(N)c(C)c1S(=O)(=O)N[C@H](C)c1cccnc1,4.117508
657,DECOY_0168,Cn1cc(S(=O)(=O)N[C@@H]2CCC[C@H]2C(N)=S)cn1,6.8128834
658,DECOY_0169,CN([C@H]1CCSC1)S(=O)(=O)c1cccnc1NN,1.3329026
659,DECOY_0170,CC(C)(C)NS(=O)(=O)c1ccc2c(c1)[C@@H]1C=CC[C@H]1[C@H](c1ccc(O)cc1O)N2,6.4118557
660,DECOY_0171,Cc1n[nH]c(C)c1S(=O)(=O)NCCc1nn2c(C3CC3)nnc2s1,2.8521776
661,DECOY_0172,C[C@H](NS(=O)(=O)c1cc(N)c(F)cc1F)c1nncn1C,4.770544
662,DECOY_0173,Cc1ccc[nH]/c1=N\S(=O)(=O)c1cnn(CCC(=O)[O-])c1,4.999636
663,DECOY_0174,Nc1cc(Br)c(S(=O)(=O)N[C@@H]2CCCC[C@@H]2O)c(Br)c1,6.44539
664,DECOY_0175,Cc1n[nH]c(C)c1NS(=O)(=O)c1cc(Cl)sc1Cl,2.786454
665,DECOY_0176,CON(C(=O)[C@H]1CC(S(=O)(=O)c2ccccc2)=C2Nc3ccccc3C[N@H+]21)S(=O)(=O)C(C)C,1.4758463
666,DECOY_0177,C[C@@H](C1CC1)N(C)S(=O)(=O)c1ccc(N)cc1F,1.7167753
667,DECOY_0178,COC(=O)[C@@H](CO)NC(=O)CCCc1cn(S(=O)(=O)c2cccs2)c2ccccc12,4.121782
668,DECOY_0179,Cn1cc(S(=O)(=O)N(CC(N)=O)C2CC[NH2+]CC2)cn1,4.817466
669,DECOY_0180,CCOC(=O)NC(=O)c1c(NC(=O)[C@H]2CCCN2S(=O)(=O)c2cccs2)sc2c1CC[C@@H](C)C2,3.0918279
670,DECOY_0181,Cc1ccc(-c2nnc(Nc3ccc4c(c3)OCO4)c3ccccc23)cc1S(=O)(=O)NCCO,6.629857
671,DECOY_0182,C[C@@H]1CCC[C@H](NS(=O)(=O)c2c(NN)nc3sccn23)C1,5.196129
672,DECOY_0183,Cc1ccc(S(=O)(=O)Nc2cc([N+](=O)[O-])ccc2NCCO)cc1C(=O)[O-],4.993696
673,DECOY_0184,C[C@H]1CCCCN1S(=O)(=O)Nc1cccc(C#CC[NH3+])c1,2.0842364
674,DECOY_0185,CCOC(=O)N1CCN(S(=O)(=O)N[C@@H]2CCCCNC2=O)CC1,3.9868891
675,DECOY_0186,Cc1nn(C)c(C)c1S(=O)(=O)N[C@]1(C(=O)[O-])CCSC1,2.0109415
676,DECOY_0187,Cn1cnc(S(=O)(=O)N2CCC[C@H](C(=O)NCC[NH3+])C2)c1,4.53471
677,DECOY_0188,Cc1noc(C)c1S(=O)(=O)N1CCN(Cc2nc(N)nc(N(C)C)n2)CC1,3.725223
678,DECOY_0189,O=C1NCCC[C@@H]1NS(=O)(=O)c1cn[nH]c1,6.3038397
679,DECOY_0190,O=C1CN(C(=O)C2=NC=C(S(=O)(=O)N3CCNC(=O)C3)C2)CCN1,4.7783694
680,DECOY_0191,C[C@H]1C[C@H](C)CN(S(=O)(=O)N2CCC[C@H](CO)C2)C1,0.9812294
681,DECOY_0192,Cc1cc[nH]/c(=N\S(=O)(=O)c2c[nH+][nH]c2N)c1,5.23274
682,DECOY_0193,CCN(CC)S(=O)(=O)c1ccc2[nH]c(=O)cc(C(=O)N3CCC4(CC3)NC(=O)NC4=O)c2c1,4.516126
683,DECOY_0194,CS(=O)(=O)NNC(=O)[C@H](O)[C@@H](O)C(=O)NN=[S@@](C)(=O)[O-],6.682313
684,DECOY_0195,O=C([O-])CN([C@H]1CCS(=O)(=O)C1)S(=O)(=O)c1ccc2c(c1)=[NH+]C(=O)[NH+]=2,5.8166575
685,DECOY_0196,CN(C)c1ccc(S(=O)(=O)N(C)C)cc1NC(=O)C1=NN([C@H]2CCS(=O)(=O)C2)C(=O)CC1,7.01025
686,DECOY_0197,CC(=O)NCc1ccc(S(=O)(=O)Nc2cc3c(cc2C(=O)[O-])OCCCO3)s1,4.2964873
687,DECOY_0198,CCC[NH2+][C@@](C)(CCN1CCN(S(C)(=O)=O)CC1)C(=O)[O-],3.3604097
688,DECOY_0199,Nc1ncccc1S(=O)(=O)N1CCC[C@H]1CCCO,3.0340846
689,DECOY_0200,C[NH+](C)CCCN(CCC#N)C(=O)CNC1=NS(=O)(=O)c2ccccc21,5.4055824
690,DECOY_0201,CCNc1ncccc1S(=O)(=O)N[C@]1(C)CCS(=O)(=O)C1,4.0020647
691,DECOY_0202,COCCCn1c(SCC(=O)N2CCN(S(C)(=O)=O)CC2)nc2cc(C(=O)[O-])ccc2c1=O,5.6365957
692,DECOY_0203,Cc1ccc([C@@H]([NH3+])CN2CCN(S(C)(=O)=O)CC2)c(C)c1,0.6912654
693,DECOY_0204,Cc1cc(CS(=O)(=O)N2CCC[C@](C)(C(=O)[O-])C2)no1,4.0877733
694,DECOY_0205,C[C@@H](NC(=O)c1cc(S(=O)(=O)N[C@H](C)[C@@H]2CCCO2)c[nH]1)[C@@H]1CCCO1,4.8694754
695,DECOY_0206,CS(=O)(=O)N(CCC#N)Cc1ccc(/C=C2/C(=O)NC(=O)N(C3CCCC3)C2=O)o1,6.4407973
696,DECOY_0207,CC[C@H]1CC[C@H](NS(=O)(=O)c2ccc(N)cc2C#N)CC1,5.326669
697,DECOY_0208,Cc1[nH]ncc1S(=O)(=O)NC1(/C(N)=N/O)CCCCCC1,0.24010424
698,DECOY_0209,C[C@H](C(=O)Nc1sc2c(c1C(N)=O)CCC2)[N@H+]1CC[C@H](NS(C)(=O)=O)CC1,6.793189
699,DECOY_0210,NNc1ccc(S(=O)(=O)N(CCO)C2CCCCC2)cn1,1.402386
700,DECOY_0211,CO[C@H]1CCC[C@@H]1NS(=O)(=O)c1cc(Cl)ccc1N,3.6705487
701,DECOY_0212,CS(=O)(=O)N1CCN(CC[NH2+][C@@H]2CCS(=O)(=O)C2)CC1,1.866164
702,DECOY_0213,CC(C)S(=O)(=O)N([O-])C(=O)[C@H]1C[C@@H](c2ccccc2O)C2=[N+]1Cc1ccccc1N2,4.0269017
703,DECOY_0214,CC(C)C[C@@H]1Nc2cc(NS(=O)(=O)N(C)C)cc(C(=O)NC[C@@H]3C=c4ccccc4=[NH+]3)c2N1C,6.4834046
704,DECOY_0215,[NH3+]C[C@@H]1CCN(S(=O)(=O)c2ccc(C(=O)[O-])s2)C1,4.836749
705,DECOY_0216,C[C@H]1CC(=O)Nc2c1c(NC(=O)C1CCN(S(C)(=O)=O)CC1)nn2C,4.996368
706,DECOY_0217,NS(=O)(=O)CCNC(=O)NCC1(CC(=O)[O-])CCCCC1,7.1985836
707,DECOY_0218,C[C@@H](CO)NS(=O)(=O)c1cc(C(=O)[O-])sc1Br,6.3299522
708,DECOY_0219,CCO[C@@H]1CN(c2cc(C)ccc2NS(=O)(=O)[O-])CCN1,5.1560802
709,DECOY_0220,CC(C)(C)NC(=O)CN1C(=O)c2ccc(N)cc2S1(=O)=O,5.405369
710,DECOY_0221,CN(C[C@H]1CCCCO1)S(=O)(=O)c1cc(F)ccc1N,1.4096878
711,DECOY_0222,C[C@@H](NS(=O)(=O)c1cc(Br)cnc1N)c1ccccc1Cl,5.551293
712,DECOY_0223,CC[N@@H+](C)CCNS(=O)(=O)c1cc(Br)cnc1NN,4.8840203
713,DECOY_0224,Cc1ccc(-c2c(C)nn3c2NC(=O)CCC3=O)cc1S(=O)(=O)NCc1ccc2c(c1)OCO2,6.5507164
714,DECOY_0225,CN(Cc1nc(N)cc(SCC(=O)[O-])n1)S(=O)(=O)c1ccccc1,6.512738
715,DECOY_0226,NC(=S)CCN(C1=NS(=O)(=O)c2ccccc21)C1CC1,3.343623
716,DECOY_0227,CC[C@@H](C)NC(=O)CCNS(=O)(=O)CC[C@H]1CCCC[NH2+]1,5.8637056
717,DECOY_0228,Cc1noc(CNS(=O)(=O)C[C@@H]2CCC[NH2+]C2)n1,4.9632187
718,DECOY_0229,CC(C)[C@@H](NC(=O)C1CCN(S(=O)(=O)c2cc(C(N)=O)n(C)c2)CC1)c1ccc(Cl)cc1,8.034407
719,DECOY_0230,CCCCS(=O)(=O)Nc1sc2c(c1C(N)=O)CCCC2,5.7951303
720,DECOY_0231,COC(=O)C1CCN(S(=O)(=O)N[C@H]2CCC[C@H]2[NH3+])CC1,5.5443497
721,DECOY_0232,CCCN(CCO)S(=O)(=O)c1cc(N)cc(C)c1C,0.4435224
722,DECOY_0233,Cc1noc(C)c1S(=O)(=O)NC(C)(C)C(N)=S,1.9639994
723,DECOY_0234,CC(C)NS(=O)(=O)c1cc(NC/C=C/c2ccco2)cc(C(=O)N[C@H]2CCCCNC2=O)c1,5.9618115
724,DECOY_0235,Nc1nc2sccn2c1S(=O)(=O)N1CCn2cc[nH+]c2C1,5.245191
725,DECOY_0236,Cc1n[nH]c(C)c1NS(=O)(=O)c1ccc(C(=O)[O-])s1,4.7530274
726,DECOY_0237,CS(=O)(=O)N1CCN(C(=O)CN2C(=O)NC3(CCCC3)C2=O)CC1,6.250991
727,DECOY_0238,C[C@H](CNS(=O)(=O)c1cc(Br)cnc1N)C[NH+]1CCCC1,2.9599385
728,DECOY_0239,C[C@H](CN(C)S(=O)(=O)c1c(F)cc(F)cc1F)/C(N)=N/O,6.23525
729,DECOY_0240,CC(C)NS(=O)(=O)Cc1ccc(CNC(=O)[C@@H]2CS[C@@H](Cc3ccc(F)cc3)C(=O)N2)cc1,5.1935577
730,DECOY_0241,C[C@H](NS(=O)(=O)c1cnc(Cl)s1)c1nnn[n-]1,0.0025552404
731,DECOY_0242,NS(=O)(=O)NC[C@@H]1CCCN(S(=O)(=O)CCCCl)C1,5.4925547
732,DECOY_0243,O=[P@]([O-])(O)C(C[n+]1cccc(S(=O)(=O)N2CCCC2)c1)[P@@](=O)([O-])O,8.231855
733,DECOY_0244,C[C@H](NS(=O)(=O)c1c(N)nc2sccn12)c1nncn1C,2.5003867
734,DECOY_0245,COC[C@H](O)CN(C)S(=O)(=O)c1cc(N)cc(Cl)c1F,5.185265
735,DECOY_0246,[NH3+][C@@H]1CCCC[C@@H]1NS(=O)(=O)c1c[nH]c(C(=O)[O-])c1,5.6654
736,DECOY_0247,CS(=O)(=O)[C@H]1NN[C@H](CNS(=O)(=O)c2ccc3nc([O-])oc3c2)O1,5.2273293
737,DECOY_0248,CCCNc1ncc(Br)cc1S(=O)(=O)NCCC[NH+](C)C,5.084361
738,DECOY_0249,CCN1[C@@H](C[NH3+])CN(c2cc(C)ccc2C)S1(=O)=O,6.0233765
739,DECOY_0250,CCOC(=O)C[C@H]1CNC(=O)CN1C(=O)CN1C(=O)c2ccccc2S1(=O)=O,1.3152049
740,DECOY_0251,O=C1CSC(=O)N1[C@@H]1CCCC[C@H]1NS(=O)(=O)c1ccc2nc([O-])oc2c1,5.797829
741,DECOY_0252,Nc1cc(Sc2n[nH]c(=O)n2C2CC2)cc(S(N)(=O)=O)c1,5.126817
742,DECOY_0253,C[C@@H](NS(=O)(=O)c1cc(N)c(F)cc1Cl)[C@H]1CCCO1,4.0967293
743,DECOY_0254,C[C@H](NC(=O)CN(CC(=O)N[C@H](C)C1CC1)S(C)(=O)=O)C1CC1,5.256799
744,DECOY_0255,CN/C([O-])=C(\C#N)C(=O)[C@@H]1CCCN(C2=NS(=O)(=O)c3ccccc32)C1,5.409702
745,DECOY_0256,Cc1[nH]c(=O)sc1S(=O)(=O)N[C@H]1CCCC[C@@H]1C,0.77366483
746,DECOY_0257,Cc1cc(NC(=O)N2CCN(S(=O)(=O)[C@@H]3CCS(=O)(=O)C3)CC2)no1,6.0299644
747,DECOY_0258,CCN(CC)C(=O)CC[C@@H]1CNC(=O)[C@@H]2C[C@H](NS(C)(=O)=O)C[N@@H+]12,6.29283
748,DECOY_0259,Cc1ccc(S(=O)(=O)N2CCC(C(=O)NNS(=O)(=O)c3ccc(F)c(C(=O)[O-])c3)CC2)cc1,7.172533
749,DECOY_0260,Cc1[nH]c(=O)sc1S(=O)(=O)NC[C@H]([NH3+])CC(C)C,4.6281524
750,DECOY_0261,CN(C)S(=O)(=O)N1CCN(C(=O)[C@@H]2C[NH2+]CCO2)CC1,1.6101717
751,DECOY_0262,CCOCCS(=O)(=O)N[C@]1(/C(N)=N/O)CC[C@@H](C)CC1,6.497509
752,DECOY_0263,CCOC(=O)c1c(S(=O)(=O)N2CCC(C(=O)NC[C@@H]3CCCO3)CC2)c(C)n(C)c1C,3.180155
753,DECOY_0264,Cc1ccc/c(=N/S(=O)(=O)c2ccc(CC[NH3+])s2)[nH]1,3.2528067
754,DECOY_0265,CN1C(=O)[C@H]2CN(S(=O)(=O)c3c[nH]cn3)N[C@@H]2N(C)C1=O,1.9693153
755,DECOY_0266,CC(C)[C@@H](C(=O)NCCCS(N)(=O)=O)N1C[C@@H](C)O[C@H](C)C1,5.2554927
756,DECOY_0267,Cc1[nH]c(=O)sc1S(=O)(=O)N[C@H]1CC[C@H](C(=O)[O-])CC1,5.1881666
757,DECOY_0268,Cc1cc(N2CCN(S(=O)(=O)c3c[nH]c4ncccc34)CC2)nc(N)n1,4.511882
758,DECOY_0269,CCNC(=O)[C@@H]1C[C@H]([NH3+])CN1S(=O)(=O)c1ccc(-c2ccno2)o1,6.0612936
759,DECOY_0270,CO[C@@H]1CCC[C@@H]1NS(=O)(=O)c1ccc(N)cc1C#N,3.3237529
760,DECOY_0271,Cc1ccc(/C=C/S(=O)(=O)NC/C([O-])=N/c2nc(-c3ccccn3)n[nH]2)cc1,6.501357
761,DECOY_0272,O=C(c1ccc(-n2cnnn2)cc1)N1CCN(S(=O)(=O)c2ccc(Br)s2)CC1,6.968608
762,DECOY_0273,Cc1n[nH]c(C)c1S(=O)(=O)N[C@@H]1CCCc2c1cnn2C,0.9039223
763,DECOY_0274,CC(C)C[C@H]1[NH2+]C2(CCN(S(=O)(=O)c3cccc(Cl)c3)CC2)N(Cc2ccc(F)cc2)C1=O,5.2422423
764,DECOY_0275,C[C@H]1CN(S(=O)(=O)CCNC(=O)[C@@H]2C=CC=NC2=S)C[C@H](C)O1,5.207122
765,DECOY_0276,C[C@H](C(=O)[O-])S(=O)(=O)N1CCC[C@H](CNS(N)(=O)=O)C1,7.2581053
766,DECOY_0277,COCCOC(=O)c1c(C)[nH]c(C(=O)NCCS(=O)(=O)N2CCN(c3cccc[nH+]3)CC2)c1C,5.048752
767,DECOY_0278,CCN(CC)S(=O)(=O)c1ccc(=O)n(CC(=O)NCCCN2CCCC2=O)c1,5.6319423
768,DECOY_0279,CN(CC1CCC1)S(=O)(=O)c1c(Cl)cc(N)cc1Cl,4.1494513
769,DECOY_0280,C[C@H](O)CNC1=NS(=O)(=O)c2ccccc21,3.797361
770,DECOY_0281,CCS(=O)(=O)N(C)[C@H]1CC[N@H+](Cn2nc(C3CC3)n(C)c2=S)CC1,0.96631306
771,DECOY_0282,C[C@@H](NC(=O)N[C@@H]1CCCN(S(C)(=O)=O)C1)c1ccc2c(c1)CC(=O)N2,6.01505
772,DECOY_0283,Cn1cc(S(=O)(=O)N[C@H]2CCCNC2=O)cc1C(=O)[O-],6.0501585
773,DECOY_0284,C[N@H+]1CCC[C@@H](CNS(=O)(=O)c2cc(N)cc(Cl)c2F)C1,5.006512
774,DECOY_0285,C[C@@H](O)CNC1=NS(=O)(=O)c2cc(N(C)C)ccc2N1,5.255379
775,DECOY_0286,N#CC1=C(N)N=N[C@H]1CCCNS(=O)(=O)c1ccc(Br)c(C(=O)[O-])c1,6.0179095
776,DECOY_0287,Cc1[nH]c(=O)[nH]c(=O)c1S(=O)(=O)N1CCN(C(=O)[C@@H]2C=C(c3cccs3)N=N2)CC1,7.5114946
777,DECOY_0288,C[N@@H+](CCCNS(=O)(=O)c1c[nH]nc1N)C1CCCCC1,4.2579603
778,DECOY_0289,O=C(c1ccc2c([O-])[nH]c(=S)nc2c1)N1CCC(NS(=O)(=O)c2ccc(F)cc2)CC1,7.3100986
779,DECOY_0290,COC(=O)CS(=O)(=O)N[C@H](C(N)=S)C1CCCCC1,5.999976
780,DECOY_0291,CN(Cc1ccsc1)S(=O)(=O)c1c(NN)nc2sccn12,5.7684712
781,DECOY_0292,CCS(=O)(=O)N(C)[C@H]1CC[N@H+](Cc2cc(Br)ccc2F)CC1,1.80196
782,DECOY_0293,CN(C)S(=O)(=O)c1cc(NCc2ccc(-c3ccco3)cc2)cc(C(=O)N2CCC[C@@H](C(N)=O)C2)c1,7.168398
783,DECOY_0294,Cc1cccc(CN(C)S(=O)(=O)c2ccnc(NN)c2)c1,5.5678406
784,DECOY_0295,C[C@@H]1CC(=O)Nc2cc(S(=O)(=O)NCCO)ccc2O1,6.364198
785,DECOY_0296,CC[N@@H+](C)CCNS(=O)(=O)c1c(NN)nc2ccccn12,4.2792783
786,DECOY_0297,CS(=O)(=O)N[C@H]1CCC[N@@H+](C[C@H](O)COCc2ccccc2Cl)C1,6.514051
787,DECOY_0298,CN(C)S(=O)(=O)c1ccc(CNS(=O)(=O)c2cn(C)c(=O)n(C)c2=O)s1,7.0049376
788,DECOY_0299,Cn1cc(S(=O)(=O)NC[C@@H]2CCCO2)c(N)n1,3.2156432
789,DECOY_0300,Cc1n[nH]c(C)c1S(=O)(=O)NCCOc1ccccc1N,5.974827
790,DECOY_0301,CC[C@H](C)[C@H](NS(=O)(=O)C1=CCS(=O)(=O)C1)c1nnc(S(C)(=O)=O)o1,3.9767528
791,DECOY_0302,CCCc1nc(C)c2c(=O)[nH]c(-c3cc(S(=O)(=O)N4CCN(CCO)CC4)ccc3OCC)nn12,6.7309546
792,DECOY_0303,O=S(=O)(NCc1nc[nH]n1)c1cnc(Cl)s1,7.5360737
793,DECOY_0304,C[C@@H]1CCCN(S(=O)(=O)NC2(C[NH3+])CCCCC2)C1,0.5576142
794,DECOY_0305,Cc1nc(C2([NH3+])CCN(S(=O)(=O)N(C)C)CC2)no1,0.13691242
795,DECOY_0306,Cn1cc(S(=O)(=O)NCC[C@@H]2CNc3ccccc32)cn1,4.9914994
796,DECOY_0307,CCN(CC)S(=O)(=O)N1CCN(C(=O)[C@@H]2C=c3ccccc3=[NH+]C2=O)CC1,5.133024
797,DECOY_0308,C[C@H](NC1=NS(=O)(=O)c2ccccc21)C(=O)NNC(=O)c1cc2c(s1)CCCC2,5.9183574
798,DECOY_0309,O=S1(=O)CC[C@@H](S(=O)(=O)NCc2nnc(S(=O)(=O)Cc3c(F)cccc3Cl)o2)C1,6.809458
799,DECOY_0310,O=C(Cn1ccc(=O)[nH]c1=O)N1CCN(S(=O)(=O)c2ccc(Br)s2)CC1,6.788178
800,DECOY_0311,O=S1(=O)CC[C@H](S(=O)(=O)NC[C@H](c2ccc3c(c2)OCO3)S(=O)(=O)c2cccs2)C1,5.6991277
801,DECOY_0312,N#C[C@@H](C(=O)COC(=O)[C@@H]1C[C@H](O)CN1S(=O)(=O)c1ccccc1[N+](=O)[O-])c1nc2ccccc2[nH]1,1.0351588
802,DECOY_0313,CS(=O)(=O)NC1CCN(C(=O)[C@H]2C[NH2+]CCO2)CC1,4.162554
803,DECOY_0314,CO[C@@H]1CCC[C@H]1NS(=O)(=O)c1c(N)cccc1F,3.6587548
804,DECOY_0315,Cc1cccc(CN(C2CC2)S(=O)(=O)c2c[nH]nc2N)c1,3.5709257
805,DECOY_0316,Cn1cc(S(=O)(=O)N2CC[NH+](CC3CC3)CC2)c(=O)n(C)c1=O,6.385248
806,DECOY_0317,Cc1ccc(NC(=O)NC(=O)COC(=O)[C@@H](C)NC2=NS(=O)(=O)c3ccccc32)c(C)c1,5.7292256
807,DECOY_0318,COCC[C@@H](NS(=O)(=O)c1c[nH]c2ncccc12)C(=O)[O-],3.590425
808,DECOY_0319,Cc1cccc(N)c1S(=O)(=O)NCC[C@H]1CCCO1,3.9454691
809,DECOY_0320,O=C1CCN(c2ccc(S(=O)(=O)N3CCCCC3)cc2C(=O)[O-])CCN1,6.4774046
810,DECOY_0321,CCN(Cc1ccccc1C#N)S(=O)(=O)c1c[nH]nc1N,2.8378472
811,DECOY_0322,COc1ccc([C@H](CC(=O)[O-])NS(=O)(=O)c2ccc3[nH]c(=O)[nH]c3c2)cc1OC,6.4258866
812,DECOY_0323,C[C@H]1CCC[C@](CO)(NS(=O)(=O)c2c[nH]c(C(=O)[O-])c2)C1,4.075839
813,DECOY_0324,C[C@@H]1CN(S(=O)(=O)N[C@@H](C)c2nnn[n-]2)C[C@@H](C)O1,0.012404867
814,DECOY_0325,CCN(CC)C(=O)C[N@@H+]1CCCN(S(=O)(=O)c2ccc3c(c2)NC(=O)CO3)CC1,7.1889114
815,DECOY_0326,CC(C)CN(CC(N)=O)S(=O)(=O)c1c(Cl)cc(N)cc1Cl,6.053201
816,DECOY_0327,CCc1ccc(N)cc1S(=O)(=O)N[C@H]1CC[N@H+](C)CC1,5.1413035
817,DECOY_0328,C[C@H]1CCC[C@H](C)N1S(=O)(=O)c1cc(Br)cnc1NN,0.49264503
818,DECOY_0329,O=c1[nH]c(CNc2cc(S(=O)(=O)N3CCOCC3)ccc2NC[C@@H]2CCCO2)nc2ccccc12,6.2461133
819,DECOY_0330,COCCNC(=O)NNS(=O)(=O)c1cc(C(=O)[O-])ccc1C(C)C,5.914499
820,DECOY_0331,C[N@@H+]1CC[C@H](NS(=O)(=O)c2cnc(NN)nc2)C1,4.824127
821,DECOY_0332,Cc1nc(N(CC(=O)O[C@H]2C[C@H](C)CC[C@@H]2C(C)C)S(=O)(=O)c2cc([N+](=O)[O-])ccc2N)c(C)n1N,0.16964172
822,DECOY_0333,CCn1nc(C)c(CCN(C)c2ccc(C(=O)[O-])cc2NS(=O)(=O)c2cc(F)ccc2C)c1C,3.8934257
823,DECOY_0334,Cc1cc(Cl)c(C)c(S(=O)(=O)NC[C@@H]2CCC[NH2+]2)c1Cl,4.651066
824,DECOY_0335,CN(C)S(=O)(=O)c1ccc(NCCCCC[C@@H]2N=NC(N)=C2C#N)c(C(=O)[O-])c1,6.418096
825,DECOY_0336,[NH3+][C@@H]1CCC[C@H]1NS(=O)(=O)c1c[nH]c2ncccc12,2.1893325
826,DECOY_0337,COc1ccccc1Nc1nc(N)nc(COC(=O)c2ccc(S(=O)(=O)NC3CC3)o2)n1,5.1033497
827,DECOY_0338,Nc1cc(Cl)cc(S(=O)(=O)NC[C@@H]2COCCO2)c1Br,4.608057
828,DECOY_0339,C=CCn1c([S-])nc2cc(C(=O)Nc3cc(S(=O)(=O)N(CC)CC)ccc3O)ccc2c1=O,4.9082003
829,DECOY_0340,Cc1cccc([N+](=O)[O-])c1S(=O)(=O)N[C@H]1CCCC[C@H]1[NH3+],0.38691097
830,DECOY_0341,CC(C)S(=O)(=O)Nc1ccc2c(c1)OCC(=O)N2,4.3362265
831,DECOY_0342,Cc1cc(C)n(CC(=O)NNC(=O)N[C@@H]2CCCN(S(C)(=O)=O)C2)n1,4.504772
832,DECOY_0343,CCn1cc(NS(=O)(=O)c2sc(=O)[nH]c2C)cn1,3.9088287
833,DECOY_0344,CNS(=O)(=O)c1cccc([C@H](C)NC(=O)Nc2ccc(F)cc2C)c1,6.939126
834,DECOY_0345,CC1=C(S(=O)(=O)N2CCc3[nH]cnc3C2)[C@H](C)NN1,1.3434544
835,DECOY_0346,Cc1ccnc(NS(=O)(=O)Cc2ccccc2C(N)=S)c1,5.0999107
836,DECOY_0347,CC(C)Oc1ccc(C#N)cc1NC(=O)NC1CCN(S(C)(=O)=O)CC1,6.706621
837,DECOY_0348,O=C(NNC(=O)[C@H]1CCCO1)c1ccc(F)c(S(=O)(=O)NC2CC2)c1,5.200842
838,DECOY_0349,Cc1ccsc1C(=O)NNS(=O)(=O)c1ccc2c(c1)NC(=O)CC(=O)N2,4.5077395
839,DECOY_0350,Cc1nn(C(F)F)c(C)c1S(=O)(=O)Nc1cnn(C)c1C(=O)Nc1cnn(C)c1C,2.805721
840,DECOY_0351,Nc1cccc(Cl)c1S(=O)(=O)NC[C@@H]1COCCO1,3.233235
841,DECOY_0352,Cc1n[nH]c(C)c1C(=O)N1CCC[C@H](CNS(N)(=O)=O)C1,6.852353
842,DECOY_0353,Cc1n[nH]c(C)c1S(=O)(=O)N1CCC[C@H](C(=O)Nc2ccccc2N2CCCC2)C1,7.229731
843,DECOY_0354,NC(=S)c1ccccc1CS(=O)(=O)NC[C@H]1CCOC1,3.3041022
844,DECOY_0355,C[C@H]1C(=O)Nc2ccc(S(=O)(=O)N3CCNC(=O)C3)cc21,6.9182024
845,DECOY_0356,CCc1ccc(N)cc1S(=O)(=O)N1CCCC[C@H]1CO,2.3943033
846,DECOY_0357,O=S(=O)(NCC[C@H]1NN[C@@H](S(=O)(=O)Cc2ccc(Cl)cc2)O1)c1ccc2nc([O-])oc2c1,6.307689
847,DECOY_0358,Cc1cc(C2CCN(S(=O)(=O)C(C)(C)C(=O)NO)CC2)ccc1-c1cccc(OCCO)n1,9.598379
848,DECOY_0359,Nc1ccc(F)c(S(=O)(=O)N2CCO[C@@H]3CCCC[C@@H]32)c1,2.917748
849,DECOY_0360,Cc1c(C(=O)[O-])sc2ncn(CC(=O)N3CCN(S(=O)(=O)c4ccc(F)cc4)CC3)c(=O)c12,6.5621734
850,DECOY_0361,C[C@H](NS(=O)(=O)c1cccc(C#CCO)c1)c1nnn[n-]1,0.067039154
851,DECOY_0362,C[C@H]1CCCC[C@@H]1CNS(=O)(=O)c1ccc(N)cc1C#N,2.2744372
852,DECOY_0363,CCOC(=O)[C@H](CCCCNS(=O)(=O)c1ccc(C)cc1)NC(=O)c1csc([C@@H]2CCC[NH2+]C2)n1,6.6979246
853,DECOY_0364,CCc1ccc(N)cc1S(=O)(=O)N[C@H]1CCCNC1=O,5.212151
854,DECOY_0365,C[C@@H]1[C@H](C)CCC[C@H]1NC(=O)CN(C)S(=O)(=O)c1cc(Br)cnc1N,3.441941
855,DECOY_0366,Cc1ccc(N2C[C@@H](C(=O)NCCS(=O)(=O)Nc3nc4c(C)cccc4s3)CC2=O)cc1C,6.573014
856,DECOY_0367,CO[C@H]1CCC[C@@H]1NS(=O)(=O)c1c(N)cccc1Cl,3.4473374
857,DECOY_0368,Cc1ccc(N)c(C)c1S(=O)(=O)N1CCC[C@H]1CCCO,1.4935954
858,DECOY_0369,COCCn1cc(NS(=O)(=O)[C@H]2CCC[NH2+]C2)cn1,5.3351955
859,DECOY_0370,Cc1cccc(N)c1S(=O)(=O)N1CCC[C@@H]1c1ccc[nH]1,0.04526032
860,DECOY_0371,N#CC1=C(N)OC2=C([C@@H]1c1ccc(O)cc1)S(=O)(=O)N(Cc1ccccc1F)c1ccccc12,5.9409723
861,DECOY_0372,O=C1N=C([O-])/C(=C\NNc2ccc([N+](=O)[O-])cc2S(=O)(=O)N2CCCCCC2)C(=O)N1,6.285284
862,DECOY_0373,CNS(=O)(=O)Cc1cccc(CNC(=O)N2CCC[C@@H](CCC(N)=O)C2)c1,8.25004
863,DECOY_0374,CC(C)S(=O)(=O)c1ccc(NS(=O)(=O)[O-])c(N2CCN[C@H](Br)C2)c1,6.9837394
864,DECOY_0375,CNC(=O)c1cc(S(=O)(=O)NC2(CO)CCCC2)cn1C,3.2662454
865,DECOY_0376,COc1ccc(S(=O)(=O)/N=C2/C=C3N(CCO)CCO[C@@]3(O)c3ccccc32)cc1[N+](=O)[O-],3.29128
866,DECOY_0377,Cc1nc(SCC(=O)N2CCN(S(=O)(=O)c3ccccc3F)CC2)[nH]c(=O)c1CCC(=O)O,6.3819265
867,DECOY_0378,Cc1n[nH]c(C)c1S(=O)(=O)NCCCn1ccnc1,6.1804333
868,DECOY_0379,COCCn1cc(NC(=O)N2CCN(S(C)(=O)=O)CC2)cn1,6.3007374
869,DECOY_0380,CNS(=O)(=O)c1cccc([C@@H](C)NC(=O)NCCNC(C)=O)c1,7.2439785
870,DECOY_0381,Cc1nc(S(=O)(=O)N2CCO[C@@H](C[NH3+])C2)cn1C,3.630374
871,DECOY_0382,Cc1ccc([C@@H](C)NS(=O)(=O)c2cccnc2NN)s1,4.480288
872,DECOY_0383,O=C([O-])c1cc(S(=O)(=O)N[C@H]2CC[N@H+](C3CC3)CC2)c[nH]1,5.714258
873,DECOY_0384,Cc1cc(C(=O)[O-])cc(S(=O)(=O)NNC(=O)c2cc([N+](=O)[O-])cn2C)c1C,5.617461
874,DECOY_0385,CCS(=O)(=O)N1CCC(NC(=O)c2nonc2N)CC1,5.3676915
875,DECOY_0386,CCN(CC)S(=O)(=O)c1cc([N+](=O)[O-])ccc1NN/C=C1/C(=O)NC(=O)N=C1[O-],6.2681627
876,DECOY_0387,[NH3+]Cc1ccccc1CS(=O)(=O)N[C@@H]1CCCNC1=O,6.942504
877,DECOY_0388,NC(=O)CN1CCC[C@H](NC(=O)CCNC2=NS(=O)(=O)c3ccccc32)C1,6.00473
878,DECOY_0389,Cn1c[nH+]cc1CN1C[C@@H](N(CCn2cccn2)S(=O)(=O)c2ccccn2)Cc2cc(C#N)ccc21,0.7589411
879,DECOY_0390,NC(=O)C[N@@H+]1CCCN(S(=O)(=O)c2cc(N)cs2)CC1,5.0472026
880,DECOY_0391,Cc1[nH]ncc1S(=O)(=O)N[C@@H](C)[C@H]1CCCC[NH2+]1,0.59027547
881,DECOY_0392,CC(C)CCn1c(=O)c(C2=NS(=O)(=O)c3cc(OCC(N)=O)ccc3[N-]2)c([O-])c2ccsc21,5.753786
882,DECOY_0393,Cn1cc(S(N)(=O)=O)c(N=[S@@](=O)([O-])CCS(C)(=O)=O)n1,6.2907557
883,DECOY_0394,CC[N@H+]1CC[C@H](N(C)S(=O)(=O)c2cn(C)c(=O)n(C)c2=O)CC1,5.4169784
884,DECOY_0395,O=S1(=O)N=C(NCCO)Nc2ccc(N3CCCCC3)cc21,4.846567
885,DECOY_0396,C[C@H]1CCCCN1S(=O)(=O)N1CCC(CC(N)=O)CC1,5.6250105
886,DECOY_0397,C[NH2+][C@H](C)c1cccc(S(=O)(=O)N[C@@H]2CCCNC2=O)c1,6.0168066
887,DECOY_0398,C[C@@]1(C(=O)[O-])CCN(C(=O)NCCNS(C)(=O)=O)C1,6.9070635
888,DECOY_0399,O=C([O-])c1ccc(S(=O)(=O)N[C@@H]2CCCNC2=O)s1,6.262372
889,DECOY_0400,Cc1ccc(C2=C[C@@H](C(=O)N3CCN(S(=O)(=O)c4c(C)[nH]c(=O)[nH]c4=O)CC3)N=N2)c(C)c1,8.614565
890,DECOY_0401,Cc1cc(CNS(=O)(=O)c2cnn(CC(=O)[O-])c2)on1,5.749485
891,DECOY_0402,C[C@@H]1C(=O)Nc2ccc(S(=O)(=O)NC[C@H](c3ccccc3)S(=O)(=O)c3cccs3)cc21,3.2040184
892,DECOY_0403,N/C(=N\O)[C@@H](NS(=O)(=O)c1ccc(Cl)s1)c1ccccc1,3.2010434
893,DECOY_0404,CSCC[C@@H](N)/C(O)=N/S(=O)(=O)OC[C@H]1O[C@@H](N2C=[NH+]C3=C(N)NC=[NH+][C@@H]32)[C@@H](O)[C@H]1O,6.042903
894,DECOY_0405,COc1ccccc1[C@@H]1C(C#N)=C(N)OC2=C1S(=O)(=O)N(Cc1ccc(F)cc1)c1ccccc12,5.4665694
895,DECOY_0406,NNc1nc2ccccc2cc1CN1CCCS1(=O)=O,5.2174845
896,DECOY_0407,Nc1csc(S(=O)(=O)N[C@H]2CC[N@H+]3CCCC[C@H]23)c1,2.8984406
897,DECOY_0408,Cn1c[nH+]cc1CN1C[C@H](N(Cc2ccsc2)S(=O)(=O)c2cccnc2)Cc2cc(C#N)ccc21,0.43727323
898,DECOY_0409,C[C@@H](C[NH+]1CCCC1)NS(=O)(=O)c1cn(C)nc1N,1.8926458
899,DECOY_0410,CN(C[C@H]1CC[N@H+](C)CC1)S(=O)(=O)c1cccnc1NN,0.8991468
900,DECOY_0411,CCNC(=O)N1CCN(S(=O)(=O)c2c(C)n[nH]c2C)CC1,0.629048
901,DECOY_0412,C[C@@H](NS(=O)(=O)c1cn(C)nc1N)[C@@H]1CCCO1,1.9974405
902,DECOY_0413,CC(C)[C@@H](NS(=O)(=O)c1ccccc1)[C@H]1[NH+]=C(c2ccc3c(c2)[nH]c(=O)c(=O)n3C(C)C)NO1,7.701799
903,DECOY_0414,COC(=O)c1sccc1S(=O)(=O)NNC(=O)NCCCn1cc[nH+]c1,5.4064126
904,DECOY_0415,Cc1c[nH]/c(=N\S(=O)(=O)Cc2ccccc2C(N)=S)s1,5.609357
905,DECOY_0416,COC(=O)C1CCN(S(=O)(=O)N[C@@H]2C[NH2+]C[C@@H]2OC)CC1,5.933674
906,DECOY_0417,C[NH+](C)CCn1cc(NC(=O)CNC2=NS(=O)(=O)c3ccccc32)cn1,5.7256722
907,DECOY_0418,Cc1ccc([N+](=O)[O-])cc1S(=O)(=O)N1CCC(C(=O)Nc2cc(C(=O)[O-])ccc2C(=O)[O-])CC1,6.8960104
908,DECOY_0419,C[NH2+][C@@](C)(CN1CCN(S(C)(=O)=O)CC1)C(N)=O,0.079989485
909,DECOY_0420,Cc1nc(S(=O)(=O)N[C@@H](C[NH3+])c2ccccc2)cn1C,5.927542
910,DECOY_0421,CCC1=C(c2ccc(C)cc2)S(=O)(=O)N=C1N1CCC(C(=O)NCc2c[nH]nc2C)CC1,6.587428
911,DECOY_0422,O=C1NCCN(S(=O)(=O)c2ccc3[nH]c(=O)oc3c2)[C@@H]1c1ccccc1Cl,3.1935117
912,DECOY_0423,COC(=O)Nc1ccc(S(=O)(=O)NNC(=O)c2c([O-])n(C)c3ccccc3c2=O)cc1,7.661544
913,DECOY_0424,CCc1noc(C[N@H+](C)CC(=O)N2CCN(S(=O)(=O)c3ccccc3C#N)CC2)n1,3.4855287
914,DECOY_0425,CC[C@H]1Oc2cc(S(=O)(=O)N3CCC[C@H](C(=O)NC(C)(C)C)C3)c(C)cc2NC1=O,6.68352
915,DECOY_0426,CCOC[C@@H](C)NS(=O)(=O)c1cc(N)c(F)cc1F,4.272052
916,DECOY_0427,CCN(CC)S(=O)(=O)c1ccc(N2CCc3c(sc4ncnc(N)c34)C2)c(C(=O)[O-])c1,6.634874
917,DECOY_0428,Cc1n[nH]c(C)c1NS(=O)(=O)N1CCC(C(=O)[O-])CC1,5.7794886
918,DECOY_0429,Cc1n[nH]c(C)c1S(=O)(=O)NC[C@H]1Oc2ccccc2N(C)C1=O,0.35322258
919,DECOY_0430,NS(=O)(=O)CCCNS(=O)(=O)N1CCC(C(=O)[O-])CC1,7.104469
920,DECOY_0431,C[C@H](NS(=O)(=O)c1[nH]ncc1C(=O)[O-])c1ccsc1,4.8333793
921,DECOY_0432,CCOC(=O)C[C@@H]1CNC(=O)CN1C(=O)CCN1C(=O)c2ccccc2S1(=O)=O,2.2480912
922,DECOY_0433,COc1ccc(-c2csc(/C(C#N)=C/Nc3ccc(S(=O)(=O)/N=C(/N)[O-])cc3)n2)cc1,4.8231187
923,DECOY_0434,C[C@H]1CCC[C@](CO)(NS(=O)(=O)c2c[nH]nc2N)C1,0.45659074
924,DECOY_0435,Cc1ccc(S(=O)(=O)NCCOc2ccccc2N)s1,4.799285
925,DECOY_0436,C[C@H](Nc1nc2ccccc2s1)C(=O)NNC(=O)[C@H]1CCCN(S(=O)(=O)c2cccs2)C1,8.607407
926,DECOY_0437,CCOc1ccccc1N/C([O-])=C(\C#N)C(=O)c1cccc(S(=O)(=O)N2CCNC(=O)C2)c1,4.766582
927,DECOY_0438,CS(=O)(=O)NC[C@H]1CCC[N@@H+](CN2C(=O)CCC2=O)C1,2.1121747
928,DECOY_0439,Cc1nn(C)c(C)c1S(=O)(=O)NC1(CO)CCCCC1,0.12598127
929,DECOY_0440,C[N@H+]1CC[C@H](N2CCN(C(=O)C3CCN(S(=O)(=O)[C@H]4C=C[C@@H]([C@@H]5C=CN=N5)O4)CC3)CC2)CC1,6.834353
930,DECOY_0441,O=S(=O)(/N=c1/cccc[nH]1)c1cncc(C#CCCO)c1,3.9373589
931,DECOY_0442,Cc1cc(N)ccc1S(=O)(=O)N1CCC[C@H]1c1ccc[nH]1,0.24167052
932,DECOY_0443,CS(=O)(=O)N1CCN([C@H](C(=O)[O-])c2c[nH]c3ccc(OCC#N)cc23)CC1,5.8163214
933,DECOY_0444,CN([C@H]1CC[N@H+](C)CC1)S(=O)(=O)c1cnc(N)nc1,3.3636243
934,DECOY_0445,Cc1noc(C)c1S(=O)(=O)N1CCC(C(=O)Nc2cc3c(cc2C(=O)[O-])OCCCO3)CC1,7.0794272
935,DECOY_0446,Cc1cc(NS(=O)(=O)c2cnc([O-])[nH]c2=O)ccc1N,5.600982
936,DECOY_0447,Cc1noc(C)c1S(=O)(=O)N1CCN(C(=O)CN2C(=O)NC3(CCCC3)C2=O)CC1,7.3045073
937,DECOY_0448,CCOc1ccc(Br)cc1S(=O)(=O)N[C@H](CCO)C(=O)[O-],4.408768
938,DECOY_0449,Nc1ncc(S(=O)(=O)N2CCCC[C@H]2CCO)cn1,3.7162657
939,DECOY_0450,CCCn1c(=O)c(=O)[nH]c2cc(C3=[NH+][C@@H]([C@H](NS(=O)(=O)c4ccccc4)C(C)C)ON3)ccc21,7.229042
940,DECOY_0451,CCN(CCCNC(=O)C1CCN(S(=O)(=O)c2c(C)[nH]c(=O)[nH]c2=O)CC1)c1cccc(C)c1,7.984544
941,DECOY_0452,O=C([O-])C1(c2ccccc2)CCN(S(=O)(=O)c2ccc3nc([O-])oc3c2)CC1,6.4943733
942,DECOY_0453,COc1ccc2c3c1O[C@H]1CC(=O)C=C[C@@]31CC[N@@H+](CCCCN1C(=O)c3ccccc3S1(=O)=O)C2,6.309168
943,DECOY_0454,C[NH2+][C@H]1CC[C@H](NS(=O)(=O)c2cn[nH]c2C)CC1,5.554831
944,DECOY_0455,C=CCNS(=O)(=O)c1ccc2c(c1)[C@H]1C=CC[C@H]1[C@@H](c1ccc(OC)c(O)c1)N2,7.047411
945,DECOY_0456,Cc1[nH]ncc1CCCNS(=O)(=O)c1ccsc1C(=O)[O-],5.553105
946,DECOY_0457,CC(C)(CCC(=O)[O-])NS(=O)(=O)c1c[nH]c2ncccc12,3.799081
947,DECOY_0458,Cc1n[nH]c(C)c1S(=O)(=O)N1CCNC(=O)C1,1.8715125
948,DECOY_0459,Cc1cc(C)n2c(CNS(=O)(=O)c3cc(C(=O)[O-])cc(C)c3C)nnc2n1,6.010351
949,DECOY_0460,Cc1noc(C)c1S(=O)(=O)N1CCC[N@H+](CCCN2C(=O)CNC2=O)CC1,6.7946687
950,DECOY_0461,C[C@@H](NS(=O)(=O)c1cc(Cl)ccc1N)[C@H]1CCCO1,2.2297575
951,DECOY_0462,CNC(=O)[C@@H](C)NC(=O)C1(NS(C)(=O)=O)CCCCC1,5.2597847
952,DECOY_0463,COc1ccccc1NS(=O)(=O)c1cccc(C(=O)NNC(=O)CN2C(=O)NC3(CCCC3)C2=O)c1,3.8153608
953,DECOY_0464,C[C@H](Cn1cccn1)NS(=O)(=O)c1cc(Cl)cc(N)c1Br,5.5644493
954,DECOY_0465,O=C(Nc1ccc(-c2nnc3n2CCCCC3)cc1)c1cc2c(s1)S(=O)(=O)N=C2[O-],6.550737
955,DECOY_0466,C[C@@]1(c2ccccc2)NC(=O)N(CC(=O)N2CCN(S(=O)(=O)c3ccccc3[N+](=O)[O-])CC2)C1=O,3.2659445
956,DECOY_0467,COc1cccc([C@@H]2C(C#N)=C(N)OC3=C2S(=O)(=O)N(Cc2ccccc2)c2ccccc23)c1OC,5.6751747
957,DECOY_0468,CCCNC(=O)[C@H](C)[N@@H+]1CCC[C@H](CNS(=O)(=O)C(C)C)C1,3.386402
958,DECOY_0469,CCS(=O)(=O)NCCCNC(=O)Nc1cccc(-c2ccc(=O)[nH]n2)c1,4.8106914
959,DECOY_0470,CCN(CC)S(=O)(=O)c1ccc(=O)n(CC(=O)NN2C(=O)N[C@](C)(CC)C2=O)c1,1.4064314
960,DECOY_0471,Cc1cc2c(cc1S(=O)(=O)N1CCC[C@H](C(=O)N3CCN(c4ccc(F)cc4)CC3)C1)OCC(=O)N2,7.4289417
961,DECOY_0472,Cc1ccc(S(=O)(=O)N2CCC3(CC2)NC(=O)NC3=O)s1,6.5033426
962,DECOY_0473,C[C@@H](O)c1ccc2c(c1)[C@H](NS(C)(=O)=O)CC(C)(C)O2,5.7051206
963,DECOY_0474,O=S(=O)([C@@H]1CCC[NH2+]C1)N1CCO[C@@H]2CCC[C@H]21,0.5778196
964,DECOY_0475,Nc1ccc(S(=O)(=O)N[C@@]2(C(F)(F)F)N=C(O)N(C3CCCC3)C2=O)cc1,3.5845218
965,DECOY_0476,Cc1nc(S(=O)(=O)N2CCC(C(=O)NC[C@H](C)[NH+](C)C)CC2)cn1C,4.102855
966,DECOY_0477,Nc1ccc(S(=O)(=O)N2CCCC[C@H]2CCO)c(F)c1,3.5518641
967,DECOY_0478,CC(C)(SC1=NS(=O)(=O)c2ccccc2[N-]1)C(=O)[O-],5.1153827
968,DECOY_0479,C[C@H]1CCCC[C@@H]1N(C)S(=O)(=O)c1cc(Br)cnc1NN,0.3541561
969,DECOY_0480,COc1ccc(C(=O)[O-])cc1S(=O)(=O)Nc1nc(-c2ccc(NS(C)(=O)=O)cc2)cs1,6.61648
970,DECOY_0481,CN(C1(C[NH3+])CCCCC1)S(=O)(=O)c1cn[nH]c1,0.0061972886
971,DECOY_0482,Cn1c[nH+]cc1CN1C[C@H](N(CCn2cccc2)S(=O)(=O)c2ccccn2)Cc2cc(C#N)ccc21,1.0215676
972,DECOY_0483,CS(=O)(=O)NCCNS(=O)(=O)c1cncc(C#CC[NH3+])c1,6.7301598
973,DECOY_0484,O=C1COc2cc(S(=O)(=O)NC[C@H]3CC[C@H](C(=O)[O-])CC3)c(Cl)cc2N1,7.045773
974,DECOY_0485,NNc1ccc(S(=O)(=O)N2CCCSCC2)cn1,4.7630544
975,DECOY_0486,Nc1ccc(S(=O)(=O)N[C@]2(C(F)(F)F)N=C([O-])N(c3cccc(Cl)c3)C2=O)cc1,6.167438
976,DECOY_0487,O=C([O-])c1ccc(S(=O)(=O)N[C@H]2CCC[C@@H](O)C2)s1,5.848013
977,DECOY_0488,CSC[C@@H](C)/C([O-])=N/S(=O)(=O)c1cc(C(N)=O)n(C)c1,2.9905958
978,DECOY_0489,CC(C)(C)[N@@H+]1CCCN(C(=O)[C@@H]2CCCCN2S(C)(=O)=O)CC1,0.61085045
979,DECOY_0490,Cc1ccc(-c2csc3ncnc(NCCCS(N)(=O)=O)c23)cc1,6.5396423
980,DECOY_0491,Cc1cc([N+](=O)[O-])c(S(=O)(=O)N[C@@H]2CCC[C@H]2[NH3+])cc1C,1.2566066
981,DECOY_0492,C[C@@H](NS(=O)(=O)c1cc(Br)cnc1N)c1cccc(Cl)c1,5.7212515
982,DECOY_0493,O=C1CCc2cc(S(=O)(=O)N3CCC[C@H]3c3ccc[nH]3)ccc2N1,6.0784864
983,DECOY_0494,CS(=O)(=O)NCCNc1c(N)c[nH+]c2ccc(Br)cc12,5.6923227
984,DECOY_0495,CN(Cc1cscn1)S(=O)(=O)c1ccnc(NN)c1,5.6036506
985,DECOY_0496,CNc1nc2sccn2c1S(=O)(=O)N1CCC[C@@H](CO)C1,4.030709
986,DECOY_0497,NC(=O)C1CCN(S(=O)(=O)c2ccc(F)cc2N)CC1,6.5139923
987,DECOY_0498,O=C([O-])c1cc(S(=O)(=O)N2CCOCC2)ccc1N[C@H](CO)[C@@H](O)c1ccc([N+](=O)[O-])cc1,5.635836
988,DECOY_0499,Cc1cc(NC(=O)[C@@H]2C[C@H](c3cccs3)NS(=O)(=O)N2C)no1,6.417403
989,DECOY_0500,NC(=O)CN([C@@H]1CCC[NH2+]C1)S(=O)(=O)C1CCOCC1,4.8556547
990,DECOY_0501,CC[NH2+][C@H]1CC[C@@H](NS(=O)(=O)c2cn[nH]c2)CC1,4.3261223
991,DECOY_0502,Cc1cc(-c2nnc(NC(=O)C3CCN(S(C)(=O)=O)CC3)o2)n(C)n1,6.299287
992,DECOY_0503,CS(=O)(=O)N1CCC[C@H](C(=O)N2CCN(CCO)CC2)C1,5.340844
993,DECOY_0504,CS(=O)(=O)N[C@H]1CCCN(C(=O)Nc2cnn(CC(N)=O)c2)C1,6.5183578
994,DECOY_0505,COc1ccc(NC(=O)C2CCN(S(=O)(=O)c3c(C)noc3/C=C/c3cccs3)CC2)cc1Cl,6.4763446
995,DECOY_0506,CC[C@H](C)NC(=O)c1ccccc1NC(=O)C1CCN(S(=O)(=O)c2cc(C(N)=O)n(C)c2)CC1,7.931475
996,DECOY_0507,CN([C@H]1CCSC1)S(=O)(=O)c1ccnc(NN)c1,3.661637
997,DECOY_0508,CCn1cc(S(=O)(=O)N[C@@H](C)c2ccco2)c(N)n1,6.877419
998,DECOY_0509,CC(C)c1cc(NC(=O)C2=CN3CCS(=O)(=O)N=C3C=C2)[nH]n1,6.19064
999,DECOY_0510,CN(C)S(=O)(=O)c1cc(NCc2ccc(O)cc2)cc(C(=O)N2CCC[C@@H](C(N)=O)C2)c1,7.0439167
1000,DECOY_0511,O=S(=O)(C[C@@H]1CCC[NH2+]C1)/N=c1\[nH]ccs1,2.9380157
1001,DECOY_0512,CC(C)CN(CC(C)C)S(=O)(=O)c1cc([N+](=O)[O-])ccc1NN/C=C1/C(=O)NC(=O)N=C1[O-],5.241375
1002,DECOY_0513,Cc1ccc(S(=O)(=O)NN/C=C2\C(=O)NC(=S)N=C2[O-])cc1[N+](=O)[O-],6.167264
1003,DECOY_0514,CCN(C[C@@H](C)C[NH3+])S(=O)(=O)CCS(C)(=O)=O,1.2858789
1004,DECOY_0515,NC(=O)CC1CCN(S(=O)(=O)c2ccc(N)cc2Br)CC1,7.2226744
1005,DECOY_0516,Cc1cc(C(=O)[O-])cc(S(=O)(=O)NNC(=O)c2sc(N3CCOCC3)nc2C)c1C,5.983168
1006,DECOY_0517,COc1cc(/C=C/C(=O)[O-])cc(S(=O)(=O)NCCC[C@H]2N=NC(N)=C2C#N)c1OC,5.4097095
1007,DECOY_0518,Cc1cc(C)c2c(c1)NC(NCCC(C)C)=NS2(=O)=O,5.544622
1008,DECOY_0519,N#CC1=C(N)N=N[C@@H]1CCCNS(=O)(=O)c1ccc(F)c(C(=O)[O-])c1,5.7677073
1009,DECOY_0520,Cc1ccc(N)c(C)c1S(=O)(=O)N1CCc2sccc2C1,0.43203017
1010,DECOY_0521,COC(=O)NC(=O)c1c(NC(=O)[C@H]2CCCN(S(=O)(=O)c3cccs3)C2)sc2c1CCCCC2,7.1749964
1011,DECOY_0522,Cc1c(NCCCS(N)(=O)=O)cc(C(=O)[O-])cc1[N+](=O)[O-],5.3808002
1012,DECOY_0523,Cc1noc(C)c1S(=O)(=O)N1CCCN(Cc2cc(=O)n3ccsc3[nH+]2)CC1,7.9458046
1013,DECOY_0524,C[N@@H+]1CCC[C@H](NS(=O)(=O)c2ccc(NN)nc2)C1,5.005264
1014,DECOY_0525,C[C@H]1CC[C@](CO)(NS(=O)(=O)c2c[nH]nc2N)CC1,1.7510679
1015,DECOY_0526,CCCC1(C(=O)[O-])CCN(C(=O)NCCS(N)(=O)=O)CC1,7.1864924
1016,DECOY_0527,Cc1ccc(-c2nnc(SCC(=O)N3CCN(S(=O)(=O)/C=C/c4ccccc4)CC3)n2N)cc1,6.70655
1017,DECOY_0528,C[C@H]1N=C(S(=O)(=O)N2CCC(C(=O)Nc3nc(C4=CC(C(N)=O)=NC4)cs3)CC2)CN1C,6.619727
1018,DECOY_0529,CCn1cc(S(=O)(=O)N[C@H](C)[C@H]2CCCO2)c(N)n1,2.213276
1019,DECOY_0530,O=C(NCCCn1cc[nH+]c1)C(=O)NC[C@@H]1OCCN1S(=O)(=O)c1ccc(Cl)cc1,6.013655
1020,DECOY_0531,Cn1cc(S(=O)(=O)N(C)[C@H]2CC[C@@H](C)CC2)c(N)n1,1.6736639
1021,DECOY_0532,Cc1nc(S(=O)(=O)N2CCC(C(=O)NCc3cnn(C)c3)CC2)cn1C,7.263041
1022,DECOY_0533,O=S(=O)(c1c[nH]c2ncccc12)N1CCC[C@H](CO)C1,2.0694861
1023,DECOY_0534,CC(C)S(=O)(=O)N(C(=O)[C@@H]1C[C@@H](O)C2=[N+]1Cc1ccccc1N2)S(=O)(=O)C(C)C,4.8983727
1024,DECOY_0535,CC(C)S(=O)(=O)N(C(=O)[C@@H]1CC(c2ccccc2O)=C2Nc3ccccc3C[N@H+]21)S(=O)(=O)C(C)C,3.2038565
1025,DECOY_0536,CC(C)CCCNS(=O)(=O)c1c(N)cc(Br)cc1Br,4.7803183
1026,DECOY_0537,O=C1N=C([O-])/C(=C\NNc2ccc([N+](=O)[O-])cc2S(=O)(=O)N2CCC(c3ccccc3)CC2)C(=O)N1,7.6773148
1027,DECOY_0538,CN(C[C@H]1CCCCO1)S(=O)(=O)c1cnc(N)nc1,2.4137697
1028,DECOY_0539,NC(=O)[C@@H]1CCCCN1S(=O)(=O)c1ccc(N)cc1Br,6.1719327
1029,DECOY_0540,C[C@@H](Cc1ccsc1)NS(=O)(=O)c1cc(Br)cnc1NN,5.8353066
1030,DECOY_0541,Cc1ccc([C@H](C)NS(=O)(=O)c2cc(N)ccc2F)o1,4.627833
1031,DECOY_0542,Nc1ccccc1N(CCO)S(=O)(=O)C1CCOCC1,2.1649017
1032,DECOY_0543,CN(C)S(=O)(=O)c1ccc(N2CCNC(=O)CC2)c(N)c1,6.604613
1033,DECOY_0544,C[C@H]1C[C@H](C)CN(S(=O)(=O)N2CCC(C[NH3+])CC2)C1,0.9641616
1034,DECOY_0545,CC(C)N(C)S(=O)(=O)Nc1cccc(F)c1C(N)=S,4.573519
1035,DECOY_0546,CS(=O)(=O)N1CCN(CC(=O)c2c(N)n(C3CC3)c(=O)[nH]c2=O)CC1,5.7179947
1036,DECOY_0547,CCOC(=O)CN(C1CC1)S(=O)(=O)c1cnc([O-])[nH]c1=O,4.4814887
1037,DECOY_0548,Cc1nn(C)cc1C[NH+]1CCN(C(=O)[C@H]2CCCN(S(=O)(=O)c3cnn(C)c3C)C2)CC1,2.8122332
1038,DECOY_0549,O=C(C1CCN(S(=O)(=O)[C@@H]2C=C[C@@H]([C@@H]3C=CN=N3)O2)CC1)N1CCN(c2cccc[nH+]2)CC1,7.1988435
1039,DECOY_0550,[NH3+]Cc1ccc(S(=O)(=O)N2CCC[C@H](CO)C2)s1,5.73944
1040,DECOY_0551,Cc1n[nH]c(C)c1S(=O)(=O)NCC[C@H]1CCCC[NH2+]1,4.66868
1041,DECOY_0552,CCOc1ccccc1NC(=O)CN1C(=O)COc2ccc(S(=O)(=O)NC3CCCC3)cc21,1.3635522
1042,DECOY_0553,CCCNC(=O)CN1CCN(c2cc(C(=O)[O-])c3cc(NS(=O)(=O)c4cccs4)ccc3n2)CC1,6.5523896
1043,DECOY_0554,C[C@@H](C(=O)NC(=O)NC1CCCCC1)N1CCN(S(=O)(=O)c2ccccc2[N+](=O)[O-])CC1,3.817432
1044,DECOY_0555,CC[C@H]1CC[C@](NS(=O)(=O)c2cn(C)cn2)(C(N)=S)CC1,5.666964
1045,DECOY_0556,CC[C@H]1CO[C@@H](C)CN1S(=O)(=O)c1ccc(F)cc1N,0.73457366
1046,DECOY_0557,CC[NH+](CC)C[C@H](C)NS(=O)(=O)c1cc(Br)cnc1NC,3.2258153
1047,DECOY_0558,CCC1=NN[C@@H](C2=NC=C(S(=O)(=O)/N=c3/ccc(C)c[nH]3)C2)O1,4.8881984
1048,DECOY_0559,CC[C@H]1CO[C@H](C)CN1S(=O)(=O)c1c(N)ccc(C)c1C,0.091960885
1049,DECOY_0560,Cc1ccc(S(=O)(=O)N2CCC[C@H]2c2ccc[nH]2)c(N)c1,0.13287759
1050,DECOY_0561,O=S(=O)(N[C@H]1CC[N@@H+](C2CC2)C1)c1c(F)cc(F)cc1Br,5.1645775
1051,DECOY_0562,Cc1[nH]ncc1S(=O)(=O)N[C@@H]1CCC[C@H]1/C(N)=N/O,5.732932
1052,DECOY_0563,Cc1nc(C2([NH3+])CCN(S(=O)(=O)c3cc[nH]c3)CC2)no1,0.16561377
1053,DECOY_0564,O=C([O-])CCSC1=NS(=O)(=O)c2cc(F)ccc2[N-]1,4.7501736
1054,DECOY_0565,O=C([O-])c1cc(S(=O)(=O)NC2(CO)CCCC2)c(Br)o1,6.2483
1055,DECOY_0566,Cn1c[nH+]cc1CN1C[C@H](N(Cc2cccnc2)S(=O)(=O)c2ccccn2)Cc2cc(C#N)ccc21,0.6613374
1056,DECOY_0567,COC(=O)c1sc(S(=O)(=O)NC2CCN(S(C)(=O)=O)CC2)c(C(=O)OC)c1C,1.2895254
1057,DECOY_0568,CCO[C@H]1CCCN(S(=O)(=O)c2ccnc(NN)c2)C1,5.06099
1058,DECOY_0569,O=S(=O)(CCCCl)/N=c1\ccc2[nH+]c([O-])c([O-])[nH]c-2c1,5.4040422
1059,DECOY_0570,CC(C)NS(=O)(=O)c1cc(Br)cnc1N,4.312727
1060,DECOY_0571,C[C@@H](C(=O)[O-])S(=O)(=O)N[C@@H]1CC[NH2+]C2(CCCCC2)C1,2.7065568
1061,DECOY_0572,N#Cc1c(NC(=O)COC(=O)CCNC2=NS(=O)(=O)c3ccccc32)sc2c1CCCC2,4.6386166
1062,DECOY_0573,CC(C)S(=O)(=O)N1CCC(c2cc(N)on2)CC1,1.9699188
1063,DECOY_0574,Cc1noc(C)c1S(=O)(=O)N1CCC(C(=O)N(Cc2ccco2)[C@@H]2CCS(=O)(=O)C2)CC1,6.1942954
1064,DECOY_0575,O=S(=O)(NC[C@H]1CCCO1)c1ccc2c(c1)[C@H]1C=CC[C@H]1[C@H](c1cccnc1)N2,5.6194906
1065,DECOY_0576,CC1(C)C[C@H]1NS(=O)(=O)c1c(Cl)cc(C#CCO)cc1Cl,3.0889692
1066,DECOY_0577,Cc1n[nH]c(C)c1S(=O)(=O)N[C@]1(C(=O)[O-])CC[C@@H](C)CC1,5.5031576
1067,DECOY_0578,O=C(NCCCl)NNc1ccc([N+](=O)[O-])cc1S(=O)(=O)Nc1ccccc1C(=O)[O-],5.862184
1068,DECOY_0579,COC1CCN(S(=O)(=O)c2c(N)nc3ccccn23)CC1,3.6461794
1069,DECOY_0580,CCN(CC)S(=O)(=O)c1ccc(OCc2cc([N+](=O)[O-])cc3c2OCOC3)c([N+](=O)[O-])c1,1.0211298
1070,DECOY_0581,O=c1[nH]c2ccc(S(=O)(=O)N[C@H]3CCN(CC(F)(F)F)C3)cc2[nH]c1=O,6.1349993
1071,DECOY_0582,COc1nc(NC2CCN(S(C)(=O)=O)CC2)ccc1N,5.525287
1072,DECOY_0583,CCN(CC)S(=O)(=O)c1ccc2nnc(SCc3nc4oc(C)c(C(=O)[O-])c4c(=O)[nH]3)n2c1,5.966687
1073,DECOY_0584,CC[C@H](C/C(N)=N/O)NS(=O)(=O)c1cc(F)ccc1F,6.5402517
1074,DECOY_0585,C[C@H](C[NH+]1CCCCC1)NS(=O)(=O)c1ccnc(NN)c1,4.5417647
1075,DECOY_0586,CC[C@@H]1CCCC[C@H]1NS(=O)(=O)c1cn[nH]c1C,0.5354411
1076,DECOY_0587,O=C([O-])c1cc2c(cc1NS(=O)(=O)c1ccc3[nH]c(=O)[nH]c3c1)OCCCO2,5.359352
1077,DECOY_0588,Nc1cccc(Cl)c1S(=O)(=O)N1CCCC[C@@H]1CCO,1.7509753
1078,DECOY_0589,CCNC(=O)C1(NC(=O)CNC2=NS(=O)(=O)c3ccccc32)CCCCC1,6.6026316
1079,DECOY_0590,C[C@H](NS(=O)(=O)c1ccc2nc([O-])oc2c1)[C@@H]1NN[C@@H](S(C)(=O)=O)O1,4.9586535
1080,DECOY_0591,O=C(CNC1=NS(=O)(=O)c2ccccc21)N1CCCN(S(=O)(=O)c2ccc(F)cc2)CC1,7.36556
1081,DECOY_0592,CC(C)[C@@H](C)NS(=O)(=O)Cc1ccccc1C(N)=S,4.2035956
1082,DECOY_0593,CNS(=O)(=O)c1cccc([C@H](C)[NH2+]Cc2cccc3c2OCO3)c1,5.6936417
1083,DECOY_0594,O=C([O-])c1cc(S(=O)(=O)N2CCCCC2)ccc1N[C@@H](CO)[C@@H](O)c1ccc([N+](=O)[O-])cc1,6.6092396
1084,DECOY_0595,Cc1cc(S(=O)(=O)NNC(=O)NC2CC2)sc1C(=O)[O-],4.9126606
1085,DECOY_0596,CN(C(=O)C1CCN(S(=O)(=O)c2cc(C(N)=O)n(C)c2)CC1)[C@@H]1CCS(=O)(=O)C1,2.942954
1086,DECOY_0597,O=C([O-])CN1C(=O)COc2ccc(S(=O)(=O)NNC(=O)c3cc4c(s3)CCCCC4)cc21,4.9070454
1087,DECOY_0598,C[C@H]1Cc2cc(C(=O)CSc3nc(N)cc(=O)[nH]3)ccc2N1S(C)(=O)=O,4.9984035
1088,DECOY_0599,CCCCN(C(=O)COC(=O)c1cc(S(=O)(=O)N2CCCC2)cn1C)[C@@H]1CCS(=O)(=O)C1,1.0886786
1089,DECOY_0600,CN(Cc1ccc(Br)cc1)S(=O)(=O)CC1CC[NH2+]CC1,4.4595094
1090,DECOY_0601,COc1ccc(C(=O)N/C(=C\c2cn(S(=O)(=O)N(C)C)c3ccccc23)C(=O)NCCO)cc1OC,4.7418413
1091,DECOY_0602,Nc1ccc(Br)cc1S(=O)(=O)N(C[C@@H]1CCOC1)C1CC1,2.1616843
1092,DECOY_0603,O=C(COC(=O)c1ccc([C@H]2Nc3ccccc3S(=O)(=O)N2)cc1)NCc1ccccc1Cl,4.8386617
1093,DECOY_0604,CC1CCN(S(=O)(=O)N[C@@H]2CCCCNC2=O)CC1,5.512414
1094,DECOY_0605,C[C@@H]1CC(C)(C)C[C@@]2(C1)NC(=O)N(CC(=O)N1CCN(S(=O)(=O)c3ccc(Cl)s3)CC1)C2=O,3.9549537
1095,DECOY_0606,[H]/N=C1/NC(=O)/C(=C/c2cn(-c3ccccc3)nc2-c2cccc(S(=O)(=O)N3CCOCC3)c2)S1,6.581112
1096,DECOY_0607,Cc1cc2c(cc1S(=O)(=O)N1CCC[C@@H](C(=O)N3CCN(c4ccccc4F)CC3)C1)OCC(=O)N2,7.6175733
1097,DECOY_0608,O=S(=O)(NNc1c(F)c(F)c(F)c(F)c1F)c1ccc([O-])c2ncccc12,6.1980877
1098,DECOY_0609,Cc1ccc(C)c(N2CCN(C(=O)[C@H]3CCCN(S(=O)(=O)c4cc5c(cc4C)NC(=O)CO5)C3)CC2)c1,6.452201
1099,DECOY_0610,Cc1ccc(NS(=O)(=O)c2ccc3c(c2)NC(=O)[C@@H](C)CS3)c(C)c1,5.0278196
1100,DECOY_0611,N#Cc1ccccc1S(=O)(=O)N1CCN(CC2=c3ccccc3=[NH+][C@@H]2c2ccccc2)CC1,5.3976684
1101,DECOY_0612,CC(C)(C)NS(=O)(=O)C1=CN=C([C@H]2NN[C@@H](c3ccccc3)O2)C1,6.1086245
1102,DECOY_0613,COCCCN([C@H]1Cc2cc(C#N)ccc2N(Cc2c[nH+]cn2C)C1)S(=O)(=O)c1ccccn1,1.205064
1103,DECOY_0614,CCn1cc(S(=O)(=O)N[C@@H]2CCCC[C@@H]2O)cc1C(=O)[O-],4.8621173
1104,DECOY_0615,Cc1n[nH]c(C)c1S(=O)(=O)NCc1nc(-c2ccc(O)c(O)c2)cs1,7.2294183
1105,DECOY_0616,Cn1cc(S(=O)(=O)N2CCC(c3c[nH]c4ncccc34)CC2)cc1C(N)=O,3.6922808
1106,DECOY_0617,Cc1[nH]c(=O)sc1S(=O)(=O)N1CCN(c2ccc(S(C)(=O)=O)cc2[N+](=O)[O-])CC1,6.137201
1107,DECOY_0618,CCN(C[C@H](C)/C(N)=N/O)S(=O)(=O)c1sccc1Br,6.791685
1108,DECOY_0619,CN(C)c1ccc([C@@H](CNC(=O)C2=CN3CCS(=O)(=O)N=C3C=C2)c2c[nH]c3ccccc23)cc1,7.0682864
1109,DECOY_0620,Cc1ccsc1C(=O)NNS(=O)(=O)c1cn[nH]c1,4.2058086
1110,DECOY_0621,CC(C)CCNC(=O)NNS(=O)(=O)c1ccc(Br)s1,6.6135287
1111,DECOY_0622,CCOc1ccc(CNS(=O)(=O)c2cc(-c3ccc(=O)[nH]n3)ccc2C)cc1OCC,7.4409657
1112,DECOY_0623,CS(=O)(=O)NCCCNC(=O)N[C@@H]1CCC[C@@H](C(F)(F)F)C1,5.771596
1113,DECOY_0624,CCNC(=O)NNS(=O)(=O)c1cc2c(c(C(=O)[O-])c1)OCCO2,3.0435107
1114,DECOY_0625,Cc1[nH]c(=O)sc1S(=O)(=O)N1CCC(C(N)=O)CC1,5.4844594
1115,DECOY_0626,O=C([O-])CCn1cc(S(=O)(=O)N[C@H]2CCC[C@H](O)C2)cn1,6.1441846
1116,DECOY_0627,[NH3+][C@H]1CCCC[C@H]1NS(=O)(=O)c1ccc(C(=O)[O-])s1,5.4797697
1117,DECOY_0628,Cn1cc(S(=O)(=O)NCCCc2nnc3n2CCCCC3)c(=O)n(C)c1=O,5.4512744
1118,DECOY_0629,[NH3+]C[C@@H]1CCC[C@H]1NS(=O)(=O)c1ccccc1C(F)(F)F,3.2355335
1119,DECOY_0630,Cc1ccc(S(=O)(=O)N2CCN(C(=O)Cn3cnc4oc(C)c(C(=O)[O-])c4c3=O)CC2)c(C)c1,6.908927
1120,DECOY_0631,Cc1cc(F)ccc1S(=O)(=O)N1CCCO[C@H]1CNC(=O)C(=O)NC1CCCCC1,4.7842455
1121,DECOY_0632,CCCC[N@H+](CCO)CC(=O)N1CCN(S(C)(=O)=O)CC1,2.7971773
1122,DECOY_0633,CC(C)[N@@H+](C)CCNS(=O)(=O)c1cc(Br)cnc1N,4.8948135
1123,DECOY_0634,CCc1nnc(NS(=O)(=O)c2ccc(N3CCCn4c3nc3c4c(=O)[nH]c(=O)n3C)cc2)s1,5.4909844
1124,DECOY_0635,Cn1ccnc1[C@H](NC(=O)c1ccc(NC2=NS(=O)(=O)c3ccccc32)cc1)c1ccc(F)cc1,6.2209306
1125,DECOY_0636,C[C@@H]1CCC[C@@H](N(C)S(=O)(=O)c2c(F)cc(N)cc2F)C1,3.8286288
1126,DECOY_0637,CS(=O)(=O)NCCCSc1n[nH]c(=O)n1C1CC1,4.89322
1127,DECOY_0638,CC1(C)CCCN1S(=O)(=O)c1ccc(N)cc1C#N,0.6828839
1128,DECOY_0639,Nc1cccc(F)c1S(=O)(=O)N[C@@H]1CC[N@@H+]2CCC[C@H]12,2.2821677
1129,DECOY_0640,COC(=O)NCCN([C@H]1Cc2cc(C#N)ccc2N(Cc2c[nH+]cn2C)C1)S(=O)(=O)c1ccccn1,2.9590926
1130,DECOY_0641,CCc1ccc(NS(=O)(=O)c2ccccc2O)c(N2CCN[C@H](S(=O)(=O)C(C)C)C2)c1,5.8090305
1131,DECOY_0642,Cc1cc(-c2cc(C(=O)NCc3ccc(S(N)(=O)=O)s3)c3cnn(C(C)C)c3n2)c(C)s1,7.6285896
1132,DECOY_0643,O=C(NCCCn1cc[nH+]c1)NNS(=O)(=O)c1ccc(Cl)nc1,7.642365
1133,DECOY_0644,Nc1cc(S(=O)(=O)N2CCC[C@H]2c2ccc[nH]2)ccc1O,0.87750626
1134,DECOY_0645,NC(=O)N[C@H](CC(=O)N1CCN(S(=O)(=O)/C=C/c2ccccc2)CC1)c1cccc(Br)c1,7.148709
1135,DECOY_0646,Nc1ccc(S(=O)(=O)N2CCCC[C@@H]2CCO)cn1,3.4447155
1136,DECOY_0647,N#CC1(NS(=O)(=O)c2ccc([O-])c([N+](=O)[O-])c2)CCCC1,6.277006
1137,DECOY_0648,CNS(=O)(=O)c1cccc([C@@H](C)NC(=O)N[C@H](C)Cc2ccccc2F)c1,7.404534
1138,DECOY_0649,Cn1cc(S(=O)(=O)N2CCO[C@H](C(=O)[O-])C2)cc1C(N)=O,5.8745074
1139,DECOY_0650,CCN1[C@@H](C[NH3+])CN(c2ccc(C)cc2C)S1(=O)=O,6.313494
1140,DECOY_0651,C[C@H]1CC[C@@](CO)(NS(=O)(=O)c2cc(N)cs2)CC1,2.2445662
1141,DECOY_0652,CCS(=O)(=O)N1CCc2c(cccc2NC(=O)N[C@@H]2CCCCNC2=O)C1,4.1039042
1142,DECOY_0653,CN(C)S(=O)(=O)NC(=O)Cn1cnc2c(c(Br)nn2C)c1=O,7.1398115
1143,DECOY_0654,Cc1c(C(=O)NNC(=O)Cc2ccccc2Cl)sc2c1C(=O)NNS2(=O)=O,6.935576
1144,DECOY_0655,CC[NH2+]CCCNS(=O)(=O)c1cc(C(=O)[O-])oc1Br,5.204624
1145,DECOY_0656,NC(=O)[C@H]1CC[C@@H](NS(=O)(=O)c2cc(Br)ccc2Br)CC1,5.8614883
1146,DECOY_0657,C[C@@H]1CCCN(S(=O)(=O)NC2(C[NH3+])CCCCCC2)C1,0.5594758
1147,DECOY_0658,Cc1n[nH]c(C)c1S(=O)(=O)N(C)CC(=O)N1CCC2(CC1)OCCO2,3.465555
1148,DECOY_0659,CC(C)S(=O)(=O)n1c2c(c3ncc(Br)cc3c1=O)N[C@H](c1ccccc1O)CC2=O,0.59131354
1149,DECOY_0660,C[C@H](NS(=O)(=O)c1cccc2nsnc12)c1nnn[n-]1,0.0011081857
1150,DECOY_0661,CS(=O)(=O)NCC(=O)Nc1cc(C(F)(F)F)c[nH]c1=O,5.821973
1151,DECOY_0662,C[C@H]1CC[C@](NS(=O)(=O)[C@@H]2CCS(=O)(=O)C2)(C(=O)[O-])CC1,5.5518517
1152,DECOY_0663,CCCNc1ccc(S(=O)(=O)N(CC)CC)cc1NC(=O)[C@H]1COc2ccccc2O1,4.069367
1153,DECOY_0664,O=C([O-])c1cc(S(=O)(=O)NCCCN2C(=O)NC3(CCCC3)C2=O)ccc1Cl,5.21085
1154,DECOY_0665,Cc1[nH]c(=O)sc1S(=O)(=O)NCCO,4.6398525
1155,DECOY_0666,C[C@@H]([NH3+])CC(=O)N1CCN(S(=O)(=O)N(C)C)CC1,1.9281415
1156,DECOY_0667,CCCCNC(=O)NNS(=O)(=O)c1cc(OC)c(OC)c(C(=O)[O-])c1,7.0377703
1157,DECOY_0668,Cc1cc(N2CCCC2=O)ccc1S(=O)(=O)N1CCO[C@@H](C(N)=O)C1,5.1399693
1158,DECOY_0669,Cc1ccc(N)c(S(=O)(=O)N2CCNC(=O)CC2)c1C,4.6947308
1159,DECOY_0670,CCSc1nnc(NC(=O)[C@H]2CCCN(S(=O)(=O)c3c[nH]cn3)C2)s1,7.0046477
1160,DECOY_0671,O=C(NNS(=O)(=O)c1ccc2c3c(cccc13)C(=O)N2)c1ccc(O)cc1,6.3956957
1161,DECOY_0672,CC[C@@H](CO)NC(=O)NCCS(=O)(=O)N1CCc2ccccc21,4.3365173
1162,DECOY_0673,Cc1nn(CC(=O)N[C@]2(C)CCS(=O)(=O)C2)c(C)c1S(=O)(=O)N(C)Cc1ccco1,7.25319
1163,DECOY_0674,Nc1cc(F)c(S(=O)(=O)NC2(CO)CCCC2)c(F)c1,5.225589
1164,DECOY_0675,Cn1cc(S(=O)(=O)N2CC[C@@H](O)C2)c(N)n1,5.050672
1165,DECOY_0676,C[C@@H]1CCCCN1S(=O)(=O)Nc1c(N)cccc1Cl,1.8589587
1166,DECOY_0677,CS(=O)(=O)N1CCN(S(=O)(=O)CC[C@H]2CCCC[NH2+]2)CC1,2.1249986
1167,DECOY_0678,COc1ccc(C(=O)[O-])cc1S(=O)(=O)Nc1nc(-c2ccc(CCNC(C)=O)s2)cs1,5.3973274
1168,DECOY_0679,C[C@H]1[C@@H](NS(=O)(=O)c2cc(Br)cnc2NN)CCC[C@@H]1C,3.4550493
1169,DECOY_0680,CCn1c(=O)c(=O)[nH]c2cc(C(=O)N3CCN(S(=O)(=O)c4cc(C(N)=O)n(C)c4)CC3)ccc21,8.017319
1170,DECOY_0681,CS(=O)(=O)CCS(=O)(=O)N(CC(N)=O)[C@@H]1CCC[NH2+]C1,6.623125
1171,DECOY_0682,COC(=O)c1sccc1S(=O)(=O)N1C[C@H](O)C[C@H]1C(=O)[O-],4.2691445
1172,DECOY_0683,CCS(=O)(=O)N1CCC(O)(C[NH2+]C2CCCC2)CC1,4.1295223
1173,DECOY_0684,CC(C)NC(=O)C(=O)NNC(=O)CCNC1=NS(=O)(=O)c2ccccc21,5.4537997
1174,DECOY_0685,C[C@@]1(NS(=O)(=O)c2cc(Cl)cc(N)c2Br)CCS(=O)(=O)C1,4.7096996
1175,DECOY_0686,Cc1cc(S(=O)(=O)N[C@H]2CCCCNC2=O)sc1C(=O)[O-],6.356701
1176,DECOY_0687,Cc1noc(C)c1S(=O)(=O)N1CCc2onc(C[NH3+])c2C1,1.7303758
1177,DECOY_0688,Cn1cnc(S(=O)(=O)NCc2nnn[n-]2)c1Cl,0.061292797
1178,DECOY_0689,C[C@H](CC#N)N(C)S(=O)(=O)c1c(N)nc2ccccn12,0.5505209
1179,DECOY_0690,C[C@H](CC#N)N(C)S(=O)(=O)c1c(NN)nc2sccn12,3.5868769
1180,DECOY_0691,C[C@H](NC1=NS(=O)(=O)c2ccccc21)C(=O)NNC(=O)[C@H](C)Oc1ccc(F)cc1,6.2037687
1181,DECOY_0692,COC(=O)c1sccc1S(=O)(=O)N1CCN(c2c(C)nn([C@@H]3CCS(=O)(=O)C3)c2C)CC1,1.1112292
1182,DECOY_0693,CC(C)(C)[N@H+]1CC[C@H](NS(=O)(=O)c2cc(N)cs2)CC1,2.0218985
1183,DECOY_0694,C[C@@H]1CCc2sc(C(=O)NNC(=O)c3ccc(F)c(S(=O)(=O)NC(C)(C)C)c3)cc2C1,5.404225
1184,DECOY_0695,C=CCNC(=O)[C@H]1CCCN(S(=O)(=O)c2c(C)n[nH]c2C)C1,5.0298505
1185,DECOY_0696,CS(=O)(=O)N1CCN(C(=O)[C@@H]2C[C@H](O)C[NH2+]2)CC1,0.56288236
1186,DECOY_0697,CCOCCCNC(=O)NNS(=O)(=O)c1cc(C(=O)[O-])ccc1OC,5.361645
1187,DECOY_0698,O=C1CCc2cc(S(=O)(=O)Nc3cc([N+](=O)[O-])ccc3NCCO)c(F)cc2N1,5.5621567
1188,DECOY_0699,O=C([O-])c1c(NS(=O)(=O)c2cc[nH]c2)sc2c1CCCC2,4.851321
1189,DECOY_0700,COc1ccc(C(=O)[O-])cc1S(=O)(=O)NNC(=O)c1cc(Br)c[nH]1,5.620714
1190,DECOY_0701,Cc1ccc(S(=O)(=O)N[C@@H](C)C[NH+]2CCCCC2)c(N)c1,1.4449652
1191,DECOY_0702,CCc1sc(C(=O)NNC(=O)[C@H]2CCCN(C3=NS(=O)(=O)c4ccccc43)C2)cc1C,6.7898664
1192,DECOY_0703,CNS(=O)(=O)c1cc(C(=O)NNC(=O)CCCOc2ccc(Cl)cc2C)cc(C)c1C,7.1374087
1193,DECOY_0704,CC[C@H](C/C(N)=N/O)NS(=O)(=O)c1ccc(Br)s1,6.6113415
1194,DECOY_0705,O=C(NCCCn1cc[nH+]c1)NNS(=O)(=O)c1ccccc1C(F)(F)F,6.7779083
1195,DECOY_0706,CC[C@@](C)(NS(=O)(=O)C1CCS(=O)(=O)CC1)/C(N)=N/O,5.758569
1196,DECOY_0707,[NH3+]Cc1ccc(S(=O)(=O)NCCCn2ccnc2)s1,6.9676943
1197,DECOY_0708,O=C1CN(S(=O)(=O)c2ccccc2C#CCO)CCN1,3.3320596
1198,DECOY_0709,Cc1ccc(N2C[C@H](C(=O)NCCS(=O)(=O)N3CCN(c4ccc(Cl)cc4)CC3)CC2=O)cc1C,6.515472
1199,DECOY_0710,CCn1c2ccccc2c2cc([C@H]3Nc4ccc(S(=O)(=O)NC5CCCCC5)cc4[C@H]4C=CC[C@H]43)ccc21,7.984317
1200,DECOY_0711,O=C(NCCCn1cc[nH+]c1)C(=O)NC[C@@H]1OCCCN1S(=O)(=O)c1ccc(F)cc1,6.3529563
1201,DECOY_0712,C[C@H]1[C@@H](NS(=O)(=O)c2ccc3[nH]c(=O)[nH]c(=O)c3c2)CCC[C@@H]1C,5.977536
1202,DECOY_0713,CC[C@@](C)(NS(=O)(=O)c1sccc1Br)/C(N)=N/O,3.8489006
1203,DECOY_0714,Cc1noc(CNS(=O)(=O)c2c(N)cc(Br)cc2Br)n1,6.1257434
1204,DECOY_0715,CC(=O)NCc1ccc(S(=O)(=O)N[C@@H]2CCCCNC2=O)s1,5.6662226
1205,DECOY_0716,CC(=O)N1CCN(S(C)(=O)=O)[C@H](C(=O)N[C@H](CC2=C3CC=CC=C3N=C2)C(N)=O)C1,6.041894
1206,DECOY_0717,O=C([C@H]1Nc2ccccc2S(=O)(=O)N1)N1CCN(C(c2ccccc2)c2ccccc2)CC1,7.057646
1207,DECOY_0718,O=C(CN1C(=O)c2ccccc2S1(=O)=O)N[C@H](Nc1ccccc1)C(Cl)(Cl)Cl,4.325245
1208,DECOY_0719,Cc1cccc2nc(C(=O)N3CCN(S(=O)(=O)c4ccc5[nH]c(=O)c(=O)[nH]c5c4)CC3)cn12,7.7081056
1209,DECOY_0720,Cc1ccc(N)cc1S(=O)(=O)N(CCO)C1CCCCC1,0.1833726
1210,DECOY_0721,CS(=O)(=O)NCCCSc1n[nH]c(=O)n1CCc1ccccc1,3.6954312
1211,DECOY_0722,Cc1csc(CNS(=O)(=O)c2ccc(Br)cc2N)n1,5.334593
1212,DECOY_0723,CCn1/c(=N/C(=O)c2cc(S(=O)(=O)NC)cn2C)[nH]c2ccccc21,5.6380234
1213,DECOY_0724,Cc1ccc(S(=O)(=O)N(CC/C(N)=N/O)C2CC2)s1,4.5600977
1214,DECOY_0725,O=C1/C(=C\NCCC2=c3ccccc3=[NH+]C2)S(=O)(=O)N(Cc2ccc(Cl)cc2)c2ccsc21,6.209949
1215,DECOY_0726,C[N@H+]1CC[C@](NS(=O)(=O)C2CCOCC2)(/C(N)=N/O)CC1,1.1916412
1216,DECOY_0727,CCCSc1ccc(N)c(NS(=O)(=O)N2CCCC2)c1,5.074452
1217,DECOY_0728,Cc1n[nH]c(C)c1S(=O)(=O)NCc1nc(-c2ccncc2)cs1,6.8421435
1218,DECOY_0729,CC(=O)NCCNC1=NS(=O)(=O)c2cc(F)ccc2N1,5.096987
1219,DECOY_0730,CN(C)c1ccc([C@@H](CNS(=O)(=O)[C@H]2CS(=O)(=O)C[C@@H]2O)S(=O)(=O)c2cccs2)cc1,6.6685977
1220,DECOY_0731,N#Cc1c(N)sc2c1CCN(c1ccc(S(=O)(=O)N3CCC(C(=O)[O-])CC3)cc1[N+](=O)[O-])C2,3.868861
1221,DECOY_0732,Cc1n[nH]c(C)c1S(=O)(=O)N[C@@H](C)Cn1cccn1,1.2329038
1222,DECOY_0733,CCCNS(=O)(=O)c1ccc2c(c1)[C@H]1C=CC[C@H]1[C@@H](c1ccc(O)cc1)N2,6.9221277
1223,DECOY_0734,CCC1(C(=O)[O-])CCN(C(=O)NCCCS(N)(=O)=O)CC1,7.1982203
1224,DECOY_0735,[NH3+][C@H]1C[C@H](NS(=O)(=O)c2cccc3nsnc23)C1,2.5343978
1225,DECOY_0736,CC(C)CCC(=O)NNC(=O)[C@H](C)NC1=NS(=O)(=O)c2ccccc21,6.0797825
1226,DECOY_0737,O=C1NCCC[C@@H]1NS(=O)(=O)c1cccc(Cl)c1Cl,5.3430142
1227,DECOY_0738,CN(C)c1cccc2c(S(=O)(=O)NCCCC[C@H]([NH3+])C(=O)[O-])cccc12,5.705818
1228,DECOY_0739,O=C([O-])c1c[nH]nc1S(=O)(=O)NCC(=O)N1CCNCC1,4.997324
1229,DECOY_0740,CC(C)NC(=O)NC(=O)COC(=O)CNC1=NS(=O)(=O)c2ccccc21,5.0992794
1230,DECOY_0741,CC[C@]1(c2ccccc2)NC(=O)N(NC(=O)Cn2cc(S(=O)(=O)N3CCCC3)ccc2=O)C1=O,5.6542573
1231,DECOY_0742,Nc1ccc(S(=O)(=O)N[C@H]2CCCNC2=O)c(Cl)c1,6.5923185
1232,DECOY_0743,Cc1cccc(C)c1NS(=O)(=O)c1cc(Br)cnc1NN,2.558182
1233,DECOY_0744,Nc1cc(S(=O)(=O)N2CCO[C@H]3CCCC[C@@H]32)ccn1,3.3680034
1234,DECOY_0745,CC[C@@H](C/C(N)=N/O)NS(=O)(=O)c1sccc1Br,7.5082903
1235,DECOY_0746,C[C@@H](NS(=O)(=O)c1ccc(N)cc1F)c1cccnc1,5.012553
1236,DECOY_0747,CCN(CCO)S(=O)(=O)c1ccc(N)cc1Br,4.252754
1237,DECOY_0748,C[C@@H]1Cc2c(NC(=O)C3CCN(S(C)(=O)=O)CC3)nn(C)c2NC1=O,5.162057
1238,DECOY_0749,Nc1n[nH]cc1S(=O)(=O)N1CCC([NH+]2CCCC2)CC1,3.0032938
1239,DECOY_0750,Cc1ccc(S(=O)(=O)N2CCN(C(=O)C[C@@H](NC(N)=O)c3ccccc3C)CC2)s1,7.2409806
1240,DECOY_0751,Cc1noc(C)c1CN1CCN(C(=O)[C@@H](NC2=NS(=O)(=O)c3ccccc32)C(C)C)CC1,7.505371
1241,DECOY_0752,Cc1cc(S(=O)(=O)NCc2nnn[n-]2)ccc1C#CCO,1.5554688
1242,DECOY_0753,CO[C@@H]1CC(=O)c2c(c3nc4cccc(-c5ccccc5O)c4cc3c(=O)n2S(=O)(=O)C(C)C)N1,4.592758
1243,DECOY_0754,C[C@H](CC[NH+](C)C)NS(=O)(=O)c1c(NN)nc2sccn12,3.9096944
1244,DECOY_0755,Cc1[nH]c(=O)sc1S(=O)(=O)NCc1nnn[n-]1,0.008874235
1245,DECOY_0756,O=C(NC[C@H]1CCCO1)c1ccccc1NC(=O)[C@@H]1CCCN(C2=NS(=O)(=O)c3ccccc32)C1,6.7156487
1246,DECOY_0757,CC(C)C(=O)NNS(=O)(=O)c1cc(C(=O)[O-])sc1Br,6.6000614
1247,DECOY_0758,CCN1NC=C(S(=O)(=O)NCCC2=c3cc(Cl)ccc3=[NH+]C2)[C@@H]1C,7.0524464
1248,DECOY_0759,Cc1[nH]c(=O)sc1S(=O)(=O)N1CCNC(=O)CC1,4.831543
1249,DECOY_0760,O=C(NCCS(=O)(=O)N1CCCCC1)c1cc(-c2ccc3c(c2)OCO3)n[nH]1,4.4250083
1250,DECOY_0761,CCN([C@@H]1CCS(=O)(=O)C1)S(=O)(=O)c1[nH]ncc1C(=O)[O-],0.67527205
1251,DECOY_0762,C[C@H](NS(=O)(=O)c1[nH]ncc1C(=O)[O-])c1ccc(Br)cc1,5.7832217
1252,DECOY_0763,CN(C)C(=O)C1CCN(S(=O)(=O)c2cn(C)nc2N)CC1,3.6123042
1253,DECOY_0764,CS(=O)(=O)N1CCC[C@@H]([NH2+]Cc2cc(Br)ccc2F)C1,3.4312525
1254,DECOY_0765,Cc1cccc(N)c1S(=O)(=O)N(C)C1CCOCC1,0.9249776
1255,DECOY_0766,O=S(=O)(Nc1ccc(CC[NH2+]C[C@H](O)c2cccnc2)cc1)NC1CCCCC1,8.315976
1256,DECOY_0767,CCOc1ccc(S(=O)(=O)N2CCOCC2)cc1N=[S@@](=O)([O-])c1ccc(OC)c([N+](=O)[O-])c1,2.992953
1257,DECOY_0768,CS(=O)(=O)N1CCC(NC(=O)NC[C@H](O)c2ccc3ccccc3c2)CC1,5.9133043
1258,DECOY_0769,CCc1ccc(N)cc1S(=O)(=O)N(CCO)CC(F)(F)F,2.272626
1259,DECOY_0770,C[C@H](OC(=O)C1=C[C@@H](S(N)(=O)=O)SC1)C(=O)C1=c2ccccc2=[NH+]C1,6.538276
1260,DECOY_0771,O=C([O-])[C@H]1CCCN(S(=O)(=O)N[C@H]2CCC[C@H](O)C2)C1,6.868661
1261,DECOY_0772,CCCNS(=O)(=O)c1cc(-c2c(CC)nn3c2NC(=O)CCC3=O)ccc1C,6.0150266
1262,DECOY_0773,C[C@H](C#N)CN(C)S(=O)(=O)c1cc(C(N)=O)n(C)c1,4.6040387
1263,DECOY_0774,Cc1cc/c(=N/S(=O)(=O)c2c[nH+][nH]c2N)[nH]c1,4.396596
1264,DECOY_0775,NC(=O)[C@@H](OC(=O)CNS(=O)(=O)c1ccc2c(c1)nnn2[O-])c1ccccc1,6.04585
1265,DECOY_0776,CC(C)n1cc(S(=O)(=O)NC(C)(C)CO)cc1C(=O)[O-],5.403948
1266,DECOY_0777,CCCCn1c(N)c(N(CC)C(=O)C[N@@H+]2CCCN(S(=O)(=O)c3c(C)noc3C)CC2)c(=O)[nH]c1=O,0.9170629
1267,DECOY_0778,Nc1n[nH]cc1S(=O)(=O)N1CCO[C@@H]2CCC[C@@H]21,1.8047969
1268,DECOY_0779,CCN(C1(C[NH3+])CCCCCC1)S(=O)(=O)c1cn[nH]c1C,0.00023441049
1269,DECOY_0780,CC(C)Nc1cccc[n+]1C(=O)c1ccc2c(c1)S(=O)(=O)N(C(C)C)C2=O,1.7380521
1270,DECOY_0781,CN(C)S(=O)(=O)c1ccc(-n2ccc(C3CC3)n2)c(N)c1,4.6771812
1271,DECOY_0782,Cc1n[nH]c(C)c1S(=O)(=O)N1CCC[C@@H]1c1nc2ccccc2[nH]1,0.8117284
1272,DECOY_0783,Cc1cc(N)cc(S(=O)(=O)N[C@]2(CO)CCC[C@@H](C)C2)c1,1.4384032
1273,DECOY_0784,CNC(=O)c1cc(S(=O)(=O)NC[C@H]([NH3+])CC(C)C)cn1C,5.6642923
1274,DECOY_0785,CCOC(=O)C1CCN(S(=O)(=O)N[C@H]2CCC[C@@H]2[NH3+])CC1,2.1335306
1275,DECOY_0786,CC(C)(C)NC(=O)C(C)(C)CS(=O)(=O)N1CCNCC1,5.1183076
1276,DECOY_0787,CC(C)[NH2+]CCS(=O)(=O)N1CCN(S(C)(=O)=O)CC1,0.57240146
1277,DECOY_0788,Cc1ccc2cc(CNS(=O)(=O)c3ccc4nc([O-])oc4c3)c(=O)[nH]c2c1,7.424621
1278,DECOY_0789,O=C([O-])c1cc(S(=O)(=O)/N=c2\[nH]c3c(s2)CCCC3)c[nH]1,4.895527
1279,DECOY_0790,Cc1ccc(S(=O)(=O)NNC(=O)NCCCn2cc[nH+]c2)cc1C(=O)[O-],7.3198776
1280,DECOY_0791,C[C@@H]1CN(S(=O)(=O)N2CCC3(CC2)NC(=O)NC3=O)C[C@H](C)O1,5.5519814
1281,DECOY_0792,CNC(=O)NC(=O)[C@H](C)OC(=O)c1cc(S(=O)(=O)N2CCOCC2)c[nH]1,2.629658
1282,DECOY_0793,CCCNS(=O)(=O)c1ccc2c(c1)[C@@H]1C=CC[C@@H]1[C@H](c1ccc(O)cc1O)N2,6.2589555
1283,DECOY_0794,CC(=O)NCc1ccc(S(=O)(=O)Nc2cc3c(cc2C(=O)[O-])OCCO3)s1,3.7963254
1284,DECOY_0795,Cc1n[nH]c(C)c1NS(=O)(=O)c1ccc(CC[NH3+])s1,1.3035725
1285,DECOY_0796,C[C@H]1CC=C(NS(=O)(=O)c2ccc3c(c2)CCO3)C(=O)N1CC(=O)NCc1ccc2[nH+][nH]c(N)c2c1,6.940499
1286,DECOY_0797,C[C@@]1(c2ccc(F)cc2)NC(=O)N(CC(=O)N2CCN(S(=O)(=O)c3ccccc3C#N)CC2)C1=O,6.319606
1287,DECOY_0798,Nc1cc(Br)ccc1S(=O)(=O)N(CCO)C1CCCCC1,0.16481522
1288,DECOY_0799,Cc1cc(NCc2cccc(O)c2)ccc1NS(C)(=O)=O,6.2748137
1289,DECOY_0800,CNC(=O)NNC(=O)C1=CN2CCS(=O)(=O)N=C2C=C1,5.601579
1290,DECOY_0801,C[C@@H]1COCCN1S(=O)(=O)[C@@H]1CCC[NH2+]C1,0.085804135
1291,DECOY_0802,CS(=O)(=O)NCCNC(=O)[C@@H]1NCCc2ccccc21,5.7805443
1292,DECOY_0803,CS(=O)(=O)N(Cc1ccc(F)cc1)Cc1nc(N)cc(SCC(=O)[O-])n1,6.240311
1293,DECOY_0804,Cn1c(-c2cccs2)nn(CCNS(=O)(=O)CCN2C(=O)CCCC2=O)c1=O,4.379085
1294,DECOY_0805,CC(C)NC(=O)C(=O)NNC(=O)CCNS(=O)(=O)/C=C/c1ccccc1,5.845199
1295,DECOY_0806,CC(C)S(=O)(=O)n1c2c(c3ncc(F)cc3c1=O)N[C@@H](S(=O)(=O)Oc1ccccc1)CC2=O,0.9934373
1296,DECOY_0807,CCCNC(=O)NC(C)(C)C(=O)N[C@H](C)c1cccc(S(=O)(=O)NC)c1,7.461522
1297,DECOY_0808,Cc1ccc([C@H](C)NS(=O)(=O)c2cc(N)c(F)cc2F)o1,4.9127436
1298,DECOY_0809,C[C@@H](NS(=O)(=O)c1ccc(F)cc1N)[C@@H]1CCCO1,2.865939
1299,DECOY_0810,CCN(Cc1ccc(OC)c(OC)c1)C(=O)COC(=O)[C@H](C)NC1=NS(=O)(=O)c2ccccc21,5.059828
1300,DECOY_0811,C[C@H](Cn1cccn1)NS(=O)(=O)c1sc2c(c1C(=O)[O-])CC[NH2+]C2,7.3961225
1301,DECOY_0812,C/C(=N/NC(=O)c1csc2c1CC[C@@H](C)C2)c1ccc(NS(C)(=O)=O)cc1,1.2518383
1302,DECOY_0813,C[C@H]1CCC[C@](NC(=O)NCCNS(C)(=O)=O)(C(=O)[O-])C1,6.714168
1303,DECOY_0814,NC(=O)[C@@H]1CCCN(S(=O)(=O)Cc2ccccc2C[NH3+])C1,8.376087
1304,DECOY_0815,COc1ccccc1N1CCN(S(=O)(=O)c2cc3c(cc2C)=[NH+]C(=O)[NH+]=3)CC1,6.955004
1305,DECOY_0816,Cc1ccc(S(=O)(=O)N2CCC[C@H](/C([O-])=N/c3nc(-c4ccco4)n[nH]3)C2)s1,6.750701
1306,DECOY_0817,CC(C)[C@@H](NS(C)(=O)=O)c1nnc2n1CC[N@H+](Cc1nccs1)CC2,1.279409
1307,DECOY_0818,Cc1ccsc1C(=O)NNC(=O)N1CCC(NS(C)(=O)=O)CC1,6.445324
1308,DECOY_0819,Cn1cc(S(=O)(=O)N2CC[N@H+](C)C[C@@H]2c2ccccc2)c(=O)n(C)c1=O,6.0314255
1309,DECOY_0820,O=c1[nH]c2cc3c(cc2cc1CN(C[C@@H]1COCCO1)S(=O)(=O)c1ccccc1)OCCO3,1.1349078
1310,DECOY_0821,CCc1ccc(S(=O)(=O)N[C@@H]2c3ccccc3C[C@H]2O)s1,4.4958587
1311,DECOY_0822,Cc1cc(C)c(/C=C/c2onc(C)c2S(=O)(=O)N2CCC[C@H](C(=O)Nc3ccc(Cl)cn3)C2)c(C)c1,7.821628
1312,DECOY_0823,O=c1[nH]c2ccc(S(=O)(=O)N3CC[C@H]4CC[C@@H](C3)[NH2+]4)cc2[nH]c1=O,5.5010424
1313,DECOY_0824,NC(=O)CC1CCN(S(=O)(=O)c2ccc(O)c(N)c2)CC1,6.999922
1314,DECOY_0825,CS(=O)(=O)[C@@H]1NN[C@H](CCCCCNS(=O)(=O)c2ccc3nc([O-])oc3c2)O1,6.23176
1315,DECOY_0826,CCCS(=O)(=O)N1CCN(c2ccc(N)cn2)CC1,4.6696033
1316,DECOY_0827,CCN1C(=O)N[C@H]2[C@H]1N(S(C)(=O)=O)CCN2S(C)(=O)=O,3.1363778
1317,DECOY_0828,O=S(=O)(c1ccc2c(c1)OCCO2)N1CCC(c2nc([O-])c3nnn(Cc4ccc(F)cc4)c3n2)CC1,8.354961
1318,DECOY_0829,C[C@@H](C(=O)[O-])S(=O)(=O)Nc1cccc(N2CCNC2=O)c1,6.5706124
1319,DECOY_0830,Cc1cc([C@H](C)NS(=O)(=O)c2cccc(N)c2C)c(C)o1,2.686957
1320,DECOY_0831,CCC(C)(C)NS(=O)(=O)c1cc(Br)cnc1N,4.350028
1321,DECOY_0832,CC(C)CNC(=O)NC(=O)[C@H](C)[N@@H+]1CCC[C@H](CNS(=O)(=O)C(C)C)C1,7.501796
1322,DECOY_0833,Cc1nn(CCO)c(C)c1C[NH2+]CCS(=O)(=O)N1C[C@@H](C)O[C@H](C)C1,3.6187344
1323,DECOY_0834,C[C@@H]1[C@H](C)CCC[C@H]1NS(=O)(=O)c1ccnc(NN)c1,5.127623
1324,DECOY_0835,O=C1CN(S(=O)(=O)c2cccc(C(=O)N3CCN(c4cnccn4)CC3)c2)CCN1,6.0203776
1325,DECOY_0836,CCc1ccc(NS(=O)(=O)[O-])c(N2CCN[C@@H](S(=O)(=O)C(C)C)C2)c1,6.6411185
1326,DECOY_0837,CS(=O)(=O)N1CCN(C(=O)N[C@H]2CCCCNC2=O)CC1,4.013953
1327,DECOY_0838,Cc1cc(C(=O)N2CCC(CNC(=O)C(=O)Nc3ccc(Cl)c(N4CCCS4(=O)=O)c3)CC2)no1,8.348031
1328,DECOY_0839,CCCNC(=O)[C@H]1CCCN(S(=O)(=O)c2c(C)n[nH]c2C)C1,1.3234143
1329,DECOY_0840,C[C@@H]1CCCC[C@H]1NS(=O)(=O)c1c(NN)nc2sccn12,3.9143124
1330,DECOY_0841,CC(C)[C@@H](C[NH+](C)C)NS(=O)(=O)c1ccc(Br)cc1N,1.6386468
1331,DECOY_0842,Cc1cc(CS(=O)(=O)Nc2c(C(=O)[O-])cnn2C)no1,4.8155727
1332,DECOY_0843,Cc1cc[nH]/c(=N\S(=O)(=O)c2cc(Br)cnc2NN)c1,3.3844838
1333,DECOY_0844,Cc1ccc([C@@H](C)NS(=O)(=O)c2cc(Br)cnc2N)o1,2.2638063
1334,DECOY_0845,O=C([O-])/C(CCCO)=N\Nc1ccc(CS(=O)(=O)N2CCCC2)cc1,2.6917777
1335,DECOY_0846,C[C@@H](CC[NH+](C)C)NS(=O)(=O)c1cc(Br)cnc1NN,4.7717214
1336,DECOY_0847,Cc1nn(-c2ccccc2)c(C)c1[C@H]1C(=O)NCC[N@@H+]1CC(=O)N1CCN(S(C)(=O)=O)CC1,6.6746235
1337,DECOY_0848,Cc1cs/c(=N\S(=O)(=O)c2c(F)cc(N)cc2F)[nH]1,5.587784
1338,DECOY_0849,CCNc1ccc(S(=O)(=O)N2CCOCC2)cc1NS(=O)(=O)c1cc(C(=O)[O-])ccc1OC,5.2660055
1339,DECOY_0850,CS(=O)(=O)N1CCC[C@H](C(=O)NNC(=O)c2cc(Br)c[nH]2)C1,6.4829335
1340,DECOY_0851,CC(C)NS(=O)(=O)c1cc(NC[C@H]2CC=CCC2)cc(C(=O)NCc2cn3ccccc3n2)c1,7.177447
1341,DECOY_0852,Cc1ccc(N)c(C)c1S(=O)(=O)N(CCO)C1CC1,0.8056727
1342,DECOY_0853,Nc1cc(S(=O)(=O)N2CC[C@H](c3ccccc3)C2)ccn1,2.1876235
1343,DECOY_0854,O=S1(=O)C[C@@H](S(=O)(=O)NC[C@H](c2ccco2)S(=O)(=O)c2ccc3c(c2)OCO3)[C@@H](O)C1,6.272145
1344,DECOY_0855,CCS(=O)(=O)NCCCNC(=O)Nc1c(C)cccc1C(=O)N1CCCC1,6.1377378
1345,DECOY_0856,O=C([O-])COCC(=O)N1C[C@@H]2C[C@H](C1)c1ccc(NS(=O)(=O)c3cccs3)c(=O)n1C2,5.6706705
1346,DECOY_0857,O=CN1CCN(C(=O)CCS(=O)(=O)N2CCNCC2)CC1,5.8000464
1347,DECOY_0858,C[NH+](C)CC(=O)Nc1ccc2n(c1=O)C[C@H]1C[C@@H]2CN(S(C)(=O)=O)C1,3.8999476
1348,DECOY_0859,CC(=O)NCc1ccc(S(=O)(=O)N[C@H](C)COCC(F)(F)F)s1,4.6710587
1349,DECOY_0860,CNC(=S)NNC(=O)CCNC1=NS(=O)(=O)c2ccccc21,4.9156156
1350,DECOY_0861,C[N@@H+]1CCC[C@H](NS(=O)(=O)c2ccc(N)cc2C#N)C1,4.315467
1351,DECOY_0862,COc1ccc([C@@H]2C[C@H](C(=O)Nc3cccc([C@H](C)O)c3)N(C)S(=O)(=O)N2)cc1OC,8.826252
1352,DECOY_0863,Cc1nc2sccn2c1C[NH2+]CCCS(N)(=O)=O,4.944084
1353,DECOY_0864,CC(C)[C@@H](CNC1=NS(=O)(=O)c2ccccc21)[N@@H+]1CCc2ccccc2C1,6.288169
1354,DECOY_0865,COc1ccc(C(=O)[O-])cc1S(=O)(=O)NNC(=O)c1cc2c(s1)CC[C@@H](C)C2,7.0287466
1355,DECOY_0866,O=C(NCCCn1ccnc1)c1cc(NC2CCC2)cc(S(=O)(=O)Nc2ccccc2)c1,6.624588
1356,DECOY_0867,O=C([O-])c1csc(S(=O)(=O)NCC(=O)N2CCNCC2)c1,5.6567507
1357,DECOY_0868,CCN(C[C@@H](C)C(=O)[O-])S(=O)(=O)c1cc(C(N)=O)n(C)c1,4.282047
1358,DECOY_0869,CN1CCN(S(=O)(=O)c2ccc3c(c2)[C@H]2C=CC[C@@H]2[C@H](c2ccccc2O)N3)CC1,6.7039976
1359,DECOY_0870,O=C(C[NH+]1CCN(S(=O)(=O)c2cccs2)CC1)N(C1CC1)[C@@H]1CCS(=O)(=O)C1,1.2478364
1360,DECOY_0871,Cc1n[nH]c(C)c1S(=O)(=O)NC1(C)CCCC1,0.23121242
1361,DECOY_0872,CC(C)NS(=O)(=O)Cc1ccccc1CNS(=O)(=O)c1cn(C)c(=O)n(C)c1=O,6.2510386
1362,DECOY_0873,NC(=O)c1oc2ccccc2c1NC(=O)C1CCN(S(=O)(=O)c2ccc(Cl)s2)CC1,6.4838614
1363,DECOY_0874,CCOC[C@H](C)NS(=O)(=O)c1cc(N)cc(C)c1C,4.705659
1364,DECOY_0875,CNS(=O)(=O)c1cc(C(=O)Nc2nc[nH]n2)n(C)c1,5.4049215
1365,DECOY_0876,CC[C@H](C)NS(=O)(=O)c1ccc2c(c1)[C@H]1C=CC[C@H]1[C@H](c1ccc(O)cc1)N2,6.869517
1366,DECOY_0877,N#Cc1c(N2CCN(S(=O)(=O)c3ccccc3)CC2)nc(N)c2c(N)nc(SCC(=O)[O-])cc12,6.0765443
1367,DECOY_0878,O=S(=O)(c1cn[nH]c1)N1CCC[C@@H](c2ccn[nH]2)C1,0.6233685
1368,DECOY_0879,O=C(CCCNC1=NS(=O)(=O)c2ccccc21)NNC(=O)NCC1CC1,4.0460625
1369,DECOY_0880,C[C@H](C(=O)[O-])S(=O)(=O)N(CC[NH+](C)C)[C@H]1CC[N@H+](C)CC1,0.67352283
1370,DECOY_0881,CCCn1cc(S(=O)(=O)N[C@H](CC)C(N)=S)nc1C,5.2531385
1371,DECOY_0882,Cc1[nH]c(=O)c(C#N)c(C)c1CCC(=O)NCc1ccccc1CS(=O)(=O)N1CCOCC1,3.5589845
1372,DECOY_0883,Cc1cc[nH]/c(=N\S(=O)(=O)c2cc[nH+]c(NN)c2)c1,6.4084153
1373,DECOY_0884,Cn1cc(S(=O)(=O)N[C@@H]2CCC[C@@H]2[NH3+])c(=O)n(C)c1=O,3.58434
1374,DECOY_0885,O=C(Nc1nnc([C@H]2CC(=O)N(c3ccccc3)C2)o1)[C@H]1CCCN1S(=O)(=O)c1cccs1,5.992481
1375,DECOY_0886,C[C@@H](OC(=O)C1CCN(S(=O)(=O)c2ccccc2F)CC1)C(=O)N(C)[C@H]1CCS(=O)(=O)C1,0.70466137
1376,DECOY_0887,CC(C)S(=O)(=O)[C@@H]1CN(c2cc(Cc3ccccc3)ccc2NS(=O)(=O)[O-])CCN1,7.442755
1377,DECOY_0888,CC(C)NS(=O)(=O)Cc1ccccc1CNC(=O)COCC1CC1,4.694287
1378,DECOY_0889,CCn1c(SCc2nc3sc(C(=O)[O-])c(C)c3c(=O)[nH]2)nc2cc(S(N)(=O)=O)ccc21,5.852339
1379,DECOY_0890,Nc1ccc(F)cc1S(=O)(=O)N1CCO[C@@H]2CCC[C@@H]21,1.6894164
1380,DECOY_0891,Cc1cc(C)c(CNC(=O)CCNC2=NS(=O)(=O)c3ccccc32)c(=O)[nH]1,6.2263265
1381,DECOY_0892,CCOC[C@H](C)NS(=O)(=O)c1c(N)cc(Br)cc1Br,4.1125245
1382,DECOY_0893,N#CC(C(=O)COC(=O)CNS(=O)(=O)c1c(Cl)cccc1Cl)=C1Nc2ccccc2N1,4.7564883
1383,DECOY_0894,C[C@H](NS(=O)(=O)CCS(C)(=O)=O)[C@H]1CCC[NH2+]C1,4.990547
1384,DECOY_0895,Cc1n[nH]c(C)c1S(=O)(=O)N[C@@H](C)c1nnc2n1CCC2,0.719699
1385,DECOY_0896,Cn1cc(S(=O)(=O)N2CC[C@@H](O)C2)c(=O)n(C)c1=O,5.2826753
1386,DECOY_0897,CS(=O)(=O)N1CCC[C@H](NC(=O)Nc2ccccc2OCCC(N)=O)C1,6.1535068
1387,DECOY_0898,C[C@H](NC(=O)CCNC1=NS(=O)(=O)c2ccccc21)c1ccccc1Br,6.1190314
1388,DECOY_0899,Cc1n[nH]c(C)c1S(=O)(=O)N[C@@]1(C(=O)[O-])CCSC1,4.2707977
1389,DECOY_0900,CCNc1ccc(C(=O)NNS(=O)(=O)c2cc(/C=C/C(=O)[O-])cc(OC)c2OC)cc1[N+](=O)[O-],6.2374997
1390,DECOY_0901,C[C@@H]1C[C@H]1NS(=O)(=O)c1c(F)cc(F)cc1C#CCCO,3.5582907
1391,DECOY_0902,C[C@@H](CS(=O)(=O)N1CCNCC1)C(=O)N1CCN(C)CC1,4.699483
1392,DECOY_0903,NNc1nc2sccn2c1S(=O)(=O)Nc1cccc(Br)c1,5.9833994
1393,DECOY_0904,COc1cc2c(cc1OC)[C@@](O)(CNS(=O)(=O)c1c(C)n[nH]c1C)CC2,3.2397075
1394,DECOY_0905,Cc1ccc(N)cc1NS(=O)(=O)N1CCCC[C@H]1C,3.4350839
1395,DECOY_0906,Cc1cc(CS(=O)(=O)N[C@H]2c3ccccc3C[C@H]2O)no1,2.5317125
1396,DECOY_0907,C[C@@H]1CN(S(=O)(=O)N2CCC(C)(C(=O)[O-])CC2)C[C@H](C)O1,6.196596
1397,DECOY_0908,O=C1CCN(S(=O)(=O)c2c[nH]c(C(=O)[O-])c2)CCN1,5.52813
1398,DECOY_0909,CCO[C@H]1CCCN(S(=O)(=O)c2[nH]ncc2C(=O)[O-])C1,4.4146814
1399,DECOY_0910,CCc1[nH]nc(C(=O)N2CCN(S(C)(=O)=O)CC2)c1N,4.1975822
1400,DECOY_0911,Cc1noc(C)c1S(=O)(=O)N1CC[NH+](CC(=O)c2cc(C)n(C[C@@H]3CCCO3)c2C)CC1,6.464315
1401,DECOY_0912,Cc1[nH]c(=O)sc1S(=O)(=O)N1CC[C@@H](O)C1,2.9717097
1402,DECOY_0913,CS(=O)(=O)N1CCC[C@H](C(=O)NC2(C(=O)[O-])CCCC2)C1,6.125375
1403,DECOY_0914,CNS(=O)(=O)c1cc(C(=O)NNC(=O)NCCC(C)C)n(C)c1,5.664264
1404,DECOY_0915,CC[C@@H](C)/[NH+]=C(\N)SCC(=O)N1CCN(S(C)(=O)=O)CC1,4.8045774
1405,DECOY_0916,Cc1[nH]c(=O)[nH]c(=O)c1S(=O)(=O)NCCC1=CCCCC1,4.9094944
1406,DECOY_0917,Cc1cc(S(=O)(=O)NC(C)(C)C)cc2c1O[C@H](C[NH3+])C2,2.5195675
1407,DECOY_0918,Cc1cc2cc(CN(CCO)S(=O)(=O)c3cccc4nsnc34)c(=O)[nH]c2cc1C,3.0673442
1408,DECOY_0919,Cc1[nH]c2ccccc2c1-c1csc(NC(=O)c2cccc(S(=O)(=O)NC[C@@H]3CCCO3)c2)n1,6.4211526
1409,DECOY_0920,NNc1ncc(Br)cc1S(=O)(=O)N1CCCSCC1,5.385178
1410,DECOY_0921,Cc1[nH]ncc1S(=O)(=O)N1CCC2(CC1)NC(=O)NC2=O,3.7002618
1411,DECOY_0922,O=S(=O)(NC[C@H]1CCCO1)c1ccc2c(c1)[C@@H]1C=CC[C@@H]1[C@H](c1cc(Cl)cc(Cl)c1O)N2,6.900022
1412,DECOY_0923,Nc1ccc2cc(S(=O)(=O)N3CCC[C@@H]3CO)ccc2n1,5.251407
1413,DECOY_0924,CO[C@H]1C[C@H](C(=O)[O-])N(S(=O)(=O)c2sc(=O)[nH]c2C)C1,5.0878143
1414,DECOY_0925,O=C([O-])c1cc(S(=O)(=O)NCc2nnn[n-]2)c(Br)s1,0.45210397
1415,DECOY_0926,Nc1ccc(Br)cc1S(=O)(=O)N1CCCC[C@H]1CO,2.8574276
1416,DECOY_0927,Cc1[nH+]c(N)ccc1CNC(=O)Cn1c(C)cc2c(c1=O)NCN(C1CC1)S2(=O)=O,3.1749604
1417,DECOY_0928,Cc1ccc(C#CCO)cc1S(=O)(=O)NCc1nnn[n-]1,0.35865846
1418,DECOY_0929,CNC(=O)NNS(=O)(=O)c1ccc2nc([O-])oc2c1,6.3901587
1419,DECOY_0930,Cc1n[nH]c(C)c1NS(=O)(=O)N1CCC[C@@H](C(=O)[O-])C1,5.46269
1420,DECOY_0931,Cc1oc(C)c(S(=O)(=O)NCCS(N)(=O)=O)c1C(=O)[O-],6.02883
1421,DECOY_0932,Cc1cc(S(=O)(=O)N(CCO)C(C)C)cc(N)c1C,0.42586648
1422,DECOY_0933,O=C1C[C@H]([NH+]2CCN(S(=O)(=O)c3ccc4c(c3)OCCO4)CC2)C(=O)N1C1CC1,4.5996685
1423,DECOY_0934,O=C(C1=C([O-])C(=O)N(CCO)[C@@H]1c1ccc(O)cc1)c1ccc(S(=O)(=O)N2CCCCC2)cc1,6.370582
1424,DECOY_0935,C[C@H](NS(=O)(=O)CC[C@@H]1CCCC[NH2+]1)c1nnn[n-]1,0.2001617
1425,DECOY_0936,O=C1COc2ccc(S(=O)(=O)Nc3cc([N+](=O)[O-])ccc3NCCO)cc2N1,3.4732838
1426,DECOY_0937,Cc1c(C(=O)[O-])sc2nc(COc3ccc(S(=O)(=O)N4CCCC4)cc3C(N)=O)[nH]c(=O)c12,6.724772
1427,DECOY_0938,CS(=O)(=O)N1CCO[C@@H](C[NH2+]Cc2nc(-c3ccco3)no2)C1,5.3373156
1428,DECOY_0939,CCc1ccc(S(=O)(=O)N2CCC[C@H](O)C2)cc1N,5.2990937
1429,DECOY_0940,CN(C1CCCCC1)S(=O)(=O)c1ccc2c(c1)[C@H]1C=CC[C@H]1[C@@H](c1cc(Br)ccc1O)N2,3.5143
1430,DECOY_0941,C[C@@H](NC1=NS(=O)(=O)c2ccccc21)C(=O)NNC(=O)c1cc(-c2ccccc2)nc2ccccc12,4.8503246
1431,DECOY_0942,CCC1(C)CCN(S(=O)(=O)c2ccc(N)cc2C#N)CC1,3.391
1432,DECOY_0943,CCCn1cc(S(=O)(=O)NCc2ccnc(C)n2)c(N)n1,5.4016247
1433,DECOY_0944,CCN([C@@H]1CCS(=O)(=O)C1)S(=O)(=O)c1cn(C)nc1N,0.18937995
1434,DECOY_0945,Nc1n[nH]cc1S(=O)(=O)NC[C@@H]1Cc2ccccc21,4.4415746
1435,DECOY_0946,CCn1c(=O)[nH]c2cc(/C([O-])=N/S(=O)(=O)N3CCCCC3)ccc2c1=O,5.732549
1436,DECOY_0947,O=S(=O)(c1cnc(Cl)nc1)N1CCC[C@H]([NH+]2CCCC2)C1,1.6322697
1437,DECOY_0948,CC[NH+]1CCN(C(=O)CC2CCN(C(=O)[C@H](C)NS(C)(=O)=O)CC2)CC1,5.0147214
1438,DECOY_0949,Cc1n[nH]c(C)c1S(=O)(=O)N[C@@]1(C(=O)[O-])CCC[C@@H](C)C1,3.3068986
1439,DECOY_0950,CC(C)n1cc(NS(=O)(=O)c2c(Br)cc(N)cc2Br)cn1,6.6818447
1440,DECOY_0951,C[C@H]([NH2+]C1CCN(S(C)(=O)=O)CC1)c1sccc1Br,0.1214972
1441,DECOY_0952,CN(Cc1cn(-c2ccccc2)nc1-c1ccc(Cl)cc1)C(=O)C1CCN(S(N)(=O)=O)CC1,4.563548
1442,DECOY_0953,N#Cc1cnc(SCCN2C(=O)c3ccccc3S2(=O)=O)nc1N,4.511649
1443,DECOY_0954,Cc1cc(S(=O)(=O)Nc2ccccc2-n2ncc(C#N)c2N)ccc1OCCCC(=O)[O-],6.4501
1444,DECOY_0955,CC[C@H](O)c1cccc(S(=O)(=O)N[C@H](C)c2nnn[n-]2)c1,1.5891578
1445,DECOY_0956,COc1cccc(-c2nnc3ccc(OCCNS(=O)(=O)CCN4C(=O)CCCC4=O)nn23)c1,5.0154853
1446,DECOY_0957,Cc1[nH]c(=O)sc1S(=O)(=O)N[C@H]1CCCC[C@H]1O,3.3335743
1447,DECOY_0958,Cc1ccc(NS(=O)(=O)[O-])c(N2CCN[C@H](S(=O)(=O)C(C)C)C2)c1,5.244167
1448,DECOY_0959,C[C@@H]1C[C@H](C)C[N@H+](C(C)(C)CNS(=O)(=O)c2cn(C)c(=O)n(C)c2=O)C1,0.8819799
1449,DECOY_0960,O=C([O-])c1c[nH]nc1S(=O)(=O)N1CC[N@H+]2CCCC[C@@H]2C1,4.1429863
1450,DECOY_0961,Cc1cc2c(cc1S(=O)(=O)N(C)CC(=O)NC1CCCC1)OCC(=O)N2,5.7563004
1451,DECOY_0962,CCCn1cc(S(=O)(=O)N2C[C@H](O)C[C@H]2C(=O)[O-])nc1C,6.8232455
1452,DECOY_0963,CC[S@@](=O)([O-])=Nc1ccc(S(=O)(=O)N2CCO[C@H](C(N)=O)C2)c(C)c1,8.195183
1453,DECOY_0964,Cc1c(C(=O)NNS(=O)(=O)c2ccc(-n3ncc(Cl)c(Cl)c3=O)cc2)oc2ccccc12,7.6928244
1454,DECOY_0965,Nc1ccccc1CS(=O)(=O)NC[C@H]1COCCO1,3.1546497
1455,DECOY_0966,CCN(CC)S(=O)(=O)N[C@]1(/C(N)=N/O)CC[C@@H](C)CC1,1.2910273
1456,DECOY_0967,CC(C)C[C@@H]([NH3+])CNS(=O)(=O)N1C[C@H](C)O[C@@H](C)C1,3.8172116
1457,DECOY_0968,CC(C)S(=O)(=O)[C@@H]1NN[C@H]([C@H](Cc2ccccc2)NS(=O)(=O)c2ccc3nc([O-])oc3c2)O1,6.9848804
1458,DECOY_0969,COC(=O)c1ccc(S(=O)(=O)NNC(=O)c2c([O-])c3sccc3[nH]c2=O)n1C,6.3512216
1459,DECOY_0970,O=C(C1=CN2CCS(=O)(=O)N=C2C=C1)N1CCC(NS(=O)(=O)c2cccs2)CC1,8.517715
1460,DECOY_0971,Nc1ccc(NS(=O)(=O)N2CCCC2)c(C(=O)[O-])c1,4.087184
1461,DECOY_0972,Cc1n[nH]c(C)c1[C@@H](NS(=O)(=O)/C=C/c1ccccc1)C(=O)[O-],6.3082185
1462,DECOY_0973,Nc1cc(Br)c(S(=O)(=O)NCC[C@@H]2CCCO2)c(Br)c1,5.283945
1463,DECOY_0974,COc1ccc(NS(=O)(=O)c2ccc3c(c2)[C@H]2C=CC[C@H]2[C@@H](c2ccccc2C(=O)[O-])N3)c(OC)c1,6.2847548
1464,DECOY_0975,CNS(=O)(=O)Nc1c(CCc2ccccc2)ccn(CC(=O)N[C@H]2CCCN(C(N)=[NH2+])[C@@H]2O)c1=O,7.62375
1465,DECOY_0976,CN(C)S(=O)(=O)c1ccc(N(CCO)C2CC2)c(N)c1,2.113618
1466,DECOY_0977,CN(Cc1[nH+]ccn1C)S(=O)(=O)c1cncc(Br)c1,1.7817591
1467,DECOY_0978,Nc1cc(S(=O)(=O)N2CCC[C@H](CO)C2)ccn1,5.0691643
1468,DECOY_0979,COC(=O)C1=C2CCN(C(=O)c3cc4cc(F)ccc4[nH]3)C[C@H]2S[C@H]1S(=O)(=O)NC1CC1,5.008155
1469,DECOY_0980,CNS(=O)(=O)c1cccc([C@H](C)NC(=O)N[C@H](C)c2nc(C)no2)c1,7.7429805
1470,DECOY_0981,C[C@H]1CCC[C@@](CO)(NS(=O)(=O)c2ccc(N)cc2F)C1,2.3119874
1471,DECOY_0982,CCS(=O)(=O)N1Cc2ccccc2C[C@@H]1C(=O)NCCN1C(=O)S/C(=C\c2cccnc2)C1=O,5.1911197
1472,DECOY_0983,CCS(=O)(=O)N1CCN(S(=O)(=O)CCNC(=O)[C@H]2CC(=O)N(c3ccc(C)cc3)C2)CC1,4.403832
1473,DECOY_0984,Cc1noc(C)c1S(=O)(=O)N1CCC(C(=O)N2CCC(C(=O)[O-])CC2)CC1,6.420616
1474,DECOY_0985,COc1c(C)cnc(CNC(=O)N2CCC[C@@H](NS(C)(=O)=O)C2)c1C,6.9959307
1475,DECOY_0986,C[C@H]1CCCCN1S(=O)(=O)N[C@]1(C(N)=S)CC[C@H](C)CC1,3.135649
1476,DECOY_0987,Cc1nnc(C(=O)N2CCN(S(=O)(=O)c3c(C)n[nH]c3C)CC2)o1,1.1705805
1477,DECOY_0988,Cc1cs/c(=N\S(=O)(=O)c2ccc(F)cc2C#CCO)[nH]1,2.4224124
1478,DECOY_0989,Cc1ccc(C#CCO)cc1S(=O)(=O)NCc1nccs1,5.343983
1479,DECOY_0990,Cc1[nH]c(=O)sc1S(=O)(=O)NC(C)(C)CCC(=O)[O-],5.0691137
1480,DECOY_0991,O=C1NCCN1C1CCN(S(=O)(=O)N2CCNCC2)CC1,4.592878
1481,DECOY_0992,CC[C@H](NS(=O)(=O)c1cc(Br)cnc1NN)C(C)C,3.5040824
1482,DECOY_0993,CC(C)N(C)S(=O)(=O)NC1(C(N)=S)CCCCCCC1,4.693673
1483,DECOY_0994,CC(C)[N@@H+](C)CCCCNS(=O)(=O)c1cc(Br)cnc1N,5.310517
1484,DECOY_0995,CC[C@@H]1CNc2cc(S(=O)(=O)N3CCC[NH2+]CC3)ccc2O1,5.7258215
1485,DECOY_0996,Nc1nc(CC(=O)N2CCC[C@H](CNS(N)(=O)=O)C2)cs1,7.7492766
1486,DECOY_0997,Cc1[nH]ncc1S(=O)(=O)N1CCC[C@H]1c1ccsc1,0.11873255
1487,DECOY_0998,CCN([C@H]1CC[N@H+]([C@@H](C)C(=O)N2CCC[C@H](C(N)=O)C2)CC1)S(C)(=O)=O,4.2146587
1488,DECOY_0999,C[C@@H]1CC[C@H](C(N)=O)CN1S(=O)(=O)c1cc(Br)ccc1N,5.2905807
1489,DECOY_1000,C[C@H](CNS(=O)(=O)c1c[nH]nc1N)[NH+](C)C,4.463343
1490,DECOY_1001,CCN(CC)c1ccc(N2C[C@H](C[NH3+])NS2(=O)=O)cc1,7.5706367
1491,DECOY_1002,C[C@@H](C(=O)[O-])S(=O)(=O)Nc1cnn(CC(=O)NC2CC2)c1,4.472334
1492,DECOY_1003,O=c1[nH]cc(S(=O)(=O)N2CCC(O)CC2)c(=O)[nH]1,5.126799
1493,DECOY_1004,O=C1COc2ccc(S(=O)(=O)N3CCN(C(=O)c4cc[nH]n4)CC3)cc2N1,7.12231
1494,DECOY_1005,Nc1ccc(S(=O)(=O)/N=c2/[nH]c(C3CC3)cs2)c(Cl)c1,5.0660367
1495,DECOY_1006,CN(CC[NH+]1CCCC1)S(=O)(=O)c1cc(Br)cnc1NN,3.5848699
1496,DECOY_1007,CNS(=O)(=O)c1cc(C(=O)NNc2nc(C)cc(C)n2)cc(C)c1C,6.267355
1497,DECOY_1008,CNC(=O)c1cc(S(=O)(=O)N2CSC[C@@H]2C(=O)[O-])cn1C,5.2312803
1498,DECOY_1009,O=C(N[C@H]1CCCNC1=O)c1ccc(S(=O)(=O)NC2CC2)o1,2.8215752
1499,DECOY_1010,O=c1[nH]c2cc3c(cc2cc1CN(C[C@H]1CCCO1)S(=O)(=O)c1ccccc1[N+](=O)[O-])OCCO3,0.63227814
1500,DECOY_1011,O=C1NC(=O)C2(CCN(S(=O)(=O)c3cc(Cl)cc(Cl)c3)CC2)N1,3.6658688
1501,DECOY_1012,COc1ccccc1CC(=O)NNC(=O)N[C@@H]1CCCN(S(C)(=O)=O)C1,7.094299
1502,DECOY_1013,Nc1ccccc1CS(=O)(=O)NCCCn1cc[nH+]c1,4.7200937
1503,DECOY_1014,C[C@@H](NS(=O)(=O)c1ccnc(N)c1)c1cccs1,5.2923775
1504,DECOY_1015,C[C@@H]1CNc2cc(S(=O)(=O)N3CCNCC3)ccc2O1,6.060868
1505,DECOY_1016,Nc1ccccc1CS(=O)(=O)N[C@H]1CC[N@@H+]2CCC[C@H]12,1.2611122
1506,DECOY_1017,O=c1nc(C2CCN(S(=O)(=O)c3ccc4c(c3)OCCO4)CC2)[nH]c2c1nnn2Cc1ccc(Cl)cc1Cl,8.035571
1507,DECOY_1018,C[C@H](NC(=O)CC1=Nc2ccccc2S(=O)(=O)N1)c1ccccc1,5.544339
1508,DECOY_1019,Cc1ccc(Cl)cc1N1CCN(C(=O)CCC2=Nc3cc(C(F)(F)F)ccc3S(=O)(=O)N2)CC1,7.2050877
1509,DECOY_1020,O=[N+]([O-])c1ccc(NCCO)c(NS(=O)(=O)c2ccc3nc([O-])oc3c2)c1,5.304629
1510,DECOY_1021,C[C@H]1CN(S(=O)(=O)c2ccc(N)cc2C#N)C[C@H](C)O1,0.18978514
1511,DECOY_1022,CCc1cc[n+](C2=C(NS(=O)(=O)c3cccs3)C(=O)c3ccccc3C2=O)cc1,0.9918012
1512,DECOY_1023,[NH3+][C@H]1C[C@@H]1NS(=O)(=O)c1cc2c(cc1Cl)NC(=O)C2,5.045109
1513,DECOY_1024,Cc1cc2c(cc1S(=O)(=O)N(C)CC(=O)N1CCN(c3cccc[nH+]3)CC1)OCC(=O)N2,3.9816642
1514,DECOY_1025,CC(C)N(C)S(=O)(=O)N1CCC[C@H](CNS(N)(=O)=O)C1,3.6742938
1515,DECOY_1026,O=C([O-])c1c[nH]c2ccc(S(=O)(=O)N3CCC(O)CC3)cc2c1=O,5.477068
1516,DECOY_1027,C[C@H](C(=O)[O-])S(=O)(=O)N1C[C@H](CC[NH3+])c2ccccc21,4.48612
1517,DECOY_1028,CNS(=O)(=O)CC[C@H]1NC(=O)NC1=O,6.541848
1518,DECOY_1029,Nc1cc(Cl)c(F)c(S(=O)(=O)Nc2cn[nH]c2)c1,6.131422
1519,DECOY_1030,CC(C)N(CCO)S(=O)(=O)c1c(N)nc2sccn12,0.21735615
1520,DECOY_1031,C[C@@]1(NS(=O)(=O)c2ccc(Br)cc2N)CCS(=O)(=O)C1,3.1466181
1521,DECOY_1032,CCCCS(=O)(=O)N[C@]1(C(N)=S)CC[C@H](CC)CC1,6.4258404
1522,DECOY_1033,COc1cccc([C@H]2CC(c3ccccc3NS(C)(=O)=O)=NN2C(=O)CCC(=O)[O-])c1O,6.7234564
1523,DECOY_1034,CCNS(=O)(=O)NCCc1cc2ccc(C)cc2[nH]c1=O,6.2381654
1524,DECOY_1035,CC(=O)N1CCN(C(=O)C2CCN(S(=O)(=O)c3c(C)n[nH]c3C)CC2)CC1,1.030644
1525,DECOY_1036,Cn1nccc1NS(=O)(=O)c1cc(Cl)cc(N)c1Br,6.269057
1526,DECOY_1037,Cc1c(S(=O)(=O)N2CCC[C@H](C(=O)NCc3cnn(C)c3)C2)cnn1C,7.48855
1527,DECOY_1038,CC(C)NC(=O)C(=O)NNC(=O)C1CCN(S(=O)(=O)c2cc(F)ccc2F)CC1,7.9685297
1528,DECOY_1039,CNC(=O)C1CCN(S(=O)(=O)c2[nH]ncc2C(=O)[O-])CC1,6.2774973
1529,DECOY_1040,CC[C@H](C/C(N)=N/O)NS(=O)(=O)c1c(C)n[nH]c1C,5.9465876
1530,DECOY_1041,CCS(=O)(=O)NCC[NH2+]Cc1c(C)nn(-c2ccc(F)cc2)c1C,5.8563375
1531,DECOY_1042,NNc1cc([N+](=O)[O-])ccc1S(=O)(=O)N1CCC[C@H](O)C1,5.7795773
1532,DECOY_1043,CCCS(=O)(=O)NCc1nc(-c2ccc(O)c(O)c2)cs1,4.8176003
1533,DECOY_1044,O=C(NNS(=O)(=O)c1cccs1)N[C@@H]1CCS(=O)(=O)C1,5.4676404
1534,DECOY_1045,CC[C@@H](C#N)NS(=O)(=O)c1cn[nH]c1C,2.918927
1535,DECOY_1046,CC1(C)CC(NS(=O)(=O)c2ccc3[nH]c(=O)sc3c2)CC(C)(C)[NH2+]1,2.3790429
1536,DECOY_1047,CC[NH+](CC)[C@@H]1CCN(S(=O)(=O)c2c[nH]nc2N)C1,1.6510004
1537,DECOY_1048,C[C@@](NS(=O)(=O)C1CCS(=O)(=O)CC1)(C(=O)[O-])C1CC1,4.5667257
1538,DECOY_1049,O=c1[nH]nc(S(=O)(=O)Nc2nccs2)c(=O)[nH]1,6.8928843
1539,DECOY_1050,Cc1ccc([C@@H]([NH3+])CN2CCN(S(C)(=O)=O)CC2)cc1C,1.0401706
1540,DECOY_1051,Cc1cc(S(=O)(=O)N(C)C)cc(NC(=O)Cn2cnc3oc(C)c(C(=O)[O-])c3c2=O)c1C,6.425985
1541,DECOY_1052,O=C([O-])c1cc(S(=O)(=O)N[C@@H]2CCS(=O)(=O)C2)c[nH]1,5.3892164
1542,DECOY_1053,CO[C@@H]1CCC[C@@H]1NS(=O)(=O)c1c(N)nc2ccccn12,1.5628006
1543,DECOY_1054,CS(=O)(=O)NCCNC(=O)NC[C@@H](c1cccc(Cl)c1)[NH+]1CCCC1,6.7074676
1544,DECOY_1055,CCCC[NH+]1CCN(C(=O)C2CCN(S(=O)(=O)[C@@H]3C=C[C@@H]([C@@H]4C=CN=N4)O3)CC2)CC1,6.9299617
1545,DECOY_1056,O=C(NNC(=O)N1CCN(S(=O)(=O)c2ccc(OC(F)(F)F)cc2)CC1)c1cnccn1,6.4888077
1546,DECOY_1057,C[C@H](NS(=O)(=O)Cc1ccccc1C(N)=S)[C@H]1CCCO1,2.605547
1547,DECOY_1058,C[C@@H]1CCC[C@@H](CNS(=O)(=O)C[C@@H]2CCCO2)[NH2+]1,4.220843
1548,DECOY_1059,COc1ccc(CC(=O)[O-])cc1S(=O)(=O)Nc1ccc(N)c([N+](=O)[O-])c1,5.738815
1549,DECOY_1060,O=S(=O)(c1ccc(Cl)s1)N1CCC2(CC1)NCC[NH+]=C2NCc1ccc2c(c1)OCO2,5.9767227
1550,DECOY_1061,CCn1cc(S(=O)(=O)N2CCC[C@H](C(=O)Nc3cn(C)nc3C(=O)NC)C2)c(C)n1,7.370069
1551,DECOY_1062,CCS(=O)(=O)N1CCC(C(=O)N2CCO[C@@H](C(N)=O)C2)CC1,4.097937
1552,DECOY_1063,Cc1[nH]ncc1S(=O)(=O)Nc1sc2c(c1C(=O)[O-])CCC2,4.903989
1553,DECOY_1064,Cc1nc(-c2cc(C)n(CC(=O)NCCS(=O)(=O)N3C[C@@H](C)O[C@@H](C)C3)c2C)cs1,4.908958
1554,DECOY_1065,Nc1csc(S(=O)(=O)N2CCCC[C@H]2CCO)c1,2.2387314
1555,DECOY_1066,Cc1cc[n+](C2=C(NS(=O)(=O)c3cccs3)C(=O)c3ccccc3C2=O)cc1C,0.26545185
1556,DECOY_1067,CC(C)C[C@H](NC(=O)C1CCN(S(C)(=O)=O)CC1)c1nnc(S(C)(=O)=O)o1,3.0673466
1557,DECOY_1068,O=S(=O)(N[C@@H]1c2ccccc2C[C@@H]1O)c1cn[nH]c1,1.0204644
1558,DECOY_1069,CC[C@H]1CC[C@@](C[NH3+])(NS(=O)(=O)C2=C(C)N=N[C@@H]2C)CC1,1.1008217
1559,DECOY_1070,CO[C@H]1CCC[C@@H]1NS(=O)(=O)c1c(C)cccc1N,1.9135296
1560,DECOY_1071,CC[C@@H](NS(=O)(=O)c1cncc(Br)c1)/C(N)=N/O,7.5528145
1561,DECOY_1072,COc1cc([C@@H]2Nc3ccccc3C(=O)N2NS(=O)(=O)c2ccccc2)c([N+](=O)[O-])cc1OC,4.7319775
1562,DECOY_1073,CC(C)n1cc(S(=O)(=O)NC(C)(C)C(N)=O)cc1C(=O)[O-],6.172959
1563,DECOY_1074,C[C@@H]1CN(S(=O)(=O)c2[nH]ncc2C(=O)[O-])CC(C)(C)O1,1.0282776
1564,DECOY_1075,Cc1nn(C)c(Cl)c1S(=O)(=O)NNC(=O)NCCCn1cc[nH+]c1,6.267403
1565,DECOY_1076,CCN(C/C(N)=N/O)S(=O)(=O)N1CCCC[C@@H]1C,2.2467768
1566,DECOY_1077,Cn1cc(S(=O)(=O)/N=c2/[nH]c(C[NH+]3CCCCCC3)cs2)cc1C(N)=O,5.2066164
1567,DECOY_1078,O=C(CNC1=NS(=O)(=O)c2ccccc21)NC1CCN(C(=O)c2ccoc2)CC1,6.1335216
1568,DECOY_1079,Cc1cc(NS(=O)(=O)N2CCCC2)ccc1C#CCO,5.144439
1569,DECOY_1080,O=C(NC1=CC2=CC=N[C@H]2C=C1)c1ccc2c(c1)S[C@H](NS(=O)(=O)c1ccccc1)N2,6.110258
1570,DECOY_1081,Cc1nc([N+](=O)[O-])cn1CCC(=O)N1CCC(NS(C)(=O)=O)CC1,6.586533
1571,DECOY_1082,CO[C@H]1CCC[C@@H]1NS(=O)(=O)c1cccc2c1CCNC2,5.5672665
1572,DECOY_1083,CNC(=O)NC(=O)[C@@H](C)OC(=O)C1CCN(S(=O)(=O)c2cn(C)c(C)n2)CC1,5.6210375
1573,DECOY_1084,CNc1nc2sccn2c1S(=O)(=O)N[C@@H]1CCCC[C@H]1O,5.1134048
1574,DECOY_1085,NNc1ccc(S(=O)(=O)N[C@H]2CCCC[C@@H]2O)cn1,5.5915756
1575,DECOY_1086,C[C@H](C[NH+]1CCCCC1)NS(=O)(=O)c1ccc(F)cc1N,2.828291
1576,DECOY_1087,CC[NH2+][C@@](C)(CCCN1CCN(S(C)(=O)=O)CC1)C(=O)[O-],4.5481186
1577,DECOY_1088,C[C@@H](NS(=O)(=O)c1c(N)cccc1Cl)[C@@H]1CCCO1,2.1124072
1578,DECOY_1089,Cn1cc(S(=O)(=O)N(CCC(N)=O)c2ccccc2)cc1C(N)=O,4.4330807
1579,DECOY_1090,CCOC(=O)C1=C(COC(=O)CN2C(=O)c3ccccc3S2(=O)=O)NC(=O)N[C@H]1c1ccco1,0.06057637
1580,DECOY_1091,CS(=O)(=O)CC[C@@H]([NH3+])C(=O)N1CCC(NS(C)(=O)=O)CC1,4.206902
1581,DECOY_1092,CC(C)C[NH+]1CCN(C(=O)C2CCN(S(=O)(=O)[C@H]3C=C[C@@H]([C@@H]4C=CN=N4)O3)CC2)CC1,5.8448234
1582,DECOY_1093,Cc1cc(S(=O)(=O)N[C@@]2(CO)CCC[C@@H](C)C2)c(C)s1,0.13088556
1583,DECOY_1094,CC(C)[C@H](NC1=NS(=O)(=O)c2ccccc21)C(=O)N1CCN(S(=O)(=O)N2CCCC2)CC1,6.130674
1584,DECOY_1095,CSC1=C2Nc3ccccc3C[N@@H+]2[C@H](C(=O)N(SC)S(=O)(=O)Oc2ccccc2)C1,0.9798013
1585,DECOY_1096,CCCCn1c(CN2C(=O)N[C@]3(CCCC[C@H]3C)C2=O)nc2cc(S(=O)(=O)N3CCOCC3)ccc21,4.2160325
1586,DECOY_1097,CC(C)NS(=O)(=O)c1cc(NCc2cccc(-c3ccco3)c2)cc(C(=O)N[C@H]2CCCCNC2=O)c1,6.9476385
1587,DECOY_1098,C[N@H+](CCNS(=O)(=O)c1c(N)cc(Br)cc1Br)C1CC1,2.112996
1588,DECOY_1099,O=c1ccc(S(=O)(=O)/N=c2\[nH]c3c(s2)CCC3)c[nH]1,5.580908
1589,DECOY_1100,CN([C@@H]1C[NH2+]C[C@H]1O)S(=O)(=O)c1cc([N+](=O)[O-])ccc1F,2.2052536
1590,DECOY_1101,O=S(=O)(NCC[C@H]1NN[C@@H](S(=O)(=O)Cc2cccc(Cl)c2)O1)c1ccc2nc([O-])oc2c1,6.39616
1591,DECOY_1102,Cc1n[nH]c(C)c1S(=O)(=O)N1CCC[C@@H](c2nc3ccccc3[nH]2)C1,0.8234188
1592,DECOY_1103,Cc1nn(CC(=O)N2CCc3ccccc32)c(C)c1S(=O)(=O)N1CCC(C(=O)N2CCN(C)CC2)CC1,7.3796988
1593,DECOY_1104,C=CCN(C)C(=O)[C@@H](C)[C@H]1CC[C@]2(C)Cc3sc(NS(=O)(=O)c4cccc5cccnc45)nc3[C@@H](C)[C@@H]2[C@H]1O,7.7452364
1594,DECOY_1105,CCCc1cc(=O)[nH]c(SCC(=O)N2CCN(S(=O)(=O)c3ccc(C)cc3C)CC2)n1,6.655655
1595,DECOY_1106,CCC1(CC)NC(=O)N(CC(=O)N2CCN(S(=O)(=O)c3cccc4nsnc34)CC2)C1=O,4.8566217
1596,DECOY_1107,C[C@H](O)c1ccccc1NS(=O)(=O)N1CCNCC1,3.284904
1597,DECOY_1108,O=C([O-])c1cc(S(=O)(=O)N(CCO)C2CCCC2)c[nH]1,2.8617682
1598,DECOY_1109,CN(C[C@H]1CC[N@H+](C)CC1)S(=O)(=O)c1cc(Br)cnc1Cl,2.7047477
1599,DECOY_1110,NC(=O)CC1CCN(S(=O)(=O)c2ccc(N)cc2Cl)CC1,7.1486673
1600,DECOY_1111,Nc1cc(NS(=O)(=O)c2c[nH]c3ncccc23)ccc1F,4.791665
1601,DECOY_1112,C[C@H]1CCCCN1S(=O)(=O)NC1(/C(N)=N/O)CCCC1,0.4477942
1602,DECOY_1113,CCOC(=O)c1c(C2CC2)csc1NC(=O)COC(=O)CNS(=O)(=O)c1ccccc1C#N,2.1201758
1603,DECOY_1114,CCCNc1ncc(Br)cc1S(=O)(=O)N(CCO)C(C)C,3.5191622
1604,DECOY_1115,NC(=O)[C@H]1CCCN(S(=O)(=O)c2cc(F)ccc2N)C1,6.0064692
1605,DECOY_1116,Cc1noc(C)c1S(=O)(=O)N1CCC[C@H](C(=O)NC[C@@H]2CC[N@H+](C)C2)C1,2.3597705
1606,DECOY_1117,C[C@H](Cc1ccsc1)NS(=O)(=O)c1cc(C(N)=O)n(C)c1,6.4482803
1607,DECOY_1118,CNS(=O)(=O)CCNC(=O)[C@@H](C)C[S@](=O)([O-])=Nc1ccc(C)cc1,3.632266
1608,DECOY_1119,CCn1cc(S(=O)(=O)N(C)[C@@H](C)C/C(N)=N/O)nc1C,6.23362
1609,DECOY_1120,C[C@@H](NS(=O)(=O)c1ccc(Cl)cc1N)[C@@H]1CCCO1,2.6367033
1610,DECOY_1121,CC[C@@]1(C(=O)N2CCC[C@H](CNS(N)(=O)=O)C2)CC[NH2+]C1,2.8789685
1611,DECOY_1122,Cc1c(C)c(C)c(S(=O)(=O)NNC(=O)C(=O)NC2CC2)c(C)c1C,1.8535473
1612,DECOY_1123,NC(=O)CN(C1CCCC1)S(=O)(=O)c1ccc(=O)[nH]c1,3.5725012
1613,DECOY_1124,CSc1nc(C)c(CC/C([O-])=N/S(=O)(=O)N2CCCCC2)c(=O)[nH]1,5.9528527
1614,DECOY_1125,Nc1ccc(S(=O)(=O)N[C@]2(C(F)(F)F)C(=O)N=C3C2=C([O-])NC(=O)N3c2ccccc2)cc1,6.261555
1615,DECOY_1126,C[C@H]1C[NH+](Cc2csc(/N=C(\[O-])c3cc(S(=O)(=O)N4CCOCC4)cn3C)n2)C[C@H](C)O1,5.9325824
1616,DECOY_1127,O=C(Nc1nc[nH]n1)c1ccc(S(=O)(=O)NC2CC2)o1,3.8197389
1617,DECOY_1128,CCn1cc(S(=O)(=O)N2CCC(CC(N)=O)CC2)c(N)n1,7.3780875
1618,DECOY_1129,O=C1CN(S(=O)(=O)c2ccc3c(c2)NC(=O)CC(=O)N3)CCN1,7.401348
1619,DECOY_1130,CCN(C[C@H](C)C[NH3+])S(=O)(=O)c1cn(C)c(=O)n(C)c1=O,2.5960336
1620,DECOY_1131,N#Cc1ccccc1CS(=O)(=O)Nc1ccc(F)cc1N,4.4625893
1621,DECOY_1132,CC(C)S(=O)(=O)c1ccc(NS(=O)(=O)[O-])c(N2CCN[C@@H](F)C2)c1,6.6348104
1622,DECOY_1133,COc1cc(/C=C/C(=O)[O-])cc(S(=O)(=O)Nc2cc([N+](=O)[O-])ccc2NCCO)c1OC,5.039819
1623,DECOY_1134,N#CCc1c(C#N)c(N)nc(N2CCN(S(=O)(=O)c3ccc4c(c3)OCCO4)CC2)c1C#N,0.2421684
1624,DECOY_1135,CC(C)Cc1ccc(NS(=O)(=O)c2ccccc2O)c(N2CCN[C@@H](S(=O)(=O)C(C)C)C2)c1,6.0401616
1625,DECOY_1136,NNc1cc([N+](=O)[O-])ccc1S(=O)(=O)N1CCC[C@@H]1CO,5.6247883
1626,DECOY_1137,Cc1[nH+]ccn1CCCNC(=O)[C@H]1CCCN(S(C)(=O)=O)C1,6.0481515
1627,DECOY_1138,O=C(CCNC1=NS(=O)(=O)c2ccccc21)Nc1c[nH]ccc1=O,5.157454
1628,DECOY_1139,Cc1cccc(N2CC[NH+](CCCNS(=O)(=O)c3ccccc3Br)CC2)c1,5.338311
1629,DECOY_1140,Cn1cc(S(=O)(=O)NCCC(F)(F)F)c(N)n1,4.92458
1630,DECOY_1141,O=c1[nH]c2ccc(S(=O)(=O)N3CCC[C@@H](CO)C3)cc2[nH]1,5.9031496
1631,DECOY_1142,C[C@@]1(C(=O)[O-])CCN(C(=O)NCCS(N)(=O)=O)C1,6.2753487
1632,DECOY_1143,CC(C)NC(=O)CCN1C(=O)c2ccc(N)cc2S1(=O)=O,4.7690153
1633,DECOY_1144,Nc1cc(S(=O)(=O)N2CCC[C@H]3CCCC[C@@H]32)ccc1O,0.55637217
1634,DECOY_1145,Cc1c(S(=O)(=O)N2CCC[C@H](C(=O)NCc3c(Br)cnn3C)C2)cnn1C,8.018399
1635,DECOY_1146,O=C(NCCS(=O)(=O)N1CCN(C(=O)c2ccco2)CC1)[C@H]1CC(=O)N(c2cccc(F)c2)C1,5.2354555
1636,DECOY_1147,CC(C)N(C)S(=O)(=O)N(C)c1ccc(N)cc1C(=O)[O-],3.8223689
1637,DECOY_1148,CN(C[C@H]1CCCO1)S(=O)(=O)c1c(NN)nc2sccn12,1.3990928
1638,DECOY_1149,Cc1noc(CNS(=O)(=O)N2CCC[C@@H](C(=O)[O-])C2)n1,6.574963
1639,DECOY_1150,Cc1ccc(S(=O)(=O)NCC[C@@H]2CCCO2)c(N)c1,3.5427213
1640,DECOY_1151,Cc1cccc(CSCCNS(=O)(=O)c2cnc([O-])[nH]c2=O)c1,6.068526
1641,DECOY_1152,C[N@@H+]1CC[C@@H](NS(=O)(=O)c2ccc([N+](=O)[O-])cc2NN)C1,4.831434
1642,DECOY_1153,C[C@@H]1CCCN(S(=O)(=O)c2c[nH]c(C(=O)NN)c2)C1,4.914785
1643,DECOY_1154,O=C(c1ccc(Br)cc1)N(CCS(=O)(=O)N1CCNCC1)C[C@@H]1CCCO1,4.882109
1644,DECOY_1155,CCCc1nnc(SCC(=O)N2CCN(S(=O)(=O)c3ccc(F)cc3)CC2)n1CC(=O)[O-],6.2672434
1645,DECOY_1156,C[C@@H](NS(=O)(=O)C[C@@H]1CCC[NH2+]C1)c1nncn1C,2.947903
1646,DECOY_1157,CCn1cc(S(=O)(=O)Nc2cnn(CC(=O)[O-])c2)nc1C,5.2355304
1647,DECOY_1158,CCN(C[C@H]1CCOC1)S(=O)(=O)c1[nH]ncc1C(=O)[O-],1.3473191
1648,DECOY_1159,CN1CCc2nc(NC(=O)C3CCN(S(=O)(=O)c4cccc(S(C)(=O)=O)c4)CC3)sc2C1,9.374237
1649,DECOY_1160,Cn1cc(S(=O)(=O)N2CCN(C(=O)c3ccc([O-])nn3)CC2)cc1C(N)=O,7.048913
1650,DECOY_1161,CCS(=O)(=O)NCCNC(=O)[C@H](C(C)C)N1C[C@@H](C)O[C@H](C)C1,5.2060347
1651,DECOY_1162,CC(C)[N@@H+]1C[C@H]2CCC[C@@H](C1)[C@H]2[NH2+]CCNS(C)(=O)=O,0.25560898
1652,DECOY_1163,N#Cc1c(CCCNC(=O)[C@H]2CCCN2C2=NS(=O)(=O)c3ccccc32)n[nH]c1N,5.6507883
1653,DECOY_1164,CCOC(=O)C[C@H]1C(=O)NCCN1S(=O)(=O)c1ccc2nc([O-])oc2c1,5.504896
1654,DECOY_1165,Cc1ccc(S(=O)(=O)NC[C@H]2CCCO2)c2c1NCCC2,4.287508
1655,DECOY_1166,CN(Cc1ccoc1)S(=O)(=O)c1cncc(C#CC[NH3+])c1,1.1941979
1656,DECOY_1167,CC(C)Cc1ccc(NS(=O)(=O)[O-])c(N2CCN[C@H](S(=O)(=O)c3ccccc3)C2)c1,7.3772273
1657,DECOY_1168,C[C@@H]1CCCC[C@H]1NS(=O)(=O)c1ccc(C[NH3+])s1,0.68469584
1658,DECOY_1169,O=S(=O)(C[C@@H]1CCC[NH2+]C1)N1CCN(CCO)CC1,4.352744
1659,DECOY_1170,Cc1ccc(S(=O)(=O)N[C@@H](C)c2ccco2)c(N)c1,3.9295967
1660,DECOY_1171,Cc1ccc(NC(=O)C2CC2)cc1NC(=O)C(=O)NCCCNS(C)(=O)=O,6.441183
1661,DECOY_1172,CC(C)c1ccc(S(=O)(=O)[C@@H](CNS(=O)(=O)c2ccc3c(c2)[C@@H](C)C(=O)N3)c2cccnc2)cc1,7.7685113
1662,DECOY_1173,CC(C)(C)SCCNS(=O)(=O)c1cnc([O-])[nH]c1=O,4.997715
1663,DECOY_1174,Cc1cccc(N)c1S(=O)(=O)N(C)CC(F)(F)F,3.7754061
1664,DECOY_1175,Cn1cc(S(=O)(=O)N[C@@H]2CC[N@@H+](C)C2)c(=O)n(C)c1=O,4.315287
1665,DECOY_1176,CCCS(=O)(=O)N1CCC(NC(=O)[C@@H](NC(N)=O)C(C)C)CC1,5.6212687
1666,DECOY_1177,CS(=O)(=O)N1CCC[C@@H](NC(=O)N2CCC[C@H](CO)C2)C1,3.1753004
1667,DECOY_1178,CC(C)N1CCN(S(=O)(=O)c2ccnc(NN)c2)CC1,5.092656
1668,DECOY_1179,CC1(C)NC(=O)N(CCS(=O)(=O)Nc2cc3c(cc2C(=O)[O-])OCCCO3)C1=O,3.819932
1669,DECOY_1180,CS(=O)(=O)N1CCC(/C([O-])=N/c2nc(C(F)(F)F)n[nH]2)CC1,5.959731
1670,DECOY_1181,O=C(NC[C@@H]1N=CCS1)C1=NC=C(S(=O)(=O)NCc2nccs2)C1,5.424616
1671,DECOY_1182,CC[C@H](NS(=O)(=O)c1c(Br)cc(N)cc1Br)C(C)C,4.671633
1672,DECOY_1183,C[C@H]1CCCC[C@H]1NS(=O)(=O)c1cncc(C#CCO)c1,1.9124082
1673,DECOY_1184,CN(CCCc1n[nH]c(N)c1C#N)c1ccc(S(=O)(=O)N[C@H]2CC[C@H](C)CC2)cc1[N+](=O)[O-],2.2384217
1674,DECOY_1185,Cc1cc(NCc2ccccc2S(=O)(=O)NC(C)(C)C)nc(N)[nH+]1,5.7013884
1675,DECOY_1186,Cc1cc(C(=O)[O-])cc(S(=O)(=O)NNC(=O)c2cnccn2)c1C,5.2586164
1676,DECOY_1187,O=C(NNC(=O)[C@@H]1CCCN1S(=O)(=O)c1ccc(Br)s1)c1c[nH]c2ccccc12,5.222418
1677,DECOY_1188,C[C@H](NS(=O)(=O)c1c[nH]c(C(=O)[O-])c1)c1ccc(Cl)s1,6.2275743
1678,DECOY_1189,Cc1ccc(S(=O)(=O)NCCCC(N)=O)c(C#CC[NH3+])c1,5.7392917
1679,DECOY_1190,Nc1nnc(SCCN2C(=O)c3ccccc3S2(=O)=O)[nH]1,3.497847
1680,DECOY_1191,CC(C)CC[C@H](C)NS(=O)(=O)c1ccc(N)cc1F,4.3151016
1681,DECOY_1192,Cc1noc(CNS(=O)(=O)CC2CC[NH2+]CC2)n1,4.9459085
1682,DECOY_1193,CO[C@H]1C[NH2+]C[C@H]1NS(=O)(=O)c1cn(C)c(=O)n(C)c1=O,4.7334933
1683,DECOY_1194,Cc1cc(S(=O)(=O)N2CCNC(=O)CC2)cc(N)c1C,3.5859892
1684,DECOY_1195,CC(C)(C)[C@@H]1CCc2nc3ccc(S(=O)(=O)N4CCC(C(=O)[O-])CC4)cc3c(C(=O)[O-])c2C1,5.1599426
1685,DECOY_1196,CN(C)S(=O)(=O)/N=C(\[O-])[C@H]1CC(=O)N(c2ccccc2)C1,5.230863
1686,DECOY_1197,CC(C)S(=O)(=O)/N=C(\[O-])c1cnc2n(c1=O)CCS2,5.062995
1687,DECOY_1198,CCS(=O)(=O)NCCCNS(=O)(=O)c1cc2c(cc1Cl)NC(=O)CO2,5.7485814
1688,DECOY_1199,CN(Cc1ccoc1)S(=O)(=O)c1c[nH]nc1N,3.7218146
1689,DECOY_1200,CCn1c(NNC(=O)[C@@H]2CCCN(C3=NS(=O)(=O)c4ccccc43)C2)nc2ccccc2c1=O,6.849444
1690,DECOY_1201,CCS(=O)(=O)Nc1ccc(N[C@@H](C)C(=O)NC(=O)NC(C)C)cc1C,7.0809402
1691,DECOY_1202,O=C(NNS(=O)(=O)c1ccc(Cl)s1)[C@H]1CCCO1,4.6253595
1692,DECOY_1203,CCS(=O)(=O)N(C)C1CCN(Cc2cc(=O)n3ccsc3[nH+]2)CC1,6.1875954
1693,DECOY_1204,O=C1Cc2cc(S(=O)(=O)NC3(c4cccc(Cl)c4)CC3)ccc2N1,4.4386263
1694,DECOY_1205,C[C@H](NC(=O)CCCNC1=NS(=O)(=O)c2ccccc21)C(=O)NC(C)(C)C,5.331093
1695,DECOY_1206,Cc1ccc(/C=C/S(=O)(=O)NNC(=O)NCCCn2cc[nH+]c2)cc1,7.245232
1696,DECOY_1207,Cc1ccsc1C(=O)NNS(=O)(=O)c1c[nH]c(C(=O)N2CCCC2)c1,2.8183324
1697,DECOY_1208,COc1ccc(C(=O)[O-])cc1S(=O)(=O)NNC(=O)NCCC(C)C,6.150657
1698,DECOY_1209,C[C@H]1[C@H](NC(=O)/C(=N\OC(C)(C)C(=O)[O-])c2csc(N)n2)C(=O)N1S(=O)(=O)O,0.009890689
1699,DECOY_1210,CCC1=NN[C@H](C2=NC=C(S(=O)(=O)/N=c3/cccc(C)[nH]3)C2)O1,4.37558
1700,DECOY_1211,CCN(C(=O)[C@H]1C[C@@H](Cc2ccccc2)C2=[N+]1Cc1ccccc1N2)S(=O)(=O)Oc1ccccc1,1.2112277
1701,DECOY_1212,O=C1Nc2ccccc2O[C@H]1CCNS(=O)(=O)c1cccs1,2.8705676
1702,DECOY_1213,Cc1[nH]c2ccc(CNS(=O)(=O)C[C@]34CC[C@H](CC3=O)C4(C)C)cc2c1C,2.1774178
1703,DECOY_1214,[NH3+]C[C@@H](O)CN1C(=O)c2cc([N+](=O)[O-])ccc2S1(=O)=O,3.8835063
1704,DECOY_1215,NC(=O)[C@H]1CC[C@H](NC2=NS(=O)(=O)c3ccccc32)CC1,6.629922
1705,DECOY_1216,Cc1cc(NS(=O)(=O)c2cn[nH]c2)ccc1C#CCCO,5.610142
1706,DECOY_1217,COc1ccccc1N1C[C@H](C(=O)N2CCN(S(=O)(=O)c3cc(C(N)=O)n(C)c3)CC2)CC1=O,7.313647
1707,DECOY_1218,CC[C@@]1(C(=O)[O-])CCCN(C(=O)NCCCS(N)(=O)=O)C1,7.0184646
1708,DECOY_1219,O=C(CNC1=NS(=O)(=O)c2ccccc21)N[C@@H]1CCCNC1=O,5.21388
1709,DECOY_1220,Cn1c[nH+]cc1CN1C[C@H](N(CC(=O)OC(C)(C)C)S(=O)(=O)c2ccccn2)Cc2cc(C#N)ccc21,0.9962182
1710,DECOY_1221,Cc1cs/c(=N\S(=O)(=O)Cc2ccc(C(N)=S)cc2)[nH]1,5.7293963
1711,DECOY_1222,CCN(C[C@H](C)/C(N)=N/O)S(=O)(=O)c1cnn(C)c1,6.599559
1712,DECOY_1223,CCc1ccc(N)cc1S(=O)(=O)N(C)C[C@H](O)COC,4.7405243
1713,DECOY_1224,C[C@@H](NS(=O)(=O)c1c[nH]nc1N)c1ccccc1Cl,6.649454
1714,DECOY_1225,Cc1n[nH]c(C)c1S(=O)(=O)N(CC(=O)NC[C@H]1COc2ccccc2O1)c1ccc(C(C)C)cc1,5.510361
1715,DECOY_1226,CCOc1cc(NC(C)=O)ccc1C(=O)NNS(=O)(=O)c1cc(C(=O)[O-])ccc1OC,6.098892
1716,DECOY_1227,CN(C/C([O-])=N/c1nc(-c2cccc3ccccc23)n[nH]1)S(C)(=O)=O,6.6885223
1717,DECOY_1228,Cc1nn(C)c(Cl)c1S(=O)(=O)N[C@H]1CCN2[C@@H](C1)C(=O)NS2(=O)=O,4.1632514
1718,DECOY_1229,Cc1c/c(=N/S(=O)(=O)c2c(C)nn(C)c2C)[nH]cc1N,1.0286593
1719,DECOY_1230,Cc1[nH]c(=O)sc1S(=O)(=O)N[C@]1(C(=O)[O-])CCSC1,5.330032
1720,DECOY_1231,CS(=O)(=O)N1Cc2ccccc2C[C@H]1C(=O)NNC(=O)c1c[nH]c2ccccc12,5.698967
1721,DECOY_1232,Nc1n[nH]cc1S(=O)(=O)N1CCC2(CCCC2)CC1,2.4447691
1722,DECOY_1233,CN(CC1=NC(=O)[C@H]2SC=CC2=N1)C(=O)c1ccc(Br)c(S(=O)(=O)N(C)C)c1,6.484178
1723,DECOY_1234,O=C(CCc1nc2ccccc2c(=O)[nH]1)OCC(=O)N1CCN(S(=O)(=O)c2ccccc2)CC1,4.8604493
1724,DECOY_1235,CC(C)(CO)NS(=O)(=O)c1c(Br)cc(N)cc1Br,5.912339
1725,DECOY_1236,NNc1nc2sccn2c1S(=O)(=O)N[C@H]1CCS(=O)(=O)C1,5.2727094
1726,DECOY_1237,NC(=O)CN(CC(N)=O)S(=O)(=O)c1ccc(C(=O)[O-])s1,5.427198
1727,DECOY_1238,[NH3+]CCCCNS(=O)(=O)c1cccc2c(Cl)cccc12,4.0982666
1728,DECOY_1239,CN(c1ccc(N)cc1C(=O)[O-])S(=O)(=O)c1ccc(Br)s1,4.7900043
1729,DECOY_1240,Cc1ccc(N2C(=O)CCS2(=O)=O)cc1S(=O)(=O)NCC[NH+](C)C,6.8184805
1730,DECOY_1241,O=c1[nH]c2ccc(S(=O)(=O)NC[C@H](c3cccs3)S(=O)(=O)c3ccc4c(c3)OCO4)cc2o1,6.664759
1731,DECOY_1242,C[C@H]1COc2ccc(S(=O)(=O)NCCCO)cc2NC1=O,6.6370134
1732,DECOY_1243,C[N@H+]1CC[C@](NS(=O)(=O)c2cccs2)(/C(N)=N/O)CC1,1.8415036
1733,DECOY_1244,CNS(=O)(=O)Cc1cccc(CNC(=O)N[C@@H]2c3ccccc3C[C@@H]2O)c1,6.6683307
1734,DECOY_1245,Cc1cc(NNC(=O)COc2ccc(Cl)cc2Cl)nc(NS(=O)(=O)c2ccccc2Cl)n1,6.8745847
1735,DECOY_1246,Cc1cccc(N)c1S(=O)(=O)N1CCC[C@H]1CCCO,1.4440749
1736,DECOY_1247,CCC(CC)(CO)NS(=O)(=O)N1CCC[C@@H](C(=O)[O-])C1,5.9773583
1737,DECOY_1248,CC(C)CN(CC(N)=O)S(=O)(=O)c1cc(Br)ccc1N,5.368433
1738,DECOY_1249,CCCn1cc(S(=O)(=O)N2CCN(CC)CC2)c(N)n1,5.0498686
1739,DECOY_1250,Cc1n[nH]c(C)c1S(=O)(=O)N[C@@H]1CCCCC[C@@H]1[NH3+],0.72970927
1740,DECOY_1251,O=S(=O)(N1CCNCC1)N1CCC[C@H](c2ccn[nH]2)C1,5.150658
1741,DECOY_1252,CCN(CC)S(=O)(=O)c1ccc2nc(CSc3nnc([C@@H]4CCS(=O)(=O)C4)n3C)[nH]c2c1,3.0592654
1742,DECOY_1253,O=c1[nH]c2ccc(S(=O)(=O)N3CCn4cccc4[C@@H]3c3ccccc3)cc2[nH]1,2.977852
1743,DECOY_1254,C[C@](NS(=O)(=O)c1c[nH]c2ncccc12)(C(=O)[O-])C1CC1,2.4481711
1744,DECOY_1255,N#Cc1c(N)n[nH]c1CCCCCNc1ccc(S(=O)(=O)N2CCOCC2)cc1C(=O)[O-],6.457601
1745,DECOY_1256,CO[C@H]1C[NH2+]C[C@H]1NS(=O)(=O)[C@@H]1CCS(=O)(=O)C1,5.4704237
1746,DECOY_1257,C[C@H](NS(=O)(=O)CC(=O)[O-])c1nnc2n1CCCCC2,2.9607694
1747,DECOY_1258,CC(C)C[C@@H](NC(=O)[C@@H]1C[C@@H](NS(=O)(=O)c2cccs2)CCN1C(=O)c1cccn1C)C(N)=O,7.3065753
1748,DECOY_1259,O=C(CCCC1=c2ccccc2=[NH+]C1)N1CCN(S(=O)(=O)C2=CC[C@@H](Cl)S2)CC1,6.36357
1749,DECOY_1260,COc1ccc(C(=O)OCc2nc(N)c3ccccc3n2)cc1S(=O)(=O)N[C@H]1CCCC[C@@H]1C,5.5414195
1750,DECOY_1261,C[C@H](NC(N)=O)C(=O)N1CCN(S(=O)(=O)N(C)C)CC1,2.1840575
1751,DECOY_1262,CCCCNC(=O)NNC(=O)[C@H](C)NC1=NS(=O)(=O)c2ccccc21,6.165127
1752,DECOY_1263,Cc1nc(-c2ccc(N3CCN(C(=O)C4CCN(S(C)(=O)=O)CC4)CC3)[nH+]c2)no1,6.32252
1753,DECOY_1264,C[C@H]1CCCCN1S(=O)(=O)Nc1cccc(OCC[NH3+])c1,4.4949446
1754,DECOY_1265,CCCn1c(N)c(NCCS(N)(=O)=O)c(=O)[nH]c1=O,4.57821
1755,DECOY_1266,O=S(=O)(NNC1=NC=N[C@H]2SC=C[C@@H]12)c1cc(Cl)c(Cl)cc1Cl,5.512255
1756,DECOY_1267,C[C@H]1CN(S(=O)(=O)c2cccc([C@@H](C)O)c2)C[C@H](C)O1,0.87098134
1757,DECOY_1268,Cc1oc(C(=O)NNC(=S)NC2CC2)cc1S(=O)(=O)N1CCCC1,3.657043
1758,DECOY_1269,Cc1cc(NC(=O)C2CCN(S(=O)(=O)c3c(C)noc3/C=C/c3cccs3)CC2)c2ccccc2n1,7.3705792
1759,DECOY_1270,C[C@@H](NS(=O)(=O)c1ccc(N)cc1Br)[C@H]1CCCO1,4.160506
1760,DECOY_1271,C[C@H]1CCC[C@](CO)(NS(=O)(=O)Cc2ccccc2N)C1,1.1496128
1761,DECOY_1272,C[C@H]1CN(C(=O)C2CCN(S(C)(=O)=O)CC2)C[C@H](C)N1CCC[NH+](C)C,3.3197927
1762,DECOY_1273,CCCc1ccc(NS(=O)(=O)c2ccccc2O)c(N2CCN[C@H](S(=O)(=O)C(C)C)C2)c1,6.2091694
1763,DECOY_1274,C[C@@H]1CCC[C@](NS(=O)(=O)c2cc(Br)sc2Br)(C(=O)[O-])C1,5.3168097
1764,DECOY_1275,C[C@H]([NH3+])c1c(F)cccc1N1CCN(S(C)(=O)=O)CC1,5.7194624
1765,DECOY_1276,NC(=O)NC(=O)COC(=O)CCNC1=NS(=O)(=O)c2ccccc21,4.006229
1766,DECOY_1277,C=CCNC(=O)Nc1ccc(NC(=O)[C@H](C)NC2=NS(=O)(=O)c3ccccc32)cc1,5.1655183
1767,DECOY_1278,Nc1ccc(CN2C=Nc3ccccc3S2(=O)=O)c(Br)c1,5.3993435
1768,DECOY_1279,CC(C)NS(=O)(=O)c1cc(NCc2cccc3c2OCO3)cc(C(=O)N[C@H]2CCCCNC2=O)c1,6.3340244
1769,DECOY_1280,Cc1cccc(N)c1S(=O)(=O)NC[C@H]1COCCO1,2.5886374
1770,DECOY_1281,C[C@H]1CCCN(S(=O)(=O)NC2(/C(N)=N/O)CCCCC2)C1,0.5823573
1771,DECOY_1282,C[C@H](NC1=NS(=O)(=O)c2ccccc21)C(=O)N1CCCN(S(=O)(=O)c2ccc(F)cc2)CC1,7.4701266
1772,DECOY_1283,CCCCn1c(N)c(N(C)C(=O)C2CCN(S(=O)(=O)c3ccc(Cl)cc3)CC2)c(=O)[nH]c1=O,2.3762074
1773,DECOY_1284,CN(C)S(=O)(=O)/N=C(\[O-])c1cnc2ccc(Br)cn2c1=O,6.7316885
1774,DECOY_1285,C[C@H](C(=O)[O-])S(=O)(=O)N[C@@H]1CC[NH2+]C2(CCC2)C1,4.335715
1775,DECOY_1286,CCn1cc(S(=O)(=O)N2CCC(C(C)(C)C)CC2)c(N)n1,4.004982
1776,DECOY_1287,N#CC1=C(N)OC2=C([C@H]1c1cccnc1)S(=O)(=O)N(Cc1ccc(Cl)cc1)c1ccccc12,5.588156
1777,DECOY_1288,Cc1nc(CC(=O)NNS(=O)(=O)c2ccc([O-])c([N+](=O)[O-])c2)cs1,6.2044225
1778,DECOY_1289,Cc1c(S(=O)(=O)N2CCC[C@H](C(=O)N3CC[N@H+]4CCC[C@@H]4C3)C2)cnn1C,4.3273745
1779,DECOY_1290,O=C(COc1ccc2c(c1)CCC2)NNC(=O)c1ccccc1NS(=O)(=O)c1cccs1,6.029918
1780,DECOY_1291,Cc1n[nH]cc1CNS(=O)(=O)N1CCC(C(=O)[O-])CC1,6.653409
1781,DECOY_1292,O=S(=O)(NCCC[NH2+]C1CC1)c1c[nH]c2ncccc12,4.3397427
1782,DECOY_1293,NC(=S)c1cccc(CS(=O)(=O)N2CCC[C@H](CO)C2)c1,6.2999754
1783,DECOY_1294,[NH3+][C@@H]1CC[C@@H]2CN(S(=O)(=O)CC(=O)[O-])C[C@@H]2C1,2.3454587
1784,DECOY_1295,Nc1ccc(F)c(S(=O)(=O)N2CCN(CCO)CC2)c1,5.18019
1785,DECOY_1296,COc1c(Br)cc(Cl)cc1S(=O)(=O)N[C@@H]1CCC[C@H]1[NH3+],3.2907693
1786,DECOY_1297,Cc1ccc(Cl)cc1N([C@H](C)C(=O)Nc1ccccc1C(=O)NC[C@@H]1CCCO1)S(C)(=O)=O,4.6283507
1787,DECOY_1298,CS(=O)(=O)N1CCN(c2cc(C(=O)[O-])c(N)cc2F)CC1,6.3250313
1788,DECOY_1299,CS(=O)(=O)N1CCN([C@]2(C[NH3+])CCS(=O)(=O)C2)CC1,0.0577016
1789,DECOY_1300,C[C@H]1CN(S(=O)(=O)N2CCN(C(=O)c3ccc([O-])nn3)CC2)C[C@H](C)O1,5.827294
1790,DECOY_1301,CC(C)NC(=O)CCNC(=O)N[C@@H]1CCCN(S(C)(=O)=O)C1,6.0493107
1791,DECOY_1302,CN(C)S(=O)(=O)c1cc([N+](=O)[O-])ccc1NN/C=C1/C(=O)NC(=O)N=C1[O-],6.7961044
1792,DECOY_1303,CN(C)S(=O)(=O)Nc1ccc(-n2nnc(C(=O)N3CCN(c4cccc[nH+]4)CC3)c2N)cc1,6.6782293
1793,DECOY_1304,[NH3+][C@H]1CC[C@@H](NS(=O)(=O)c2c(Cl)nc3ccccn23)CC1,4.9641347
1794,DECOY_1305,Cc1n[nH]c(C)c1S(=O)(=O)NC1(C[NH3+])CCCCC1,0.4562874
1795,DECOY_1306,C[C@@H](NS(=O)(=O)c1c(N)cc(Cl)cc1Cl)c1nncn1C,3.2967393
1796,DECOY_1307,CC(C)CNC(=O)NNC(=O)CCCNC1=NS(=O)(=O)c2ccccc21,5.281648
1797,DECOY_1308,Nc1cc(S(=O)(=O)N2CCCC[C@@H]2CCO)ccn1,2.817651
1798,DECOY_1309,CN(CC(=O)N1CC[NH+](C[C@@H]2CCCO2)CC1)S(=O)(=O)c1cccs1,6.0202856
1799,DECOY_1310,Cc1cc([C@H](C)NS(=O)(=O)c2cccnc2N)c(C)s1,1.1250826
1800,DECOY_1311,C[C@@]1(NS(=O)(=O)c2ccc(NN)nc2)CCS(=O)(=O)C1,5.2102113
1801,DECOY_1312,O=S1(=O)CC[C@H](N(CCO)S(=O)(=O)c2cn[nH]c2)C1,0.10483253
1802,DECOY_1313,C[C@H]1CCCC[C@H]1N1CNC(=NS(=O)(=O)c2cccc3nsnc23)NC1,1.6647304
1803,DECOY_1314,NC(=[NH2+])c1ccc(N)c(CN2CC[C@H](NS(=O)(=O)c3ccc(-c4cccnc4)s3)C2=O)c1,7.2712784
1804,DECOY_1315,Cc1n[nH]cc1CNc1ccccc1S(=O)(=O)NC1CC1,3.8670774
1805,DECOY_1316,C[C@H](OC(=O)[C@@H](C)NC1=NS(=O)(=O)c2ccccc21)C(=O)NC(N)=O,5.5356884
1806,DECOY_1317,O=C([O-])C1CCN(S(=O)(=O)N[C@H]2CCCNC2=O)CC1,7.5142984
1807,DECOY_1318,CC(=O)N1CCc2cc(C(=O)[C@@H](C)OC(=O)CNC3=NS(=O)(=O)c4ccccc43)ccc21,5.3448453
1808,DECOY_1319,Cc1ccc(S(=O)(=O)N2CCC[C@@H]2CCCO)cc1N,3.4149222
1809,DECOY_1320,Cc1nc(S(=O)(=O)NCCOc2ccccc2N)cn1C,4.587735
1810,DECOY_1321,CS(=O)(=O)Nc1ccccc1C(=O)C[C@]1(O)C(=O)Nc2ccc(Cl)cc21,5.228281
1811,DECOY_1322,C[C@H]1[C@@H](NC(=O)CC(C)(C)CC2=Nc3ccccc3S(=O)(=O)N2)CCC[C@@H]1C,5.175497
1812,DECOY_1323,O=C(Cn1cc(S(=O)(=O)N2CCCC2)ccc1=O)N1CCNC1=O,4.02696
1813,DECOY_1324,Nc1cc(Cl)c(S(=O)(=O)N[C@@H]2CCS(=O)(=O)C2)c(Cl)c1,5.883082
1814,DECOY_1325,Cc1ccc(Nc2nc(COC(=O)CCNC3=NS(=O)(=O)c4ccccc43)cs2)cc1,5.746647
1815,DECOY_1326,C[C@@H](O)CN(N)C1=NS(=O)(=O)c2ccccc21,2.8382258
1816,DECOY_1327,CNc1nc2sccn2c1S(=O)(=O)N(CCO)CCO,2.9818702
1817,DECOY_1328,Cc1cc2[nH]c(=O)c(=O)[nH]c2cc1S(=O)(=O)N1CCC[C@H](C)C1,5.294995
1818,DECOY_1329,O=C([O-])CCS(=O)(=O)N[C@@H]1CCCC[C@H]1O,4.911468
1819,DECOY_1330,CCN(CCC[NH3+])S(=O)(=O)c1cn(C)c(=O)n(C)c1=O,4.6701984
1820,DECOY_1331,CC(C)N(CCCO)S(=O)(=O)c1c(Br)cc(N)cc1Br,2.298602
1821,DECOY_1332,C[C@@H](NS(=O)(=O)c1cccs1)c1ccc(C#CCO)cc1,5.0192165
1822,DECOY_1333,O=C(Nc1sc2c(c1C(=O)NC[C@@H]1CCCO1)CCCC2)C1=CC=CN2CCS(=O)(=O)N=C12,6.9511995
1823,DECOY_1334,CCn1cc(S(=O)(=O)N[C@H]2CCC[C@H](O)C2)cc1C(=O)[O-],4.9433336
1824,DECOY_1335,CC[C@H]([NH3+])c1cccc(S(=O)(=O)N[C@H]2CCCNC2=O)c1,6.367837
1825,DECOY_1336,COc1cc([N+](=O)[O-])ccc1S(=O)(=O)NNC(=O)NCCCn1cc[nH+]c1,5.1170235
1826,DECOY_1337,Nc1nc2sccn2c1S(=O)(=O)N(CCO)CCO,1.1663188
1827,DECOY_1338,CN(C)S(=O)(=O)/N=C(\[O-])CCN1C(=O)NC2(CCCC2)C1=O,4.246108
1828,DECOY_1339,Cc1ccccc1NS(=O)(=O)c1ccc2[nH]cc(C(=O)N[C@@H]3CCC[C@H](C)[C@@H]3C)c(=O)c2c1,5.7546506
1829,DECOY_1340,Cc1n[nH]c(C)c1NS(=O)(=O)Cc1cccc(C(N)=S)c1,2.7030463
1830,DECOY_1341,Cn1cc(S(=O)(=O)N2CCN(Cc3nc(N)nc(N)n3)CC2)cc1C(N)=O,6.4867325
1831,DECOY_1342,CCc1cccc2c(C(=O)COC(=O)CCCNC3=NS(=O)(=O)c4ccccc43)c[nH]c12,5.0708456
1832,DECOY_1343,Cc1ccc(/C=C\S(=O)(=O)NNC(=O)N[C@H]2CCS(=O)(=O)C2)cc1,7.274371
1833,DECOY_1344,CS(=O)(=O)NCC[C@@H]1CCCCN1C(=O)c1csc(N)n1,5.77711
1834,DECOY_1345,CC1(NS(=O)(=O)c2ccc(N)cc2C#N)CCCC1,1.6201475
1835,DECOY_1346,CCN(C1CC1)S(=O)(=O)c1c(N)cccc1Cl,2.473632
1836,DECOY_1347,Cc1ccc(S(=O)(=O)NNC(=O)Cn2cc(C(F)(F)F)ccc2=O)cc1C(=O)[O-],6.3123674
1837,DECOY_1348,O=C(CCNC1=NS(=O)(=O)c2ccccc21)NNC(=O)Cc1c[nH]c2ccccc12,5.132811
1838,DECOY_1349,CC[C@H](C)[C@@H](C)NS(=O)(=O)c1cc(Br)cnc1NN,4.7006392
1839,DECOY_1350,Cc1ccc(N)c(S(=O)(=O)N2CCC[C@@H]2C)c1C,0.80586755
1840,DECOY_1351,Cc1n[nH]c(C)c1S(=O)(=O)N1CCC(CO)(Cc2ccccc2C(F)(F)F)CC1,6.309195
1841,DECOY_1352,C[C@@H](CC#N)N(C)S(=O)(=O)c1ccc(N)cc1Br,2.8104138
1842,DECOY_1353,CCn1cc(NS(=O)(=O)c2ccc(CC[NH3+])s2)cn1,3.6723604
1843,DECOY_1354,O=C([O-])CCn1cc(S(=O)(=O)NCc2nccs2)cn1,5.690034
1844,DECOY_1355,C[C@H]1CCc2c(sc(NC(=O)[C@@H]3CCCCN3S(=O)(=O)c3cccs3)c2C(N)=O)C1,6.7644815
1845,DECOY_1356,Cc1n/c(=N/S(=O)(=O)c2ccc(Oc3ccc([S@](=O)([O-])=Nc4n[nH]c(C)n4)cc3)cc2)[nH][n-]1,4.638928
1846,DECOY_1357,O=S(=O)(NC1(CO)CCCC1)N1CCc2ccccc2C1,3.0557694
1847,DECOY_1358,C[C@H]1CCCC[C@@]1(NS(=O)(=O)CCS(C)(=O)=O)C(=O)[O-],5.174348
1848,DECOY_1359,NC(=O)CC1CCN(S(=O)(=O)c2ccc(C(=O)[O-])o2)CC1,6.3782477
1849,DECOY_1360,Cc1c[nH]c(C[N@H+]2C[C@@H]3CN(S(C)(=O)=O)C[C@]3(C(=O)[O-])C2)n1,2.7046292
1850,DECOY_1361,CC1=C(S(=O)(=O)NN)[C@@H](C)N=N1,7.418732
1851,DECOY_1362,CC1=C2C(=O)N=C(SCC(=O)Nc3ccc(S(=O)(=O)NCCO)cc3)N=C2S[C@@H]1C(=O)[O-],7.9244294
1852,DECOY_1363,CS(=O)(=O)N[n+]1ccccc1C1=CC(CF)(CF)Oc2ccc([N+](=O)[O-])cc21,5.5882773
1853,DECOY_1364,C[C@@H]1CN(S(=O)(=O)/N=c2/ccc(C(=O)[O-])c[nH]2)C[C@@H](C)O1,4.5041924
1854,DECOY_1365,C[C@H](CN1CCCC1=O)NS(=O)(=O)Cc1cccc(N)c1,4.8827367
1855,DECOY_1366,Nc1cc2c(cc1NS(=O)(=O)c1ccc(Br)s1)OCCO2,3.795204
1856,DECOY_1367,CCn1cc(S(=O)(=O)N2CCCc3ccccc32)c(N)n1,3.6321862
1857,DECOY_1368,O=S(=O)(Nc1cccc2cn[nH]c12)N1CCNCC1,4.630893
1858,DECOY_1369,Cc1cc2c(cc1S(=O)(=O)N1CCC[C@H](C(=O)N(Cc3ccco3)C3CCCC3)C1)OCC(=O)N2,7.4714007
1859,DECOY_1370,O=C([C@H]1C[C@H](c2ccccc2O)C2=[N+]1Cc1ccccc1N2)N([O-])S(=O)(=O)Oc1ccccc1,1.9884953
1860,DECOY_1371,CC(C)c1nn(C[NH+]2CCN(S(=O)(=O)N3C[C@@H](C)O[C@H](C)C3)CC2)c(=S)[nH]1,6.2421436
1861,DECOY_1372,Cc1ccc(C#CCO)cc1S(=O)(=O)N(CCO)CCO,1.3600413
1862,DECOY_1373,C[C@H]1CCCN(S(=O)(=O)NCc2ccccc2N)C1,4.788495
1863,DECOY_1374,Nc1cc(F)ccc1S(=O)(=O)N(CCO)C1CCCC1,0.33088824
1864,DECOY_1375,C[N@@H+](CCNS(=O)(=O)c1c(NN)nc2sccn12)C1CC1,1.8953003
1865,DECOY_1376,CC[NH+](CC)C[C@H](C)NS(=O)(=O)c1c[nH]nc1N,2.0239768
1866,DECOY_1377,Cc1ccc(CNS(=O)(=O)c2sc(=O)[nH]c2C)s1,5.6163073
1867,DECOY_1378,N#Cc1cccc(C(=O)N2CCCN(CC3=NS(=O)(=O)c4cc(-c5cccs5)ccc4N3)CC2)c1,7.219771
1868,DECOY_1379,O=C1NC(=S)N=C([O-])/C1=C/NNS(=O)(=O)c1cccc([N+](=O)[O-])c1,6.2043543
1869,DECOY_1380,CS(=O)(=O)NCC[NH2+][C@H]1CC(=O)N(C2CCCCC2)C1=O,2.4061959
1870,DECOY_1381,Cc1ccc(NS(=O)(=O)c2ccc3[nH]c(=O)c(=O)[nH]c3c2)c(C(=O)[O-])c1,5.667982
1871,DECOY_1382,CCN([C@H]1CC[N@H+](Cn2nc(C3CC3)n(C)c2=S)CC1)S(C)(=O)=O,0.8957095
1872,DECOY_1383,CCn1c(CNC(=O)c2cc(S(=O)(=O)N3CCCC3)cn2C)n[nH]c1=S,5.4230647
1873,DECOY_1384,C[C@@]([NH3+])(CCN1CCN(S(C)(=O)=O)CC1)C(N)=O,4.982118
1874,DECOY_1385,NC(=O)CC[C@@H]1CCCN(S(=O)(=O)c2cc(Cl)sc2Cl)C1,6.537133
1875,DECOY_1386,CN([C@H]1CC[C@@H](C)CC1)S(=O)(=O)c1c[nH]nc1N,1.6907613
1876,DECOY_1387,C[C@H]1CCC[C@@H](N(C)S(=O)(=O)c2cnc(N)nc2)C1,2.3164485
1877,DECOY_1388,C[NH2+]C[C@@H](O)CN1C(=O)c2cc([N+](=O)[O-])ccc2S1(=O)=O,4.298199
1878,DECOY_1389,C[C@@H](c1cccc(Cl)c1)N(C)S(=O)(=O)c1ccc(C[NH3+])s1,5.9093604
1879,DECOY_1390,CS(=O)(=O)CC[C@H]([NH3+])C(=O)N1CCN(S(C)(=O)=O)CC1,0.7086387
1880,DECOY_1391,Cc1n[nH]c(C)c1S(=O)(=O)NC1(C#N)CCCC1,1.1408676
1881,DECOY_1392,CCNC(=S)NNC(=O)[C@@H]1CCCN(S(C)(=O)=O)C1,4.7937555
1882,DECOY_1393,Cc1noc(C)c1S(=O)(=O)N[C@]1(C(=O)[O-])CCC[C@@H](C)C1,3.3971095
1883,DECOY_1394,C[C@@H](NC1=NS(=O)(=O)c2ccccc21)C(=O)N1CCN(S(=O)(=O)c2ccccc2C#N)CC1,7.375951
1884,DECOY_1395,O=C(CCN(NC(=O)c1cccc2ccccc12)C1=NS(=O)(=O)c2ccccc21)NC1CCCCC1,3.9106505
1885,DECOY_1396,CC(C)S(=O)(=O)N(C(=O)[C@H]1CC(Cc2ccccc2)=C2Nc3ccccc3C[N@@H+]21)S(=O)(=O)C(C)C,3.6951332
1886,DECOY_1397,CC(C)NS(=O)(=O)c1ccc(NNC(=O)N[C@H]2CC[N@H+](C3CC3)CC2)nc1,6.4273896
1887,DECOY_1398,C[C@H](NC1=NS(=O)(=O)c2ccccc21)C(=O)OCC(=O)Nc1c(Cl)cccc1C(F)(F)F,5.693381
1888,DECOY_1399,CCS(=O)(=O)NCCNC(=O)NC[C@H](O)c1ccc(Cl)cc1,5.1353602
1889,DECOY_1400,Cc1ccc(N)c(C)c1S(=O)(=O)NC[C@H]1CCCO1,2.0741825
1890,DECOY_1401,O=S1(=O)N=C([N-]NC2=NS(=O)(=O)c3ccccc32)c2ccccc21,5.33617
1891,DECOY_1402,CCOc1ccccc1[C@@H]1Nc2ccccc2S(=O)(=O)N1,4.9113965
1892,DECOY_1403,Cc1cccc(N)c1S(=O)(=O)N(C)Cc1ccc(O)cc1,5.203981
1893,DECOY_1404,CS(=O)(=O)CCS(=O)(=O)N1C[C@H](CC[NH3+])c2ccccc21,6.0249367
1894,DECOY_1405,C[C@H]1CC[C@H](NS(=O)(=O)c2cc(Br)cnc2N)CC1,5.6204414
1895,DECOY_1406,Cc1cc/c(=N/S(=O)(=O)c2ccc(=O)[nH]c2)[nH]c1,2.984151
1896,DECOY_1407,O=S(=O)(Nc1ccc(-c2ccccc2O)cc1N1CC[NH2+][C@@H]([O-])C1)c1ccccc1O,6.4540043
1897,DECOY_1408,COc1ccc(CC(=O)[O-])cc1S(=O)(=O)NNC(=O)c1cc2c(s1)CCCCCC2,7.5115814
1898,DECOY_1409,CCn1cc(NS(=O)(=O)c2c[nH]c(C(=O)[O-])c2)ccc1=O,5.2272596
1899,DECOY_1410,Nc1cc(Br)cc(Br)c1S(=O)(=O)N[C@@H]1CCCC[C@H]1O,5.5433207
1900,DECOY_1411,Cc1cc(C)c(S(=O)(=O)NNC(=O)c2cn(C)c3ccccc23)c(C)c1NS(C)(=O)=O,6.5059767
1901,DECOY_1412,C[C@@H](NS(=O)(=O)c1ccc(N)cc1F)c1nncn1C,4.571592
1902,DECOY_1413,Nc1ccc(C(=O)[O-])c(NS(=O)(=O)N2CCCC2)c1,4.31382
1903,DECOY_1414,Cc1n[nH]c(C)c1S(=O)(=O)N[C@]1(C[NH3+])CC[C@@H](C)CC1,3.1161315
1904,DECOY_1415,O=C1CN(S(=O)(=O)c2cc(C(=O)[O-])oc2Br)CCN1,6.424318
1905,DECOY_1416,CC[C@H]1Oc2ccc(S(=O)(=O)N3CCN(C(=O)c4cncc(Br)c4)CC3)cc2NC1=O,7.4175844
1906,DECOY_1417,Cc1cc(C)c(S(=O)(=O)NNC(=O)NC(C)C)c(C)c1N=[S@@](C)(=O)[O-],6.465617
1907,DECOY_1418,Cc1ccc(/C=C/S(=O)(=O)NCC(=O)NNC(=O)NC(C)C)cc1,7.0731087
1908,DECOY_1419,Cc1ccc/c(=N/S(=O)(=O)c2cnc(N)nc2)[nH]1,4.843976
1909,DECOY_1420,Cc1ccc(NS(=O)(=O)c2cn[nH]c2)c(C#CC[NH3+])c1,5.6261463
1910,DECOY_1421,CS(=O)(=O)c1ccccc1S(=O)(=O)N1CC[C@H]([NH+]2CCCC2)C1,2.5929198
1911,DECOY_1422,C[C@@H](CS(=O)(=O)N1CC[NH2+]CC1)C(=O)NC[C@H]1CCCO1,3.6113436
1912,DECOY_1423,CNc1nc2sccn2c1S(=O)(=O)N[C@H]1CC[C@H](O)CC1,5.3315315
1913,DECOY_1424,Cc1n[nH]c(C)c1S(=O)(=O)NC1(C(=O)[O-])CCCCCC1,3.763461
1914,DECOY_1425,CCS(=O)(=O)[C@H]1NN[C@@H]([C@H](Cc2ccccc2)NS(=O)(=O)c2ccc3nc([O-])oc3c2)O1,6.7978187
1915,DECOY_1426,Nc1ccc(F)c(S(=O)(=O)NC[C@@H]2CCCCO2)c1,4.1611147
1916,DECOY_1427,C=CCNC(=O)[C@@H]1CCCN(S(=O)(=O)c2c(C)[nH]c(=O)[nH]c2=O)C1,6.618813
1917,DECOY_1428,Cc1cc(CNS(=O)(=O)c2cc(N)cs2)on1,5.8109946
1918,DECOY_1429,O=S(=O)([O-])Nc1ccc(S(=O)(=O)Oc2ccccc2)cc1N1CC[NH2+][C@H](c2ccccc2O)C1,6.9503703
1919,DECOY_1430,CCOc1cc(NC(C)=O)ccc1C(=O)NNS(=O)(=O)c1cccc(CC(=O)[O-])c1,7.2572045
1920,DECOY_1431,CCn1cnc(S(=O)(=O)N2CCC[C@H](C(=O)N3CCN(c4cccc[nH+]4)CC3)C2)c1,3.015652
1921,DECOY_1432,CC(C)[C@H](NC1=NS(=O)(=O)c2ccccc21)C(=O)Nc1ccc(N2CCNC(=O)C2)nc1,6.6770735
1922,DECOY_1433,COC[C@H](O)CN(C)S(=O)(=O)c1cncc(C#CC[NH3+])c1,5.4322896
1923,DECOY_1434,Cc1cc(C)c(NC(=O)[C@@H]2CCCN(S(=O)(=O)c3c(C)noc3/C=C/c3cc(C)ccc3C)C2)c(C)c1,7.909912
1924,DECOY_1435,Nc1ncc(S(=O)(=O)N2CCN(C=O)CC2)cc1[N+](=O)[O-],6.572858
1925,DECOY_1436,Cc1noc(C)c1S(=O)(=O)N1CCC[C@@H](C(=O)NCC(C)(C)[NH+](C)C)C1,2.5967226
1926,DECOY_1437,Cc1nn(C)c(C)c1[C@H](C)NS(=O)(=O)c1cn(C)c(=O)n(C)c1=O,1.1497835
1927,DECOY_1438,CC1=N[C@H]2SC=CN2C(=O)[C@H]1NS(=O)(=O)c1ccc2[nH]c(=O)oc2c1,6.034167
1928,DECOY_1439,Cc1ccc(NS(=O)(=O)c2cn[nH]c2C)c(C#CC[NH3+])c1,5.616705
1929,DECOY_1440,C[C@@H](C[NH+]1CCCC1)NS(=O)(=O)c1cc(Cl)cc(N)c1Br,4.0630236
1930,DECOY_1441,Cc1nnc(N2CCN(S(C)(=O)=O)CC2)c(C[NH3+])c1C,1.0480427
1931,DECOY_1442,Cc1cc(N=[S@@](=O)([O-])CCNS(=O)(=O)c2c(C)noc2C)no1,3.1736057
1932,DECOY_1443,O=C1CCc2cc(S(=O)(=O)N[C@@H]3C[C@H]3c3cccc(F)c3)c(F)cc2N1,6.4422965
1933,DECOY_1444,Cc1n[nH]c(C)c1S(=O)(=O)N[C@H]1CCSc2ccccc21,3.072008
1934,DECOY_1445,COc1cc(N2C[C@@H](CNS(=O)(=O)c3cc([N+](=O)[O-])ccc3C)OC2=O)cc(OC)c1OC,4.476741
1935,DECOY_1446,COc1cc(C[NH2+]CC(C)(C)NS(C)(=O)=O)cc(Cl)c1OC,4.938333
1936,DECOY_1447,Cc1[nH]ncc1S(=O)(=O)N[C@@H]1CCCC[C@H]1O,4.9630313
1937,DECOY_1448,COc1ccc(-c2c(C(=O)NCc3ccc(C)o3)nn3c(C)cc(C)nc23)cc1S(=O)(=O)N1CCCC1,5.6565137
1938,DECOY_1449,Nc1n[nH]cc1S(=O)(=O)N[C@@H]1CCOc2ccccc21,3.6907241
1939,DECOY_1450,CC(CO)(CO)N1CNC(=NS(=O)(=O)c2cccc3nsnc23)NC1,2.4751887
1940,DECOY_1451,Cc1n[nH]c(C)c1S(=O)(=O)N[C@@H](C(=O)[O-])C1CCCCC1,5.2963786
1941,DECOY_1452,O=C(NNS(=O)(=O)c1cc2c(c(C(=O)[O-])c1)OCCO2)NC1CCCC1,5.126098
1942,DECOY_1453,Cc1c(C(=O)[O-])sc(S(=O)(=O)N2CC[NH2+]CC2)c1C(=O)[O-],4.6115875
1943,DECOY_1454,CCn1cc(S(=O)(=O)NCc2nncn2C)cc1C(=O)[O-],5.2442207
1944,DECOY_1455,CCN(C1CC1)S(=O)(=O)c1c(C)nn(Cc2nc(N)nc(N)n2)c1C,2.17626
1945,DECOY_1456,C=CCNC(=O)c1ccccc1NC(=O)[C@@H]1CCCN(C2=NS(=O)(=O)c3ccccc32)C1,5.565096
1946,DECOY_1457,CCC[C@H]1NC(C)=C2C(=O)NC(c3cc(S(=O)(=O)N4CCN(CC)CC4)ccc3OCC)=NN21,6.2271395
1947,DECOY_1458,Cc1[nH]c(=O)sc1S(=O)(=O)N[C@H]1CCCc2c1cnn2C,0.34109628
1948,DECOY_1459,CS(=O)(=O)NCCCNC(=O)Nc1cc(C(N)=O)ccc1N1CCCCC1,6.2513494
1949,DECOY_1460,CCn1ncc(NS(=O)(=O)c2cnn(C)c2)c1C(=O)Nc1cnn(C)c1C,5.5941997
1950,DECOY_1461,C[C@H]1CN(S(=O)(=O)[C@@H]2CCC[NH2+]C2)C[C@H](C)O1,0.53683114
1951,DECOY_1462,CCS(=O)(=O)N1CCNC(=O)[C@H]1c1cccc(Cl)c1,3.9381757
1952,DECOY_1463,CS(=O)(=O)N1CCC(Oc2ccc(C(=O)N3CC[NH+](CCO)CC3)cc2Cl)CC1,8.454502
1953,DECOY_1464,CCC1(CC)CCN(S(=O)(=O)c2cc(Br)cnc2N)CC1,3.6292858
1954,DECOY_1465,Cc1cc(C)c(C)c(S(=O)(=O)N2CCC(C(=O)[n+]3ccccc3NC(C)C)CC2)c1C,3.1773014
1955,DECOY_1466,CC(C)S(=O)(=O)n1c2c(c3ncc(O)cc3c1=O)N[C@H](c1ccccc1O)CC2=O,1.0905731
1956,DECOY_1467,CN(CC(=O)NNC(=O)NC[C@@H]1CCCO1)C1=NS(=O)(=O)c2ccccc21,4.5519257
1957,DECOY_1468,C[C@@H](Cc1cnccn1)NS(=O)(=O)c1sc2c(c1C(=O)[O-])CC[NH2+]C2,6.929981
1958,DECOY_1469,Cc1cccc2sc(NS(=O)(=O)CCNC(=O)[C@@H]3CC(=O)N(c4ccc(Cl)cc4)C3)nc12,6.060416
1959,DECOY_1470,O=S(=O)(N[C@H]1CC[N@H+]2CCCC[C@H]12)c1cc(Br)ccc1Br,1.9239469
1960,DECOY_1471,COC[C@@H](O)CN(C)S(=O)(=O)c1cc(N)cc(C)c1C,4.528616
1961,DECOY_1472,Nc1cc(S(=O)(=O)N[C@H]2CC[N@@H+](C3CC3)C2)c(F)cc1F,5.7009435
1962,DECOY_1473,COc1ccccc1CNS(=O)(=O)C1=CN=C(c2nnc(C(=O)N3CCCC3)o2)C1,6.409551
1963,DECOY_1474,CCNc1ncc(Br)cc1S(=O)(=O)NC[C@H](C)COC,4.758607
1964,DECOY_1475,NC(=O)NC(=O)CN1C(=O)c2ccc(N)cc2S1(=O)=O,4.5008197
1965,DECOY_1476,CS(=O)(=O)N[C@H]1CCCN(C(=O)Cc2csc(N)n2)C1,6.746089
1966,DECOY_1477,CCNC(=O)NC(=O)Cn1cc(S(=O)(=O)N(CC)CC)ccc1=O,1.8785008
1967,DECOY_1478,CCOc1c(C)cc(S(=O)(=O)NC[C@@H](c2ccc3c(c2)CCCN3C)[NH+]2CCCCC2)cc1C,6.5362816
1968,DECOY_1479,CC1(C)CCN(S(=O)(=O)Cc2ccccc2C(N)=S)CC1,4.1485624
1969,DECOY_1480,CO[C@H]1C[NH2+]C[C@H]1NS(=O)(=O)N1C[C@@H](C)O[C@@H](C)C1,2.5106735
1970,DECOY_1481,O=C([O-])Cc1cs/c(=N\S(=O)(=O)[C@@H]2CCS(=O)(=O)C2)[nH]1,6.14137
1971,DECOY_1482,CN(C)S(=O)(=O)c1cc(NCc2ccsc2)cc(C(=O)Nc2ccc3cn[nH]c3c2)c1,6.6472206
1972,DECOY_1483,Cn1cc(S(=O)(=O)/N=C(\[O-])c2ccc(-c3ccco3)[nH]c2=O)cn1,5.777177
1973,DECOY_1484,O=C1C[C@@H](Cl)Nc2c1n(S(=O)(=O)Oc1ccccc1)c(=O)c1cc(-c3ccccc3O)cnc21,5.8804417
1974,DECOY_1485,CC(C)S(=O)(=O)C1=C2Nc3ccccc3C[N@@H+]2[C@H](C(=O)N(Cl)S(=O)(=O)Oc2ccccc2)C1,4.027826
1975,DECOY_1486,CS(=O)(=O)N1CCN([C@@H](C[NH3+])c2cc(Br)c(Br)o2)CC1,2.2064738
1976,DECOY_1487,C[C@H](NS(=O)(=O)c1cc(N)cc(Cl)c1F)c1ccccn1,4.96832
1977,DECOY_1488,CC[C@@H]([NH3+])[C@@H](c1cnn(C)c1)N1CCN(S(C)(=O)=O)CC1,0.84857744
1978,DECOY_1489,Cc1[nH]ncc1S(=O)(=O)NC1(/C(N)=N/O)CCCC1,0.95797646
1979,DECOY_1490,C[C@@H]1C[C@@H](C)CN(S(=O)(=O)c2c(NN)nc3sccn23)C1,3.7684793
1980,DECOY_1491,Cc1n[nH]c(C)c1S(=O)(=O)N[C@@]1(C(=O)[O-])CCCC[C@@H]1C,0.98099506
1981,DECOY_1492,O=C(NC[C@@H]1CCCO1)NNS(=O)(=O)c1cc(Cl)sc1Cl,6.6957464
1982,DECOY_1493,Cc1cccc(C)c1OC[C@@H](O)C[NH2+]CCNS(C)(=O)=O,5.2831287
1983,DECOY_1494,CN1CC([O-])=N/C1=N\C(=O)CN1C(=O)[C@@H]2CCCCN2c2ccc(S(=O)(=O)N(C)C)cc21,5.86034
1984,DECOY_1495,Cc1ccc([C@@H]2Nn3c(nc(CN4CCN(S(=O)(=O)c5c[nH]cn5)CC4)cc3=O)S2)cc1,7.9795785
1985,DECOY_1496,C[C@H]1CC=C(C2=NN=C(C(=O)N3CCN(S(=O)(=O)c4cc(C(N)=O)n(C)c4)CC3)C2)S1,8.04903
1986,DECOY_1497,CC(C)OCCCNS(=O)(=O)c1cc(C(=O)NN)n(C)c1,4.7916017
1987,DECOY_1498,CCCS(=O)(=O)NCc1c(C(=O)[O-])[nH]c2cc(C)cc(C)c12,4.660374
1988,DECOY_1499,CN(C)S(=O)(=O)N1CCN(C(=O)[C@@H]2C[C@@H](O)C[NH2+]2)CC1,2.6976452
1989,DECOY_1500,Cc1cc(-c2nnc(NC(=O)[C@H]3CCCN(S(C)(=O)=O)C3)o2)nn1C,5.8201084
1990,DECOY_1501,Cc1nn(CC(=O)N2CCCC2)c(C)c1S(=O)(=O)N1CCC[C@@H](C(=O)Nc2nccs2)C1,7.9749503
1991,DECOY_1502,C[C@@H](CCc1ccco1)NS(=O)(=O)c1c(N)cccc1F,4.651942
1992,DECOY_1503,CCN(CC)S(=O)(=O)c1ccc(N2CC[NH+](CC)CC2)c(N)c1,5.659027
1993,DECOY_1504,Nc1ncc(Br)cc1S(=O)(=O)NCCC(=O)NC[C@H]1CCCO1,5.6925273
1994,DECOY_1505,CCCCNC(=O)NNC(=O)CCNC1=NS(=O)(=O)c2ccccc21,5.3788586
1995,DECOY_1506,CC[C@H](C)NS(=O)(=O)c1ccc2c(c1)[C@H]1C=CC[C@H]1[C@@H](c1cc([N+](=O)[O-])ccc1O)N2,6.319458
1996,DECOY_1507,O=S(=O)(c1cccc2c1CCNC2)N1CC[C@H](O)C1,5.7134886
1997,DECOY_1508,CCN(C1CC1)S(=O)(=O)c1c(NN)nc2ccccn12,1.2148443
1998,DECOY_1509,CC[NH2+]C[C@@H](C)C(=O)N1CCC[C@@H](CNS(N)(=O)=O)C1,6.6486077
1999,DECOY_1510,Cc1ccc(N2C[C@H](C(=O)NCCS(N)(=O)=O)CC2=O)c(F)c1,6.62004
2000,DECOY_1511,Cn1cc(S(=O)(=O)N2CC[C@H](C(=O)[O-])C2)cc1C(N)=O,5.269819
2001,DECOY_1512,CC(=O)N[C@@H](CC1=c2ccccc2=[NH+]C1)C(=O)N1CCCN(S(C)(=O)=O)CC1,6.188335
2002,DECOY_1513,CS(=O)(=O)N1CCCC[C@@H]1C(=O)N[C@]1(C(=O)[O-])CCSC1,6.0843387
2003,DECOY_1514,COC(=O)c1cc(S(=O)(=O)NCc2nnn[n-]2)c(Br)s1,0.10202611
2004,DECOY_1515,CC[C@H]1CCCC[C@H]1NS(=O)(=O)c1ccc(N)cc1C#N,1.2314188
2005,DECOY_1516,Cc1nn(CC(=O)NC(C)(C)C)c(C)c1S(=O)(=O)N1CCC[C@H](C(=O)N2CCc3ccccc3C2)C1,8.335056
2006,DECOY_1517,CCC[C@@H](C)NS(=O)(=O)c1ccc(C)cc1C#CC[NH3+],4.5636725
2007,DECOY_1518,O=C([O-])C1CCN(S(=O)(=O)c2cc([N+](=O)[O-])ccc2NC[C@@H](O)c2ccc([N+](=O)[O-])cc2)CC1,5.759075
2008,DECOY_1519,C[C@H](O)CN(C)S(=O)(=O)N1CCc2ccccc2C1,3.0263991
2009,DECOY_1520,O=C([O-])Cc1ccc(S(=O)(=O)NCc2cn[nH]c2)s1,6.8825293
2010,DECOY_1521,Nc1ccc(F)c(S(=O)(=O)N2CCC[C@@H]2C2CCCC2)c1,2.235372
2011,DECOY_1522,CC(C)(NS(=O)(=O)c1ccc(C(=O)[O-])s1)C(N)=O,6.8001633
2012,DECOY_1523,C[C@H](NS(=O)(=O)/C=C/c1ccccc1)C(=O)NNC(=O)[C@H]1COc2ccccc2O1,5.9481044
2013,DECOY_1524,CN(C(=O)CNS(C)(=O)=O)[C@H]1CC[N@H+](C2CCOCC2)CC1,1.0046018
2014,DECOY_1525,C[C@H](C/C(N)=N/O)N(C)S(=O)(=O)C1CCS(=O)(=O)CC1,6.698305
2015,DECOY_1526,CS(=O)(=O)NCCNS(=O)(=O)c1c(N)nc2sccn12,5.3792434
2016,DECOY_1527,CCc1ccc(N)cc1S(=O)(=O)/N=c1\[nH]cccc1C,0.87705636
2017,DECOY_1528,Cc1cc(N)ccc1S(=O)(=O)N1CC[NH+](CC2CC2)CC1,5.804261
2018,DECOY_1529,Cn1cc(S(=O)(=O)N[C@H](C(N)=S)C2CCCCC2)cn1,5.8268948
2019,DECOY_1530,CC(C)(CS(=O)(=O)N1CC[NH2+]CC1)C(=O)NC[C@H]1CCCO1,1.7954099
2020,DECOY_1531,CCN(CC)C(=O)CCNS(=O)(=O)c1[nH]ncc1C(=O)[O-],4.925559
2021,DECOY_1532,C[C@@H]1CCCC[C@@H]1NS(=O)(=O)c1cc2c(cc1F)NC(=O)CC2,5.8938975
2022,DECOY_1533,Nc1cc(Cl)cc(S(=O)(=O)NCCCS(N)(=O)=O)c1Br,5.587174
2023,DECOY_1534,Nc1cc(Br)c(S(=O)(=O)N2CCC[C@H](CO)C2)c(Br)c1,6.622301
2024,DECOY_1535,CS(=O)(=O)NCC[C@@H]1CCCCN1C(=O)c1n[nH]cc1N,5.545883
2025,DECOY_1536,C=CCNC(=O)NC(=O)COC(=O)c1cc2c(cc1Cl)N1CCCCCC1=NS2(=O)=O,4.9099455
2026,DECOY_1537,CC[C@H]1CCCC[C@@H]1NS(=O)(=O)c1ccnc(NN)c1,3.9611425
2027,DECOY_1538,C[C@@H](OC(=O)CN1C(=O)c2ccccc2S1(=O)=O)C(=O)NC(=O)NC1CC1,1.7704978
2028,DECOY_1539,CS(=O)(=O)N1CCc2cc(C(=O)Nc3cc4c(cc3C(=O)[O-])OCCCO4)ccc21,4.4037976
2029,DECOY_1540,O=C(Cn1cc(C(F)(F)F)ccc1=O)NNS(=O)(=O)c1cc(C(=O)[O-])ccc1Br,6.199424
2030,DECOY_1541,CC[N@H+](C)CCNS(=O)(=O)c1ccc([N+](=O)[O-])cc1NN,5.083349
2031,DECOY_1542,C[C@@H]1CCc2c(sc(NC(=O)[C@H]3CCCN3S(=O)(=O)c3ccc(Cl)s3)c2C(N)=O)C1,6.984691
2032,DECOY_1543,CS(=O)(=O)N1CC[NH2+]C[C@@H]1C(=O)N[C@@H](CC1CCCCC1)C(N)=O,6.584101
2033,DECOY_1544,CCOc1ccc([C@@H]2C(C#N)=C(N)OC3=C2S(=O)(=O)N(Cc2ccccc2C)c2ccccc23)cc1,6.7385435
2034,DECOY_1545,Cn1cc(S(=O)(=O)/N=c2\cc[nH]cc2N)c(=O)n(C)c1=O,3.8275237
2035,DECOY_1546,[NH3+][C@@H]1CCC[C@H]1NS(=O)(=O)c1ccc(Cl)cc1[N+](=O)[O-],1.4646891
2036,DECOY_1547,CCO[C@@H]1C[C@@H](C(=O)N([O-])S(=O)(=O)Oc2ccccc2)[N+]2=C1Nc1ccccc1C2,2.1039896
2037,DECOY_1548,CC[C@](C)(NS(=O)(=O)c1ccc(Br)s1)/C(N)=N/O,1.1687722
2038,DECOY_1549,Cc1cc(N)c(S(=O)(=O)NC[C@@H]2CCCO2)cc1C,4.420973
2039,DECOY_1550,CC[C@@H]1Oc2ccc(S(=O)(=O)N3CCN(C(=O)c4ccccc4Br)CC3)cc2NC1=O,5.029091
2040,DECOY_1551,CC(C)[C@@H](C[NH+](C)C)NS(=O)(=O)c1cc(Cl)cc(N)c1Br,3.2299736
2041,DECOY_1552,C[C@@H]1CCCN(S(=O)(=O)c2ccc(NCCCN3C(=O)NC4(CCCC4)C3=O)c([N+](=O)[O-])c2)C1,6.2953916
2042,DECOY_1553,O=S(=O)(/N=C(\[O-])c1nc2ncc(Br)cn2n1)N1CCCC1,4.9322987
2043,DECOY_1554,Cc1cc(CS(=O)(=O)N2CCCc3cc(N)ccc32)no1,3.8770232
2044,DECOY_1555,COc1ccc(C(=O)[O-])cc1S(=O)(=O)NNC(=O)NC1CCCC1,5.6695333
2045,DECOY_1556,O=c1[nH]c2ccc(S(=O)(=O)NC[C@H](c3ccco3)S(=O)(=O)c3ccc4c(c3)OCO4)cc2o1,6.7063546
2046,DECOY_1557,Cc1nn([C@H]2CCS(=O)(=O)C2)c(C)c1CN(C)C(=O)CNC1=NS(=O)(=O)c2ccccc21,4.140576
2047,DECOY_1558,C[C@@](NC(=O)N1CCN(S(C)(=O)=O)CC1)(C(=O)[O-])C1CC1,4.5919766
2048,DECOY_1559,CS(=O)(=O)Nc1ccsc1C(=O)OCC(=O)NCC(F)(F)F,4.2238684
2049,DECOY_1560,O=C(CCNC1=NS(=O)(=O)c2ccccc21)OCC(=O)C1=NC=CC1,4.2845783
2050,DECOY_1561,Cc1nc(S(=O)(=O)NCCC(=O)N2CSC[C@@H]2C(=O)N(C)C)cn1C,1.134016
2051,DECOY_1562,CCCS(=O)(=O)Nc1ccc(C)n(CC(=O)NC[C@@H]2CCc3nc(N)sc3C2)c1=O,6.044541
2052,DECOY_1563,Cc1ccc2c(c1)S(=O)(=O)N=C(NC[C@@H]1CCCO1)N2,5.6750765
2053,DECOY_1564,Cc1ccc(S(=O)(=O)Oc2ccc(S(=O)(=O)N3CCCC3)cc2C(N)=O)cc1C(=O)[O-],6.196589
2054,DECOY_1565,CNc1ncc(Br)cc1S(=O)(=O)N[C@@H](C)c1cccs1,4.665386
2055,DECOY_1566,COC(=O)c1c(S(=O)(=O)Nc2ccccc2)sc2c1CCN(C(=O)c1cc3ccccc3[nH]1)C2,4.4506607
2056,DECOY_1567,CCCS(=O)(=O)N1CCC(c2nc([O-])c3nnn(Cc4ccc(Cl)cc4Cl)c3n2)CC1,6.2671833
2057,DECOY_1568,CC[C@@H](C)N(C)S(=O)(=O)c1cc(N)cc(C)c1C,0.39425957
2058,DECOY_1569,CCOC(=O)NC(=O)c1c(NC(=O)[C@H]2CCCN(S(=O)(=O)c3cccs3)C2)sc2c1CCC2,6.4275365
2059,DECOY_1570,C[C@@H](Cn1cc[nH+]c1)NC(=O)NCCS(=O)(=O)N1C[C@H](C)O[C@@H](C)C1,3.0078506
